{"type": "FeatureCollection", "features": [{"type": "Feature", "id": 1, "geometry": {"type": "Point", "coordinates": [-77.54738364268533, 38.77774163514069]}, "properties": {"OBJECTID": 1, "GlobalID": "{576962EA-D255-464A-9AFD-C96A2AB6EFE4}", "GPIN": "7596-47-5780", "BuildingName": "Iron Mountain Data Center VA-1", "PID": "P941363702", "Address": "11680 HAYDEN RD", "BuildingID": "VA1", "BuildingStatus": "Completed", "YearBuilt": 2017, "GFASource": "", "PermitCase": "BLD2017-00581", "PermitStatus": "Finaled", "GFA": 0, "DCOOD": "Yes", "OCCDate": 1506211200000, "BPGFA": 165230, "EnergovID": "18cc783b-67dd-4a38-8bda-00ea9132d778", "CreateUser": null, "CreateDate": null, "LastEditUser": "PLANNING", "LastEditDate": 1772124006000, "ApprovedGFA": null, "PermittedGFA": null, "REATaxedGFA": 165230, "PlanningCaseNumber": null, "PlanningCaseName": null, "PlanCaseEnergovID": null}}, {"type": "Feature", "id": 2, "geometry": {"type": "Point", "coordinates": [-77.54626345439776, 38.776994353487]}, "properties": {"OBJECTID": 2, "GlobalID": "{987D444C-6551-4232-A6F6-DF07290505D9}", "GPIN": "7596-57-4735", "BuildingName": "Iron Mountain Data Center VA-2", "PID": "P889929368", "Address": "11660 HAYDEN RD", "BuildingID": "VA2", "BuildingStatus": "Completed", "YearBuilt": 2019, "GFASource": "", "PermitCase": "BLD2018-04430", "PermitStatus": "Finaled", "GFA": 0, "DCOOD": "Yes", "OCCDate": 1571875200000, "BPGFA": 211000, "EnergovID": "7c6be09f-a60d-47fc-9792-1381d8d7aa45", "CreateUser": null, "CreateDate": null, "LastEditUser": "PLANNING", "LastEditDate": 1772124006000, "ApprovedGFA": null, "PermittedGFA": null, "REATaxedGFA": 325918, "PlanningCaseNumber": null, "PlanningCaseName": null, "PlanCaseEnergovID": null}}, {"type": "Feature", "id": 3, "geometry": {"type": "Point", "coordinates": [-77.54491814387595, 38.775229109284204]}, "properties": {"OBJECTID": 3, "GlobalID": "{61655ED7-BF9B-4C7E-8051-C4EB1F2E0DCC}", "GPIN": "7596-56-1578", "BuildingName": "Iron Mountain Data Center VA-3", "PID": "P127342091", "Address": "11640 HAYDEN RD", "BuildingID": "VA3", "BuildingStatus": "Completed", "YearBuilt": 2024, "GFASource": "", "PermitCase": "BLD2023-00509", "PermitStatus": "Finaled", "GFA": 0, "DCOOD": "Yes", "OCCDate": 1727222400000, "BPGFA": 304654, "EnergovID": "66b384c9-6b42-478f-a2ef-52db14750511", "CreateUser": null, "CreateDate": null, "LastEditUser": "PLANNING", "LastEditDate": 1772124006000, "ApprovedGFA": null, "PermittedGFA": null, "REATaxedGFA": 389649, "PlanningCaseNumber": null, "PlanningCaseName": null, "PlanCaseEnergovID": null}}, {"type": "Feature", "id": 4, "geometry": {"type": "Point", "coordinates": [-77.5421237987703, 38.774453105127996]}, "properties": {"OBJECTID": 4, "GlobalID": "{8D769961-AF96-4C44-B380-23E86A0D8CD4}", "GPIN": "7596-66-0725", "BuildingName": "Iron Mountain Data Center VA-4", "PID": "P308324890", "Address": "11600 HAYDEN RD", "BuildingID": "VA4", "BuildingStatus": "Completed", "YearBuilt": 2024, "GFASource": "", "PermitCase": "BLD2023-03506", "PermitStatus": "Finaled", "GFA": 0, "DCOOD": "Yes", "OCCDate": 1749600000000, "BPGFA": 182032, "EnergovID": "b5f6cf2d-da22-46e4-a5df-19141a348c0f", "CreateUser": null, "CreateDate": null, "LastEditUser": "PLANNING", "LastEditDate": 1772124006000, "ApprovedGFA": null, "PermittedGFA": null, "REATaxedGFA": 182032, "PlanningCaseNumber": null, "PlanningCaseName": null, "PlanCaseEnergovID": null}}, {"type": "Feature", "id": 5, "geometry": {"type": "Point", "coordinates": [-77.54113830457082, 38.773117860289986]}, "properties": {"OBJECTID": 5, "GlobalID": "{4FE46474-FA92-496E-9585-DF7A63B7CA56}", "GPIN": "7596-66-0725", "BuildingName": "Iron Mountain Data Center VA-5", "PID": "P820679989", "Address": "11580 HAYDEN RD", "BuildingID": "VA5", "BuildingStatus": "Completed", "YearBuilt": 2025, "GFASource": "", "PermitCase": "BLD2023-03508", "PermitStatus": "Finaled", "GFA": 0, "DCOOD": "Yes", "OCCDate": 1749600000000, "BPGFA": 220134, "EnergovID": "d6b8be7a-371a-42d7-a3bf-44062aacbb72", "CreateUser": null, "CreateDate": null, "LastEditUser": "PLANNING", "LastEditDate": 1772124006000, "ApprovedGFA": null, "PermittedGFA": null, "REATaxedGFA": 110067, "PlanningCaseNumber": null, "PlanningCaseName": null, "PlanCaseEnergovID": null}}, {"type": "Feature", "id": 6, "geometry": {"type": "Point", "coordinates": [-77.5389295374681, 38.76812006858387]}, "properties": {"OBJECTID": 6, "GlobalID": "{5FCAED8A-E600-4927-81CD-25B84893A9F6}", "GPIN": "7596-64-9220", "BuildingName": "Iron Mountain Data Center VA-6", "PID": "P220600003", "Address": "7745 WELLINGTON RD", "BuildingID": "VA6", "BuildingStatus": "Completed", "YearBuilt": 2025, "GFASource": "", "PermitCase": "BLD2023-05363", "PermitStatus": "Finaled", "GFA": 0, "DCOOD": "Yes", "OCCDate": 1750204800000, "BPGFA": 213000, "EnergovID": "57dfd424-e661-4885-bb14-0dbf269e433a", "CreateUser": null, "CreateDate": null, "LastEditUser": "PLANNING", "LastEditDate": 1772124006000, "ApprovedGFA": null, "PermittedGFA": null, "REATaxedGFA": 230706, "PlanningCaseNumber": null, "PlanningCaseName": null, "PlanCaseEnergovID": null}}, {"type": "Feature", "id": 7, "geometry": {"type": "Point", "coordinates": [-77.53995110484884, 38.77518072960275]}, "properties": {"OBJECTID": 7, "GlobalID": "{AFE87A7E-873E-4969-ABDE-A11A0A4AB4AF}", "GPIN": "7596-66-8266", "BuildingName": "Iron Mountain Data Center VA-7", "PID": "P231100000", "Address": "8330 BETHLEHEM RD", "BuildingID": "VA7", "BuildingStatus": "Completed", "YearBuilt": 2025, "GFASource": "", "PermitCase": "BLD2024-02971", "PermitStatus": "Finaled", "GFA": 0, "DCOOD": "Yes", "OCCDate": 1763510400000, "BPGFA": 290307, "EnergovID": "73076f13-ab0f-489d-80ae-dc115e5ccaee", "CreateUser": null, "CreateDate": null, "LastEditUser": "PLANNING", "LastEditDate": 1772124006000, "ApprovedGFA": null, "PermittedGFA": null, "REATaxedGFA": 290307, "PlanningCaseNumber": null, "PlanningCaseName": null, "PlanCaseEnergovID": null}}, {"type": "Feature", "id": 8, "geometry": {"type": "Point", "coordinates": [-77.54264965153239, 38.771710476514514]}, "properties": {"OBJECTID": 8, "GlobalID": "{6DE4E079-0162-4EBA-8DD9-2F6BACE448C8}", "GPIN": "7596-55-9338", "BuildingName": "Iron Mountain Data Center VA-8/9", "PID": "P250100194", "Address": "11530 ELEVATE DR 100", "BuildingID": "VA8/9", "BuildingStatus": "Planned", "YearBuilt": 0, "GFASource": "Proffer", "PermitCase": "<Null>", "PermitStatus": "Planned", "GFA": 347183, "DCOOD": "Yes", "OCCDate": null, "BPGFA": null, "EnergovID": null, "CreateUser": null, "CreateDate": null, "LastEditUser": "RFH7157A", "LastEditDate": 1776962042000, "ApprovedGFA": null, "PermittedGFA": null, "REATaxedGFA": null, "PlanningCaseNumber": null, "PlanningCaseName": null, "PlanCaseEnergovID": null}}, {"type": "Feature", "id": 9, "geometry": {"type": "Point", "coordinates": [-77.55785017486036, 38.77746894492927]}, "properties": {"OBJECTID": 9, "GlobalID": "{7C214B4A-419C-4EB9-B1B9-DA3A134B1BD3}", "GPIN": "7596-17-3979", "BuildingName": "Amazon AWS IAD-74 Manassas", "PID": "P759604457", "Address": "7070 WELLINGTON RD", "BuildingID": "IAD74", "BuildingStatus": "Completed", "YearBuilt": 2016, "GFASource": "", "PermitCase": "BLD2015-22325", "PermitStatus": "Finaled", "GFA": 0, "DCOOD": "Yes", "OCCDate": 1453420800000, "BPGFA": 146962, "EnergovID": "70394b90-e3ca-4da9-bb30-018d8e02d63d", "CreateUser": null, "CreateDate": null, "LastEditUser": "PLANNING", "LastEditDate": 1772124006000, "ApprovedGFA": null, "PermittedGFA": null, "REATaxedGFA": 148580, "PlanningCaseNumber": null, "PlanningCaseName": null, "PlanCaseEnergovID": null}}, {"type": "Feature", "id": 10, "geometry": {"type": "Point", "coordinates": [-77.55912928756163, 38.77796847753366]}, "properties": {"OBJECTID": 10, "GlobalID": "{0D4C9AA8-DBCD-4573-A4ED-FEB3591D7AA0}", "GPIN": "7596-17-3979", "BuildingName": "Amazon AWS IAD-73 Manassas", "PID": "P759604461", "Address": "7060 WELLINGTON RD", "BuildingID": "IAD73", "BuildingStatus": "Completed", "YearBuilt": 2016, "GFASource": "", "PermitCase": "BLD2015-23921", "PermitStatus": "Finaled", "GFA": 0, "DCOOD": "Yes", "OCCDate": 1469145600000, "BPGFA": 146962, "EnergovID": "cf0071fa-363f-4a3b-beda-071052c60f9e", "CreateUser": null, "CreateDate": null, "LastEditUser": "PLANNING", "LastEditDate": 1772124006000, "ApprovedGFA": null, "PermittedGFA": null, "REATaxedGFA": 148580, "PlanningCaseNumber": null, "PlanningCaseName": null, "PlanCaseEnergovID": null}}, {"type": "Feature", "id": 11, "geometry": {"type": "Point", "coordinates": [-77.55690322131125, 38.77705672834201]}, "properties": {"OBJECTID": 11, "GlobalID": "{4E307E51-41B6-416A-A8E4-F78A4566B456}", "GPIN": "7596-27-0053", "BuildingName": "South Point Phase II Building A", "PID": "P759604445", "Address": "8300 BUCKEYE TIMBER DR", "BuildingID": "A", "BuildingStatus": "Completed", "YearBuilt": 2026, "GFASource": "Proffer", "PermitCase": "BLD2024-01532", "PermitStatus": "Finaled", "GFA": 265000, "DCOOD": "Yes", "OCCDate": 1767830400000, "BPGFA": 217934, "EnergovID": "76068c8f-8f36-4545-955c-a82ff1b20573", "CreateUser": null, "CreateDate": null, "LastEditUser": "PLANNING", "LastEditDate": 1772124006000, "ApprovedGFA": null, "PermittedGFA": null, "REATaxedGFA": 217934, "PlanningCaseNumber": null, "PlanningCaseName": null, "PlanCaseEnergovID": null}}, {"type": "Feature", "id": 12, "geometry": {"type": "Point", "coordinates": [-77.55724839480997, 38.77595681488007]}, "properties": {"OBJECTID": 12, "GlobalID": "{D838802A-67AF-490E-AF5A-2D468405913D}", "GPIN": "7596-16-5979", "BuildingName": "South Point Phase II Building B", "PID": "P759604446", "Address": "8400 BUCKEYE TIMBER DR", "BuildingID": "B", "BuildingStatus": "Under Construction", "YearBuilt": null, "GFASource": "Proffer", "PermitCase": "BLD2025-00827", "PermitStatus": "Issued", "GFA": 265000, "DCOOD": "Yes", "OCCDate": null, "BPGFA": 182032, "EnergovID": "0349fdff-a072-4a32-ba6c-ddc9456ed5a6", "CreateUser": null, "CreateDate": null, "LastEditUser": "RFH7157A", "LastEditDate": 1770006872000, "ApprovedGFA": null, "PermittedGFA": null, "REATaxedGFA": null, "PlanningCaseNumber": null, "PlanningCaseName": null, "PlanCaseEnergovID": null}}, {"type": "Feature", "id": 13, "geometry": {"type": "Point", "coordinates": [-77.53979469232198, 38.7801836197011]}, "properties": {"OBJECTID": 13, "GlobalID": "{154D5DEA-E592-430C-94CA-A8B2F1DD1F5F}", "GPIN": "7596-58-8732", "BuildingName": "Amazon Bethlehem Technology Park DC23", "PID": "P829322953", "Address": "8190 BETHLEHEM RD", "BuildingID": "DC23", "BuildingStatus": "Completed", "YearBuilt": 2020, "GFASource": "", "PermitCase": "BLD2018-03269", "PermitStatus": "Finaled", "GFA": 0, "DCOOD": "Yes", "OCCDate": 1589414400000, "BPGFA": 147530, "EnergovID": "d322f058-6c40-4065-8e7a-a902216fa7bd", "CreateUser": null, "CreateDate": null, "LastEditUser": "PLANNING", "LastEditDate": 1772124006000, "ApprovedGFA": null, "PermittedGFA": null, "REATaxedGFA": 147530, "PlanningCaseNumber": null, "PlanningCaseName": null, "PlanCaseEnergovID": null}}, {"type": "Feature", "id": 14, "geometry": {"type": "Point", "coordinates": [-77.53940914499998, 38.77858219055604]}, "properties": {"OBJECTID": 14, "GlobalID": "{D5633C4E-EBE0-437D-8C40-983FBA27F23D}", "GPIN": "7596-58-8732", "BuildingName": "Amazon Bethlehem Technology Park DC18", "PID": "P297211748", "Address": "8180 BETHLEHEM RD", "BuildingID": "DC18", "BuildingStatus": "Completed", "YearBuilt": 2017, "GFASource": "", "PermitCase": "BLD2017-02845", "PermitStatus": "Finaled", "GFA": 0, "DCOOD": "Yes", "OCCDate": 1508630400000, "BPGFA": 211816, "EnergovID": "ffa00a1d-1a3a-4bee-b4bd-e0662c536f54", "CreateUser": null, "CreateDate": null, "LastEditUser": "PLANNING", "LastEditDate": 1772124006000, "ApprovedGFA": null, "PermittedGFA": null, "REATaxedGFA": 211816, "PlanningCaseNumber": null, "PlanningCaseName": null, "PlanCaseEnergovID": null}}, {"type": "Feature", "id": 15, "geometry": {"type": "Point", "coordinates": [-77.54171295389838, 38.77937015943724]}, "properties": {"OBJECTID": 15, "GlobalID": "{3B518AC7-42BE-445F-8604-E0089B957BD4}", "GPIN": "7596-58-8732", "BuildingName": "Amazon Bethlehem Technology Park DC19", "PID": "P387421822", "Address": "8200 BETHLEHEM RD", "BuildingID": "DC19", "BuildingStatus": "Completed", "YearBuilt": 2017, "GFASource": "", "PermitCase": "BLD2016-06361", "PermitStatus": "Finaled", "GFA": 0, "DCOOD": "Yes", "OCCDate": 1496275200000, "BPGFA": 147530, "EnergovID": "9bc9ef14-4eae-4edb-806d-72da60b1cd56", "CreateUser": null, "CreateDate": null, "LastEditUser": "PLANNING", "LastEditDate": 1772124006000, "ApprovedGFA": null, "PermittedGFA": null, "REATaxedGFA": 148580, "PlanningCaseNumber": null, "PlanningCaseName": null, "PlanCaseEnergovID": null}}, {"type": "Feature", "id": 16, "geometry": {"type": "Point", "coordinates": [-77.54278299377579, 38.77932741054906]}, "properties": {"OBJECTID": 16, "GlobalID": "{37F4D268-56E4-492E-A014-C70EE183902B}", "GPIN": "7596-58-8732", "BuildingName": "Amazon Bethlehem Technology Park DC20", "PID": "P616885332", "Address": "8210 BETHLEHEM RD", "BuildingID": "DC20", "BuildingStatus": "Completed", "YearBuilt": 2017, "GFASource": "", "PermitCase": "BLD2017-01263", "PermitStatus": "Finaled", "GFA": 0, "DCOOD": "Yes", "OCCDate": 1501804800000, "BPGFA": 211816, "EnergovID": "6fe9cf7d-2fcb-44d3-b789-3fd3def2facd", "CreateUser": null, "CreateDate": null, "LastEditUser": "PLANNING", "LastEditDate": 1772124006000, "ApprovedGFA": null, "PermittedGFA": null, "REATaxedGFA": 211816, "PlanningCaseNumber": null, "PlanningCaseName": null, "PlanCaseEnergovID": null}}, {"type": "Feature", "id": 17, "geometry": {"type": "Point", "coordinates": [-77.5164289285918, 38.74677875915914]}, "properties": {"OBJECTID": 17, "GlobalID": "{24AA26D6-0BDD-492F-9DCE-014EAF889D94}", "GPIN": "7695-36-1324", "BuildingName": "Amazon AWS IAD-107", "PID": "P410953430", "Address": "9740 INNOVATION DR", "BuildingID": "IAD107", "BuildingStatus": "Completed", "YearBuilt": 2025, "GFASource": "Real Estate Assessments", "PermitCase": "BLD2023-00752", "PermitStatus": "Finaled", "GFA": 216067, "DCOOD": "Yes", "OCCDate": 1748390400000, "BPGFA": 217979, "EnergovID": "be8a9a82-9707-492f-9aca-27aa8cffaa82", "CreateUser": null, "CreateDate": null, "LastEditUser": "RFH7157A", "LastEditDate": 1776774186000, "ApprovedGFA": null, "PermittedGFA": null, "REATaxedGFA": 216067, "PlanningCaseNumber": "PLN2007-0074", "PlanningCaseName": "ELI LILLY AT INNOVATION", "PlanCaseEnergovID": "8faefd73-d028-45e0-8b57-2c5d46df942d"}}, {"type": "Feature", "id": 18, "geometry": {"type": "Point", "coordinates": [-77.51776858333623, 38.746958976646766]}, "properties": {"OBJECTID": 18, "GlobalID": "{53F0B83F-46DF-41B5-AE9E-86123AA137AC}", "GPIN": "7695-26-7645", "BuildingName": "Amazon AWS IAD-106", "PID": "P288274844", "Address": "9720 INNOVATION DR", "BuildingID": "IAD106", "BuildingStatus": "Completed", "YearBuilt": 2025, "GFASource": "Real Estate Assessments", "PermitCase": "BLD2022-04680", "PermitStatus": "Finaled", "GFA": 233757, "DCOOD": "Yes", "OCCDate": 1740009600000, "BPGFA": 213320, "EnergovID": "15c64b3f-5af0-4743-8cfe-782ea866dee2", "CreateUser": null, "CreateDate": null, "LastEditUser": "RFH7157A", "LastEditDate": 1776774186000, "ApprovedGFA": null, "PermittedGFA": null, "REATaxedGFA": 233757, "PlanningCaseNumber": "PLN2007-0074", "PlanningCaseName": "ELI LILLY AT INNOVATION", "PlanCaseEnergovID": "8faefd73-d028-45e0-8b57-2c5d46df942d"}}, {"type": "Feature", "id": 19, "geometry": {"type": "Point", "coordinates": [-77.51887592221628, 38.74762669998243]}, "properties": {"OBJECTID": 19, "GlobalID": "{B3C5D9A8-2862-4CF9-AFAF-2EC79F5CF3EA}", "GPIN": "7695-26-4469", "BuildingName": "Amazon AWS IAD-105", "PID": "P311840762", "Address": "9700 INNOVATION DR", "BuildingID": "IAD105", "BuildingStatus": "Completed", "YearBuilt": 2024, "GFASource": "Real Estate Assessments", "PermitCase": "BLD2022-03130", "PermitStatus": "Finaled", "GFA": 223757, "DCOOD": "Yes", "OCCDate": 1722211200000, "BPGFA": 213320, "EnergovID": "f2894643-22ea-4c7e-b0ad-8c5ef3d12bfb", "CreateUser": null, "CreateDate": null, "LastEditUser": "RFH7157A", "LastEditDate": 1776774186000, "ApprovedGFA": null, "PermittedGFA": null, "REATaxedGFA": 223757, "PlanningCaseNumber": "PLN2007-0074", "PlanningCaseName": "ELI LILLY AT INNOVATION", "PlanCaseEnergovID": "8faefd73-d028-45e0-8b57-2c5d46df942d"}}, {"type": "Feature", "id": 20, "geometry": {"type": "Point", "coordinates": [-77.52005626789641, 38.748311797853695]}, "properties": {"OBJECTID": 20, "GlobalID": "{835BA1FE-4CF7-4EBE-BA35-D45635717627}", "GPIN": "7695-17-9607", "BuildingName": "Amazon AWS IAD-104", "PID": "P777015344", "Address": "9680 INNOVATION DR", "BuildingID": "IAD104", "BuildingStatus": "Completed", "YearBuilt": 2024, "GFASource": "Real Estate Assessments", "PermitCase": "BLD2022-01092", "PermitStatus": "Finaled", "GFA": 213320, "DCOOD": "Yes", "OCCDate": 1705881600000, "BPGFA": 213320, "EnergovID": "837e79b6-484d-4877-9a9f-c61fb50c7478", "CreateUser": null, "CreateDate": null, "LastEditUser": "RFH7157A", "LastEditDate": 1776774186000, "ApprovedGFA": null, "PermittedGFA": null, "REATaxedGFA": 213320, "PlanningCaseNumber": "PLN2007-0074", "PlanningCaseName": "ELI LILLY AT INNOVATION", "PlanCaseEnergovID": "8faefd73-d028-45e0-8b57-2c5d46df942d"}}, {"type": "Feature", "id": 21, "geometry": {"type": "Point", "coordinates": [-77.51304550880432, 38.74981886444288]}, "properties": {"OBJECTID": 21, "GlobalID": "{B96A48C7-F265-49ED-8220-64CAE78FB3C0}", "GPIN": "7695-47-3376", "BuildingName": "QTS Manassas DC6", "PID": "P769500024", "Address": "9540 GODWIN DR", "BuildingID": "DC6", "BuildingStatus": "Under Construction", "YearBuilt": null, "GFASource": "Building Permit", "PermitCase": "BLD2024-06788", "PermitStatus": "Issued", "GFA": 199720, "DCOOD": "Yes", "OCCDate": null, "BPGFA": 199720, "EnergovID": "d9056854-8eb1-4e25-9a93-d963bb27d2ee", "CreateUser": null, "CreateDate": null, "LastEditUser": "RFH7157A", "LastEditDate": 1785324279000, "ApprovedGFA": null, "PermittedGFA": null, "REATaxedGFA": 199720, "PlanningCaseNumber": "REZ2020-00019", "PlanningCaseName": "QTS - Project Hero Expansion", "PlanCaseEnergovID": "b9896152-8884-4f70-9c96-e14e47e3ff81"}}, {"type": "Feature", "id": 22, "geometry": {"type": "Point", "coordinates": [-77.51650847239954, 38.754793793721866]}, "properties": {"OBJECTID": 22, "GlobalID": "{78010C8B-F0D3-4555-8E6E-E64124169404}", "GPIN": "7695-39-0644", "BuildingName": "QTS Manassas DC5", "PID": "P769500343", "Address": "9301 FREEDOM CENTER BLVD", "BuildingID": "DC5", "BuildingStatus": "Completed", "YearBuilt": 2023, "GFASource": "", "PermitCase": "BLD2021-04300", "PermitStatus": "Finaled", "GFA": 0, "DCOOD": "Yes", "OCCDate": 1682640000000, "BPGFA": 310000, "EnergovID": "03dba0f6-eaa6-4c6f-b296-f1c3001087eb", "CreateUser": null, "CreateDate": null, "LastEditUser": "PLANNING", "LastEditDate": 1772124006000, "ApprovedGFA": null, "PermittedGFA": null, "REATaxedGFA": 308486, "PlanningCaseNumber": null, "PlanningCaseName": null, "PlanCaseEnergovID": null}}, {"type": "Feature", "id": 23, "geometry": {"type": "Point", "coordinates": [-77.51314203141868, 38.753483820178246]}, "properties": {"OBJECTID": 23, "GlobalID": "{124D57AD-17C9-4CF4-8101-B671B928E952}", "GPIN": "7695-48-1668", "BuildingName": "QTS Manassas DC1", "PID": "P109282980", "Address": "9400 GODWIN DR", "BuildingID": "DC1", "BuildingStatus": "Completed", "YearBuilt": 2019, "GFASource": "Real Estate Assessments", "PermitCase": "BLD2018-06634", "PermitStatus": "Finaled", "GFA": 127000, "DCOOD": "Yes", "OCCDate": 1553731200000, "BPGFA": 121028, "EnergovID": "78af6dd2-ffaa-4fe4-a8d1-8a7276b7ff05", "CreateUser": null, "CreateDate": null, "LastEditUser": "RFH7157A", "LastEditDate": 1785324279000, "ApprovedGFA": null, "PermittedGFA": null, "REATaxedGFA": 127000, "PlanningCaseNumber": "REZ1980-0030", "PlanningCaseName": "IBM", "PlanCaseEnergovID": "81cc348e-ba85-4c9b-9dc9-2a31c19aa522"}}, {"type": "Feature", "id": 24, "geometry": {"type": "Point", "coordinates": [-77.51054702181719, 38.753753946410605]}, "properties": {"OBJECTID": 24, "GlobalID": "{1F48B4EA-0632-435E-94A4-378686E49BAA}", "GPIN": "7695-58-1491", "BuildingName": "QTS Manassas DC3", "PID": "P147203823", "Address": "9450 GODWIN DR", "BuildingID": "DC3", "BuildingStatus": "Completed", "YearBuilt": 2024, "GFASource": "Real Estate Assessments", "PermitCase": "BLD2022-06119", "PermitStatus": "Finaled", "GFA": 269091, "DCOOD": "Yes", "OCCDate": 1720656000000, "BPGFA": 269091, "EnergovID": "f67f7c97-549b-4d8c-b037-fefd671692d9", "CreateUser": null, "CreateDate": null, "LastEditUser": "RFH7157A", "LastEditDate": 1785324279000, "ApprovedGFA": null, "PermittedGFA": null, "REATaxedGFA": 269091, "PlanningCaseNumber": "REZ1980-0030", "PlanningCaseName": "IBM", "PlanCaseEnergovID": "81cc348e-ba85-4c9b-9dc9-2a31c19aa522"}}, {"type": "Feature", "id": 25, "geometry": {"type": "Point", "coordinates": [-77.51246864260222, 38.75347517046534]}, "properties": {"OBJECTID": 25, "GlobalID": "{344A6C3F-5268-4E74-BD90-23BFEC61D901}", "GPIN": "7695-48-5650", "BuildingName": "QTS Manassas DC2", "PID": "P174153420", "Address": "9420 GODWIN DR", "BuildingID": "DC2", "BuildingStatus": "Completed", "YearBuilt": 2025, "GFASource": "Real Estate Assessments", "PermitCase": "BLD2023-04643", "PermitStatus": "Finaled", "GFA": 136228, "DCOOD": "Yes", "OCCDate": 1766966400000, "BPGFA": 136228, "EnergovID": "74c40686-6527-48cd-bdc4-c658e9a4e8d9", "CreateUser": null, "CreateDate": null, "LastEditUser": "RFH7157A", "LastEditDate": 1785324279000, "ApprovedGFA": null, "PermittedGFA": null, "REATaxedGFA": 136228, "PlanningCaseNumber": "REZ1980-0030", "PlanningCaseName": "IBM", "PlanCaseEnergovID": "81cc348e-ba85-4c9b-9dc9-2a31c19aa522"}}, {"type": "Feature", "id": 26, "geometry": {"type": "Point", "coordinates": [-77.51605452393117, 38.751972483585405]}, "properties": {"OBJECTID": 26, "GlobalID": "{9F0B3669-EB1B-4CE2-8E23-09C9FFC4BE40}", "GPIN": "7695-38-4851", "BuildingName": "QTS Manassas DC4", "PID": "P769500019", "Address": "9351 FREEDOM CENTER BLVD", "BuildingID": "DC4", "BuildingStatus": "Under Construction", "YearBuilt": null, "GFASource": "Building Permit", "PermitCase": "BLD2025-03459", "PermitStatus": "Issued", "GFA": 315862, "DCOOD": "Yes", "OCCDate": null, "BPGFA": 315862, "EnergovID": "a18c8cb1-8e4d-4f6e-a574-4f5a49955bf7", "CreateUser": null, "CreateDate": null, "LastEditUser": "RFH7157A", "LastEditDate": 1785324279000, "ApprovedGFA": null, "PermittedGFA": null, "REATaxedGFA": null, "PlanningCaseNumber": "REZ2023-00002", "PlanningCaseName": "DC-4 PRA", "PlanCaseEnergovID": "1b079cc2-72a9-44ea-96f9-aa8eb36d9d95"}}, {"type": "Feature", "id": 27, "geometry": {"type": "Point", "coordinates": [-77.51893971657944, 38.76021215571679]}, "properties": {"OBJECTID": 27, "GlobalID": "{F900607B-0586-433E-9632-E86DAB0B8B02}", "GPIN": "7696-21-7764", "BuildingName": "Amazon AWS IAD-130", "PID": "P301996031", "Address": "9040 FREEDOM CENTER BLVD", "BuildingID": "IAD130", "BuildingStatus": "Completed", "YearBuilt": 2020, "GFASource": "Proffer", "PermitCase": "BLD2019-01155", "PermitStatus": "Finaled", "GFA": 204211, "DCOOD": "Yes", "OCCDate": 1600214400000, "BPGFA": 202626, "EnergovID": "dfada6b7-bf88-412b-8998-b6bda272c3d2", "CreateUser": null, "CreateDate": null, "LastEditUser": "PLANNING", "LastEditDate": 1772124006000, "ApprovedGFA": null, "PermittedGFA": null, "REATaxedGFA": 202626, "PlanningCaseNumber": null, "PlanningCaseName": null, "PlanCaseEnergovID": null}}, {"type": "Feature", "id": 28, "geometry": {"type": "Point", "coordinates": [-77.51844836273926, 38.76096650030596]}, "properties": {"OBJECTID": 28, "GlobalID": "{23A427A9-C39B-4984-BCEB-4489DB6C9A8E}", "GPIN": "7696-21-7764", "BuildingName": "Amazon AWS IAD-131", "PID": "P574504267", "Address": "9020 FREEDOM CENTER BLVD", "BuildingID": "IAD131", "BuildingStatus": "Completed", "YearBuilt": 2020, "GFASource": "Proffer", "PermitCase": "BLD2019-04018", "PermitStatus": "Finaled", "GFA": 204211, "DCOOD": "Yes", "OCCDate": 1606867200000, "BPGFA": 202626, "EnergovID": "1e33cb0f-6714-43c3-8123-146cd00f2817", "CreateUser": null, "CreateDate": null, "LastEditUser": "PLANNING", "LastEditDate": 1772124006000, "ApprovedGFA": null, "PermittedGFA": null, "REATaxedGFA": 206626, "PlanningCaseNumber": null, "PlanningCaseName": null, "PlanCaseEnergovID": null}}, {"type": "Feature", "id": 29, "geometry": {"type": "Point", "coordinates": [-77.51381652161322, 38.76345152318292]}, "properties": {"OBJECTID": 29, "GlobalID": "{923E8026-CC1A-4104-92F6-2A2554EAD049}", "GPIN": "7696-42-1559", "BuildingName": "TPC Data Centers", "PID": "P769605244", "Address": "8819 WELLINGTON RD", "BuildingID": "TPC", "BuildingStatus": "Completed", "YearBuilt": 2026, "GFASource": "Building Permit", "PermitCase": "BLD2024-04783", "PermitStatus": "Finaled", "GFA": 361500, "DCOOD": "Yes", "OCCDate": 1782950400000, "BPGFA": 361500, "EnergovID": "4933bf4e-1e75-450f-91d2-68b7dc26aa1d", "CreateUser": null, "CreateDate": null, "LastEditUser": "RFH7157A", "LastEditDate": 1784556691000, "ApprovedGFA": 370715, "PermittedGFA": 361500, "REATaxedGFA": 361500, "PlanningCaseNumber": "REZ2024-00008", "PlanningCaseName": "8765 and 8819 Wellington Road PRA", "PlanCaseEnergovID": "55087cda-4790-4f98-be5d-2a054fe2c464"}}, {"type": "Feature", "id": 30, "geometry": {"type": "Point", "coordinates": [-77.51451267509621, 38.76104003813047]}, "properties": {"OBJECTID": 30, "GlobalID": "{F390B87D-4405-4EEE-B0ED-B19C6254C2D3}", "GPIN": "7696-31-9262", "BuildingName": "Stack Northern Virginia NVA05B", "PID": "P230500017", "Address": "9001 FREEDOM CENTER BLVD", "BuildingID": "NVA05B", "BuildingStatus": "Under Construction", "YearBuilt": null, "GFASource": "Building Permit", "PermitCase": "BLD2025-03129", "PermitStatus": "Issued", "GFA": 261558, "DCOOD": "Yes", "OCCDate": 1746748800000, "BPGFA": 261558, "EnergovID": "7e02253a-6e88-4a82-9658-49f1591b4530", "CreateUser": null, "CreateDate": null, "LastEditUser": "RFH7157A", "LastEditDate": 1776781279000, "ApprovedGFA": null, "PermittedGFA": 261558, "REATaxedGFA": 259162, "PlanningCaseNumber": "REZ2024-00009", "PlanningCaseName": "NVA05A & NVA05B PROFFER AMENDMENT AND REZONING", "PlanCaseEnergovID": "19004ff1-7e88-4661-9d3f-ad33ecaa1da2"}}, {"type": "Feature", "id": 31, "geometry": {"type": "Point", "coordinates": [-77.51185003356518, 38.76036516109829]}, "properties": {"OBJECTID": 31, "GlobalID": "{AD397077-7D91-4981-B589-0AE3436FEEE1}", "GPIN": "7696-41-6854", "BuildingName": "Stack Northern Virginia NVA05C", "PID": "P241000102", "Address": "8930 WELLINGTON RD", "BuildingID": "NVA05C", "BuildingStatus": "Under Construction", "YearBuilt": null, "GFASource": "Site Plan", "PermitCase": "BLD2025-03019", "PermitStatus": "Issued", "GFA": 179320, "DCOOD": "Yes", "OCCDate": null, "BPGFA": 179320, "EnergovID": "60188a2c-bb9c-4414-bf36-6f9d15a5cb62", "CreateUser": null, "CreateDate": null, "LastEditUser": "RFH7157A", "LastEditDate": 1776782352000, "ApprovedGFA": 261312, "PermittedGFA": 179320, "REATaxedGFA": 179320, "PlanningCaseNumber": "REZ2024-00042", "PlanningCaseName": "NVA05C REZONING", "PlanCaseEnergovID": "ec71ba9b-8783-4bd2-ab90-57a68d5f7d0c"}}, {"type": "Feature", "id": 32, "geometry": {"type": "Point", "coordinates": [-77.5166913784821, 38.75856829903019]}, "properties": {"OBJECTID": 32, "GlobalID": "{B473E00E-AA73-4B15-A4E9-6DC04474EFC4}", "GPIN": "7696-30-4783", "BuildingName": "Stack Northern Virginia NVA05A", "PID": "P646108432", "Address": "9101 FREEDOM CENTER BLVD", "BuildingID": "NVA05A", "BuildingStatus": "Completed", "YearBuilt": 2025, "GFASource": "Building Permit", "PermitCase": "BLD2023-00562", "PermitStatus": "Finaled", "GFA": 270540, "DCOOD": "Yes", "OCCDate": 1751846400000, "BPGFA": 270540, "EnergovID": "5c3f2d81-47fc-4ed4-b545-ccbba43c7e61", "CreateUser": null, "CreateDate": null, "LastEditUser": "RFH7157A", "LastEditDate": 1776781279000, "ApprovedGFA": null, "PermittedGFA": 270540, "REATaxedGFA": 270540, "PlanningCaseNumber": "REZ2024-00009", "PlanningCaseName": "NVA05A & NVA05B PROFFER AMENDMENT AND REZONING", "PlanCaseEnergovID": "19004ff1-7e88-4661-9d3f-ad33ecaa1da2"}}, {"type": "Feature", "id": 33, "geometry": {"type": "Point", "coordinates": [-77.5182886141796, 38.76529502915803]}, "properties": {"OBJECTID": 33, "GlobalID": "{7F697EBC-1827-41B6-839A-38C4294D5C2E}", "GPIN": "7696-33-1105", "BuildingName": "Stack Northern Virginia NVA05E", "PID": "P769605050", "Address": "8671 WELLINGTON RD", "BuildingID": "NVA05E", "BuildingStatus": "Planned", "YearBuilt": null, "GFASource": "Site Plan", "PermitCase": null, "PermitStatus": "Planned", "GFA": 326500, "DCOOD": "Yes", "OCCDate": null, "BPGFA": null, "EnergovID": null, "CreateUser": null, "CreateDate": null, "LastEditUser": "RFH7157A", "LastEditDate": 1780942060000, "ApprovedGFA": null, "PermittedGFA": null, "REATaxedGFA": null, "PlanningCaseNumber": "REZ2023-00026", "PlanningCaseName": "STONEVIEW", "PlanCaseEnergovID": "3f012be5-4a81-4341-8710-e239efdb3b1e"}}, {"type": "Feature", "id": 34, "geometry": {"type": "Point", "coordinates": [-77.53247476767115, 38.74715431752349]}, "properties": {"OBJECTID": 34, "GlobalID": "{8CBAA278-BFB6-401C-BA5B-361CC12D1C73}", "GPIN": "7595-96-0662", "BuildingName": "Amazon AWS IAD-77", "PID": "P759502013", "Address": "9651 HORNBAKER RD", "BuildingID": "IAD77", "BuildingStatus": "Completed", "YearBuilt": 2010, "GFASource": "Real Estate Assessments", "PermitCase": "BLD2007-04468", "PermitStatus": "Finaled", "GFA": 247608, "DCOOD": "Yes", "OCCDate": 1271721600000, "BPGFA": 223127, "EnergovID": "a99774a0-2b03-4f25-b8d9-5bd9a8b1b57f", "CreateUser": null, "CreateDate": null, "LastEditUser": "RFH7157A", "LastEditDate": 1780515080000, "ApprovedGFA": null, "PermittedGFA": null, "REATaxedGFA": 247608, "PlanningCaseNumber": "PLN2007-00535", "PlanningCaseName": "INNOVATION AT PW", "PlanCaseEnergovID": "65a47980-e01f-4e3d-bc5c-e3f7c6c096f4"}}, {"type": "Feature", "id": 35, "geometry": {"type": "Point", "coordinates": [-77.53057009512588, 38.74383697776821]}, "properties": {"OBJECTID": 35, "GlobalID": "{F91C4EE2-4B98-4261-B2FA-CE0C7E1A93CF}", "GPIN": "7595-95-6147", "BuildingName": "Amazon AWS IAD - Thomasson Barn 1", "PID": "P783165250", "Address": "11200 THOMASSON BARN RD", "BuildingID": "IN-1", "BuildingStatus": "Completed", "YearBuilt": 2019, "GFASource": "", "PermitCase": "BLD2019-02581", "PermitStatus": "Finaled", "GFA": 0, "DCOOD": "Yes", "OCCDate": 1573776000000, "BPGFA": 149404, "EnergovID": "4363620a-6479-4fff-bdab-db1f9005ebf9", "CreateUser": null, "CreateDate": null, "LastEditUser": "PLANNING", "LastEditDate": 1772124006000, "ApprovedGFA": null, "PermittedGFA": null, "REATaxedGFA": 149904, "PlanningCaseNumber": null, "PlanningCaseName": null, "PlanCaseEnergovID": null}}, {"type": "Feature", "id": 36, "geometry": {"type": "Point", "coordinates": [-77.52909697219843, 38.74406076786774]}, "properties": {"OBJECTID": 36, "GlobalID": "{552B43FF-DE72-400A-85D8-307BF05B94AB}", "GPIN": "7595-95-6147", "BuildingName": "Amazon AWS IAD - Thomasson Barn 2", "PID": "P591655697", "Address": "11150 THOMASSON BARN RD", "BuildingID": "IN-2", "BuildingStatus": "Completed", "YearBuilt": 2020, "GFASource": "", "PermitCase": "BLD2019-01459", "PermitStatus": "Finaled", "GFA": 0, "DCOOD": "Yes", "OCCDate": 1580860800000, "BPGFA": 202626, "EnergovID": "3489ab96-dc63-495d-bac7-665cee9ba14b", "CreateUser": null, "CreateDate": null, "LastEditUser": "PLANNING", "LastEditDate": 1772124006000, "ApprovedGFA": null, "PermittedGFA": null, "REATaxedGFA": 202626, "PlanningCaseNumber": null, "PlanningCaseName": null, "PlanCaseEnergovID": null}}, {"type": "Feature", "id": 37, "geometry": {"type": "Point", "coordinates": [-77.53346798403715, 38.743031539216034]}, "properties": {"OBJECTID": 37, "GlobalID": "{DDEB3FED-89F6-465C-82CA-C487E6C7317C}", "GPIN": "7595-85-6929", "BuildingName": "Stack Northern Virginia NVA02A", "PID": "P470694996", "Address": "9750 HORNBAKER RD", "BuildingID": "NVA02A", "BuildingStatus": "Completed", "YearBuilt": 2025, "GFASource": "", "PermitCase": "BLD2021-02881", "PermitStatus": "Finaled", "GFA": 0, "DCOOD": "Yes", "OCCDate": 1761868800000, "BPGFA": 224592, "EnergovID": "6be127e5-7597-4883-9519-9b2cd619b0cb", "CreateUser": null, "CreateDate": null, "LastEditUser": "PLANNING", "LastEditDate": 1772124006000, "ApprovedGFA": null, "PermittedGFA": null, "REATaxedGFA": 226862, "PlanningCaseNumber": null, "PlanningCaseName": null, "PlanCaseEnergovID": null}}, {"type": "Feature", "id": 38, "geometry": {"type": "Point", "coordinates": [-77.53330418394305, 38.744134224989]}, "properties": {"OBJECTID": 38, "GlobalID": "{EA7A74E3-B430-4C33-B36C-46BA3567EB42}", "GPIN": "7595-85-3742", "BuildingName": "Stack Northern Virginia NVA02B", "PID": "P378332592", "Address": "9740 HORNBAKER RD", "BuildingID": "NVA02B", "BuildingStatus": "Completed", "YearBuilt": 2025, "GFASource": "", "PermitCase": "BLD2022-07412", "PermitStatus": "Finaled", "GFA": 0, "DCOOD": "Yes", "OCCDate": 1752624000000, "BPGFA": 217502, "EnergovID": "d13ecd99-c9b4-4d4e-97a0-a248556f219d", "CreateUser": null, "CreateDate": null, "LastEditUser": "PLANNING", "LastEditDate": 1772124006000, "ApprovedGFA": null, "PermittedGFA": null, "REATaxedGFA": 224652, "PlanningCaseNumber": null, "PlanningCaseName": null, "PlanCaseEnergovID": null}}, {"type": "Feature", "id": 39, "geometry": {"type": "Point", "coordinates": [-77.53317899982119, 38.74495555598669]}, "properties": {"OBJECTID": 39, "GlobalID": "{BF12296B-B621-4DA0-ACD1-2E9FD5ABAF75}", "GPIN": "7595-85-6929", "BuildingName": "Stack Northern Virginia NVA02C", "PID": "P366229877", "Address": "9730 HORNBAKER RD", "BuildingID": "NVA02C", "BuildingStatus": "Completed", "YearBuilt": 2025, "GFASource": "", "PermitCase": "BLD2022-01720", "PermitStatus": "Finaled", "GFA": 0, "DCOOD": "Yes", "OCCDate": 1762214400000, "BPGFA": 14160, "EnergovID": "ce6bb298-55a7-4a92-9d0f-db7567453809", "CreateUser": null, "CreateDate": null, "LastEditUser": "PLANNING", "LastEditDate": 1772124006000, "ApprovedGFA": null, "PermittedGFA": null, "REATaxedGFA": 14387, "PlanningCaseNumber": null, "PlanningCaseName": null, "PlanCaseEnergovID": null}}, {"type": "Feature", "id": 40, "geometry": {"type": "Point", "coordinates": [-77.5362620635722, 38.74631114850966]}, "properties": {"OBJECTID": 40, "GlobalID": "{C7CF03A2-6791-45A4-AFDB-2E54FD7C80C4}", "GPIN": "7595-76-6544.00", "BuildingName": "Stack Northern Virginia NVA02D", "PID": "P715821797", "Address": "9590 HORNBAKER RD", "BuildingID": "NVA02D", "BuildingStatus": "Completed", "YearBuilt": 2023, "GFASource": "", "PermitCase": "BLD2022-00534", "PermitStatus": "Finaled", "GFA": 0, "DCOOD": "Yes", "OCCDate": 1686268800000, "BPGFA": 281000, "EnergovID": "0c1ca3c4-291c-4c65-ac5d-f675a4d278f3", "CreateUser": null, "CreateDate": null, "LastEditUser": "PLANNING", "LastEditDate": 1772124006000, "ApprovedGFA": null, "PermittedGFA": null, "REATaxedGFA": 281000, "PlanningCaseNumber": null, "PlanningCaseName": null, "PlanCaseEnergovID": null}}, {"type": "Feature", "id": 41, "geometry": {"type": "Point", "coordinates": [-77.53779281451183, 38.74808073148162]}, "properties": {"OBJECTID": 41, "GlobalID": "{47271D61-C710-4451-8AB0-A556CAF622C0}", "GPIN": "7595-76-2590", "BuildingName": "Stack Northern Virginia NVA02G", "PID": "P240400016", "Address": "9530 HORNBAKER RD", "BuildingID": "NVA02G", "BuildingStatus": "Under Construction", "YearBuilt": null, "GFASource": "", "PermitCase": "BLD2024-05348", "PermitStatus": "Issued", "GFA": 0, "DCOOD": "Yes", "OCCDate": null, "BPGFA": 185803, "EnergovID": "d654ae92-38be-497b-9357-da4355aa2e32", "CreateUser": null, "CreateDate": null, "LastEditUser": "RFH7157A", "LastEditDate": 1770003947000, "ApprovedGFA": null, "PermittedGFA": null, "REATaxedGFA": 185803, "PlanningCaseNumber": null, "PlanningCaseName": null, "PlanCaseEnergovID": null}}, {"type": "Feature", "id": 42, "geometry": {"type": "Point", "coordinates": [-77.53925469698383, 38.74498897943052]}, "properties": {"OBJECTID": 42, "GlobalID": "{86A6C9D5-9A23-453D-8EF8-5DE03EEBC3BA}", "GPIN": "7595-65-9789.00", "BuildingName": "Stack Northern Virginia NVA02E", "PID": "P220900000", "Address": "9570 HORNBAKER RD", "BuildingID": "NVA02E", "BuildingStatus": "Completed", "YearBuilt": 2024, "GFASource": "", "PermitCase": "BLD2023-03853", "PermitStatus": "Finaled", "GFA": 0, "DCOOD": "Yes", "OCCDate": 1724976000000, "BPGFA": 261686, "EnergovID": "6a331e9d-3c77-4abe-809e-a061d9b469ea", "CreateUser": null, "CreateDate": null, "LastEditUser": "PLANNING", "LastEditDate": 1772124006000, "ApprovedGFA": null, "PermittedGFA": null, "REATaxedGFA": 259200, "PlanningCaseNumber": null, "PlanningCaseName": null, "PlanCaseEnergovID": null}}, {"type": "Feature", "id": 43, "geometry": {"type": "Point", "coordinates": [-77.54429487148097, 38.74288000554609]}, "properties": {"OBJECTID": 43, "GlobalID": "{093CB7A3-A784-41AF-B496-ACC2BD0336DA}", "GPIN": "7595-54-7478", "BuildingName": "Stack Northern Virginia NVA02H", "PID": "P240900248", "Address": "10161 LINTON HALL RD", "BuildingID": "NVA02H", "BuildingStatus": "Under Construction", "YearBuilt": null, "GFASource": "Proffer", "PermitCase": "BLD2025-06092", "PermitStatus": "Issued", "GFA": 256280, "DCOOD": "No", "OCCDate": null, "BPGFA": 246223, "EnergovID": "5f95f15c-467d-483d-946e-fe21395c97f4", "CreateUser": null, "CreateDate": null, "LastEditUser": "RFH7157A", "LastEditDate": 1784220088000, "ApprovedGFA": null, "PermittedGFA": null, "REATaxedGFA": null, "PlanningCaseNumber": "REZ2019-00034", "PlanningCaseName": "Youth for Tomorrow", "PlanCaseEnergovID": "222f06a0-c603-4233-9289-74ff5439b34d"}}, {"type": "Feature", "id": 44, "geometry": {"type": "Point", "coordinates": [-77.54264308847769, 38.74344882143644]}, "properties": {"OBJECTID": 44, "GlobalID": "{20AA4CE0-F208-41A5-8248-720FF5A5E3A1}", "GPIN": "7595-54-7478", "BuildingName": "Stack Northern Virginia NVA02I", "PID": "P240900249", "Address": "10167 LINTON HALL RD", "BuildingID": "NVA02I", "BuildingStatus": "Under Construction", "YearBuilt": null, "GFASource": "Proffer", "PermitCase": "BLD2025-03391", "PermitStatus": "Issued", "GFA": 256212, "DCOOD": "No", "OCCDate": null, "BPGFA": 253834, "EnergovID": "bbfee5e7-a9d5-44fc-b0f8-6c81a8896f17", "CreateUser": null, "CreateDate": null, "LastEditUser": "RFH7157A", "LastEditDate": 1784220088000, "ApprovedGFA": null, "PermittedGFA": null, "REATaxedGFA": null, "PlanningCaseNumber": "REZ2019-00034", "PlanningCaseName": "Youth for Tomorrow", "PlanCaseEnergovID": "222f06a0-c603-4233-9289-74ff5439b34d"}}, {"type": "Feature", "id": 45, "geometry": {"type": "Point", "coordinates": [-77.53886988293686, 38.744146743771836]}, "properties": {"OBJECTID": 45, "GlobalID": "{D76B63CD-1AB1-4E37-ABB8-4DE1F427A60A}", "GPIN": "7595-75-3611", "BuildingName": "Stack Northern Virginia NVA02F", "PID": "P240600347", "Address": "9640 HORNBAKER RD", "BuildingID": "NVA02F", "BuildingStatus": "Under Construction", "YearBuilt": null, "GFASource": "", "PermitCase": "BLD2025-01136", "PermitStatus": "Issued", "GFA": 0, "DCOOD": "Yes", "OCCDate": null, "BPGFA": 367927, "EnergovID": "393039e6-dbed-4498-8625-1aca6b21733a", "CreateUser": null, "CreateDate": null, "LastEditUser": "RFH7157A", "LastEditDate": 1770003947000, "ApprovedGFA": null, "PermittedGFA": null, "REATaxedGFA": 367927, "PlanningCaseNumber": null, "PlanningCaseName": null, "PlanCaseEnergovID": null}}, {"type": "Feature", "id": 46, "geometry": {"type": "Point", "coordinates": [-77.5064879477071, 38.734547268924814]}, "properties": {"OBJECTID": 46, "GlobalID": "{D17239E6-0B3D-477A-850A-016735A7A19E}", "GPIN": "7695-62-8723", "BuildingName": "Amazon AWS IAD-100", "PID": "P784904340", "Address": "10321 TANNER WAY", "BuildingID": "IAD100", "BuildingStatus": "Completed", "YearBuilt": 2021, "GFASource": "Real Estate Assessments", "PermitCase": "BLD2020-00115", "PermitStatus": "Finaled", "GFA": 212017, "DCOOD": "Yes", "OCCDate": 1634169600000, "BPGFA": 212017, "EnergovID": "54555daf-925d-4523-8e3c-01aea9d77cf3", "CreateUser": null, "CreateDate": null, "LastEditUser": "RFH7157A", "LastEditDate": 1781102319000, "ApprovedGFA": null, "PermittedGFA": null, "REATaxedGFA": 212017, "PlanningCaseNumber": "REZ2018-00002", "PlanningCaseName": "BRICKYARD", "PlanCaseEnergovID": "5b9b1adb-eadd-43e0-aa7f-4fe0a600d4f2"}}, {"type": "Feature", "id": 47, "geometry": {"type": "Point", "coordinates": [-77.5039291212027, 38.7369211416277]}, "properties": {"OBJECTID": 47, "GlobalID": "{890AAB2A-86F4-45E6-863F-3ED6C7A53874}", "GPIN": "7695-62-8723", "BuildingName": "Amazon AWS IAD-103", "PID": "P497751903", "Address": "10261 TANNER WAY", "BuildingID": "IAD103", "BuildingStatus": "Completed", "YearBuilt": 2023, "GFASource": "Real Estate Assessments", "PermitCase": "BLD2021-00330", "PermitStatus": "Finaled", "GFA": 153582, "DCOOD": "Yes", "OCCDate": 1678665600000, "BPGFA": 153582, "EnergovID": "a32bc82d-1f31-4dc4-8d1a-1350c2047a67", "CreateUser": null, "CreateDate": null, "LastEditUser": "RFH7157A", "LastEditDate": 1781102319000, "ApprovedGFA": null, "PermittedGFA": null, "REATaxedGFA": 153582, "PlanningCaseNumber": "REZ2018-00002", "PlanningCaseName": "BRICKYARD", "PlanCaseEnergovID": "5b9b1adb-eadd-43e0-aa7f-4fe0a600d4f2"}}, {"type": "Feature", "id": 48, "geometry": {"type": "Point", "coordinates": [-77.50538243172426, 38.7352649128464]}, "properties": {"OBJECTID": 48, "GlobalID": "{978EF843-FA99-461A-9F72-8A79BCEDCDBA}", "GPIN": "7695-62-8723", "BuildingName": "Amazon AWS IAD-101", "PID": "P208772048", "Address": "10301 TANNER WAY", "BuildingID": "IAD101", "BuildingStatus": "Completed", "YearBuilt": 2022, "GFASource": "Real Estate Assessments", "PermitCase": "BLD2020-04380", "PermitStatus": "Finaled", "GFA": 214796, "DCOOD": "Yes", "OCCDate": 1646697600000, "BPGFA": 214796, "EnergovID": "c34c972b-2d30-40c5-aba5-6c039958d63b", "CreateUser": null, "CreateDate": null, "LastEditUser": "RFH7157A", "LastEditDate": 1781102319000, "ApprovedGFA": null, "PermittedGFA": null, "REATaxedGFA": 214796, "PlanningCaseNumber": "REZ2018-00002", "PlanningCaseName": "BRICKYARD", "PlanCaseEnergovID": "5b9b1adb-eadd-43e0-aa7f-4fe0a600d4f2"}}, {"type": "Feature", "id": 49, "geometry": {"type": "Point", "coordinates": [-77.50486795909337, 38.73603396142779]}, "properties": {"OBJECTID": 49, "GlobalID": "{6C2F0D43-E141-4B97-B649-42E59C659E18}", "GPIN": "7695-62-8723", "BuildingName": "Amazon AWS IAD-102", "PID": "P999706645", "Address": "10281 TANNER WAY", "BuildingID": "IAD102", "BuildingStatus": "Completed", "YearBuilt": 2022, "GFASource": "Real Estate Assessments", "PermitCase": "BLD2020-05182", "PermitStatus": "Finaled", "GFA": 214796, "DCOOD": "Yes", "OCCDate": 1594684800000, "BPGFA": 214796, "EnergovID": "e4c480e6-9b0f-4c2b-939b-d606d5a55ffc", "CreateUser": null, "CreateDate": null, "LastEditUser": "RFH7157A", "LastEditDate": 1781102319000, "ApprovedGFA": null, "PermittedGFA": null, "REATaxedGFA": 214796, "PlanningCaseNumber": "REZ2018-00002", "PlanningCaseName": "BRICKYARD", "PlanCaseEnergovID": "5b9b1adb-eadd-43e0-aa7f-4fe0a600d4f2"}}, {"type": "Feature", "id": 50, "geometry": {"type": "Point", "coordinates": [-77.49897169818051, 38.72327559117653]}, "properties": {"OBJECTID": 50, "GlobalID": "{141B9F74-96FA-48E7-A70B-867EA8A66B74}", "GPIN": "7694-87-3694", "BuildingName": "CloudHQ Manassas Corporate Center 2", "PID": "P769400336", "Address": "10100 HARRY J PARRISH BLVD", "BuildingID": "MCC2", "BuildingStatus": "Completed", "YearBuilt": 2021, "GFASource": "", "PermitCase": "BLD2019-02023", "PermitStatus": "Finaled", "GFA": 0, "DCOOD": "Yes", "OCCDate": 1609804800000, "BPGFA": 392565, "EnergovID": "356a7b06-6f1a-4794-b6e2-75ecb6be8902", "CreateUser": null, "CreateDate": null, "LastEditUser": "PLANNING", "LastEditDate": 1772124006000, "ApprovedGFA": null, "PermittedGFA": null, "REATaxedGFA": 347876, "PlanningCaseNumber": null, "PlanningCaseName": null, "PlanCaseEnergovID": null}}, {"type": "Feature", "id": 51, "geometry": {"type": "Point", "coordinates": [-77.50054304120745, 38.716574897269304]}, "properties": {"OBJECTID": 51, "GlobalID": "{1FCCF642-62AF-4459-8F7B-7AD366F9B288}", "GPIN": "7694-85-3066", "BuildingName": "CloudHQ Manassas Corporate Center 1", "PID": "P114125876", "Address": "10880 AIRMAN AVE", "BuildingID": "MCC1", "BuildingStatus": "Completed", "YearBuilt": 2017, "GFASource": "", "PermitCase": "BLD2016-05888", "PermitStatus": "Finaled", "GFA": 0, "DCOOD": "Yes", "OCCDate": 1505347200000, "BPGFA": 460248, "EnergovID": "2c11828f-a2f4-455d-8f1e-4bb5e190fc86", "CreateUser": null, "CreateDate": null, "LastEditUser": "PLANNING", "LastEditDate": 1772124006000, "ApprovedGFA": null, "PermittedGFA": null, "REATaxedGFA": 460248, "PlanningCaseNumber": null, "PlanningCaseName": null, "PlanCaseEnergovID": null}}, {"type": "Feature", "id": 52, "geometry": {"type": "Point", "coordinates": [-77.49476365680592, 38.71508643066773]}, "properties": {"OBJECTID": 52, "GlobalID": "{5C7BC125-804B-456B-90A2-0FCFEA7ABCF7}", "GPIN": "7694-95-7303.00", "BuildingName": "CloudHQ Manassas Corporate Center 6A", "PID": "P885507765", "Address": "10900 AIRMAN AVE", "BuildingID": "MCC6A", "BuildingStatus": "Under Construction", "YearBuilt": null, "GFASource": "Proffer", "PermitCase": "BLD2020-04041", "PermitStatus": "Issued", "GFA": 317944, "DCOOD": "Yes", "OCCDate": null, "BPGFA": 161000, "EnergovID": "83ce9a1e-7632-4bae-8bf1-93165f716525", "CreateUser": null, "CreateDate": null, "LastEditUser": "RFH7157A", "LastEditDate": 1770016296000, "ApprovedGFA": null, "PermittedGFA": null, "REATaxedGFA": 139000, "PlanningCaseNumber": null, "PlanningCaseName": null, "PlanCaseEnergovID": null}}, {"type": "Feature", "id": 53, "geometry": {"type": "Point", "coordinates": [-77.49301012469054, 38.71990567596907]}, "properties": {"OBJECTID": 53, "GlobalID": "{60B714FA-4451-4EAA-8C0A-36844D0B20A6}", "GPIN": "7794-06-4463", "BuildingName": "CloudHQ Manassas Corporate Center 3", "PID": "P779401549", "Address": "10740 AIRMAN AVE", "BuildingID": "MCC3", "BuildingStatus": "Planned", "YearBuilt": 0, "GFASource": "Proffer", "PermitCase": null, "PermitStatus": "Planned", "GFA": 317944, "DCOOD": "Yes", "OCCDate": null, "BPGFA": null, "EnergovID": null, "CreateUser": null, "CreateDate": null, "LastEditUser": "RFH7157A", "LastEditDate": 1776962042000, "ApprovedGFA": null, "PermittedGFA": null, "REATaxedGFA": null, "PlanningCaseNumber": null, "PlanningCaseName": null, "PlanCaseEnergovID": null}}, {"type": "Feature", "id": 54, "geometry": {"type": "Point", "coordinates": [-77.49628526465757, 38.71871537252928]}, "properties": {"OBJECTID": 54, "GlobalID": "{B69E199B-AE2F-42CC-A6C0-ACFE4D945714}", "GPIN": "7694-96-2732", "BuildingName": "CloudHQ Manassas Corporate Center 4", "PID": "P769400338", "Address": "10849 AIRMAN AVE", "BuildingID": "MCC4", "BuildingStatus": "Planned", "YearBuilt": 0, "GFASource": "Estimated", "PermitCase": null, "PermitStatus": "Planned", "GFA": 252309, "DCOOD": "Yes", "OCCDate": null, "BPGFA": null, "EnergovID": null, "CreateUser": null, "CreateDate": null, "LastEditUser": "RFH7157A", "LastEditDate": 1776962042000, "ApprovedGFA": null, "PermittedGFA": null, "REATaxedGFA": null, "PlanningCaseNumber": null, "PlanningCaseName": null, "PlanCaseEnergovID": null}}, {"type": "Feature", "id": 55, "geometry": {"type": "Point", "coordinates": [-77.50007375499236, 38.71341975554951]}, "properties": {"OBJECTID": 55, "GlobalID": "{1BE6EE3D-1B6C-4D71-9DB7-2EDDF4DA2CA1}", "GPIN": "7694-84-2446", "BuildingName": "CloudHQ Manassas Corporate Center 5", "PID": "P996037405", "Address": "10940 AIRMAN AVE", "BuildingID": "MCC5", "BuildingStatus": "Planned", "YearBuilt": 0, "GFASource": "Proffer", "PermitCase": null, "PermitStatus": "Planned", "GFA": 317944, "DCOOD": "Yes", "OCCDate": null, "BPGFA": null, "EnergovID": null, "CreateUser": null, "CreateDate": null, "LastEditUser": "RFH7157A", "LastEditDate": 1776962042000, "ApprovedGFA": null, "PermittedGFA": null, "REATaxedGFA": null, "PlanningCaseNumber": null, "PlanningCaseName": null, "PlanCaseEnergovID": null}}, {"type": "Feature", "id": 56, "geometry": {"type": "Point", "coordinates": [-77.50023839243802, 38.72104930942014]}, "properties": {"OBJECTID": 56, "GlobalID": "{9E7D6400-FFDF-4D26-97CE-DDB5C575C871}", "GPIN": "7694-87-2108", "BuildingName": "CloudHQ Manassas Corporate Center 7", "PID": "P769400337", "Address": "10101 HARRY J PARRISH BLVD", "BuildingID": "MCC7", "BuildingStatus": "Under Review", "YearBuilt": null, "GFASource": "Proffer", "PermitCase": "BLD2026-04432", "PermitStatus": "Pending", "GFA": 343283, "DCOOD": "Yes", "OCCDate": null, "BPGFA": null, "EnergovID": "2c1a255a-b7d7-423c-b5aa-719a8f5856e7", "CreateUser": null, "CreateDate": null, "LastEditUser": "RFH7157A", "LastEditDate": 1781712753000, "ApprovedGFA": 343283, "PermittedGFA": 235305, "REATaxedGFA": null, "PlanningCaseNumber": "REZ2024-00025", "PlanningCaseName": "Manassas Corporate Center MCC-7", "PlanCaseEnergovID": "96c7aacf-964e-419b-ae82-f9f97a86808d"}}, {"type": "Feature", "id": 57, "geometry": {"type": "Point", "coordinates": [-77.53933881886952, 38.76130502691517]}, "properties": {"OBJECTID": 57, "GlobalID": "{F26E6911-80EE-48D6-BE98-1EFDEDF2D54A}", "GPIN": "7596-61-8378.00", "BuildingName": "Manassas Tech Center Building A", "PID": "P231200004", "Address": "8890 MIKE GARCIA DR", "BuildingID": "A", "BuildingStatus": "Under Construction", "YearBuilt": null, "GFASource": "Proffer", "PermitCase": "BLD2025-00144", "PermitStatus": "Issued", "GFA": 220132, "DCOOD": "Yes", "OCCDate": null, "BPGFA": 220132, "EnergovID": "93754916-e8c7-4686-8d35-8c9684f65754", "CreateUser": null, "CreateDate": null, "LastEditUser": "RFH7157A", "LastEditDate": 1776799734000, "ApprovedGFA": 220132, "PermittedGFA": null, "REATaxedGFA": null, "PlanningCaseNumber": null, "PlanningCaseName": null, "PlanCaseEnergovID": null}}, {"type": "Feature", "id": 58, "geometry": {"type": "Point", "coordinates": [-77.50782981743342, 38.73692557465898]}, "properties": {"OBJECTID": 58, "GlobalID": "{328A4358-0A89-4B1D-A266-A22556402C4C}", "GPIN": "7695-53-9602.00", "BuildingName": "DLR IAD-51", "PID": "P607853669", "Address": "10051 BRICKYARD WAY", "BuildingID": "51", "BuildingStatus": "Completed", "YearBuilt": 2026, "GFASource": "Site Plan", "PermitCase": "BLD2024-02491", "PermitStatus": "Finaled", "GFA": 801246, "DCOOD": "Yes", "OCCDate": null, "BPGFA": 800423, "EnergovID": "46002d00-1a25-439a-bc56-5c662692a014", "CreateUser": null, "CreateDate": null, "LastEditUser": "RFH7157A", "LastEditDate": 1785324279000, "ApprovedGFA": null, "PermittedGFA": null, "REATaxedGFA": null, "PlanningCaseNumber": "REZ2018-00002", "PlanningCaseName": "BRICKYARD", "PlanCaseEnergovID": "5b9b1adb-eadd-43e0-aa7f-4fe0a600d4f2"}}, {"type": "Feature", "id": 59, "geometry": {"type": "Point", "coordinates": [-77.50902961927284, 38.73829766497385]}, "properties": {"OBJECTID": 59, "GlobalID": "{5EA6F5DB-A147-4127-9D03-E161E429B897}", "GPIN": "7695-53-6537.00", "BuildingName": "DLR IAD-50", "PID": "P689957993", "Address": "10050 BRICKYARD WAY", "BuildingID": "50", "BuildingStatus": "Under Construction", "YearBuilt": null, "GFASource": "Site Plan", "PermitCase": "BLD2025-02545", "PermitStatus": "Issued", "GFA": 816374, "DCOOD": "Yes", "OCCDate": null, "BPGFA": 802135, "EnergovID": "71918160-914e-43a8-8774-e8cada7d13ab", "CreateUser": null, "CreateDate": null, "LastEditUser": "RFH7157A", "LastEditDate": 1785324279000, "ApprovedGFA": null, "PermittedGFA": null, "REATaxedGFA": null, "PlanningCaseNumber": "REZ2018-00002", "PlanningCaseName": "BRICKYARD", "PlanCaseEnergovID": "5b9b1adb-eadd-43e0-aa7f-4fe0a600d4f2"}}, {"type": "Feature", "id": 61, "geometry": {"type": "Point", "coordinates": [-77.50980919459151, 38.73228674024637]}, "properties": {"OBJECTID": 61, "GlobalID": "{83CCEAA2-7FF9-42E4-AA28-32CD146924AC}", "GPIN": "7695-50-2882", "BuildingName": "CloudHQ Manassas Data Center 2", "PID": "P680011371", "Address": "10450 HARRY J PARRISH BLVD", "BuildingID": "MDC2", "BuildingStatus": "Under Construction", "YearBuilt": null, "GFASource": "Building Permit", "PermitCase": "BLD2026-01701", "PermitStatus": "Issued", "GFA": 523151, "DCOOD": "Yes", "OCCDate": null, "BPGFA": 523151, "EnergovID": "5ee5f727-07c2-4980-aab7-2d5bd05b0796", "CreateUser": null, "CreateDate": null, "LastEditUser": "RFH7157A", "LastEditDate": 1781712753000, "ApprovedGFA": null, "PermittedGFA": null, "REATaxedGFA": null, "PlanningCaseNumber": "REZ2018-00001", "PlanningCaseName": "ASHWOOD ADDITION", "PlanCaseEnergovID": "bac2c975-6f9e-462c-a9f0-d855015bd869"}}, {"type": "Feature", "id": 62, "geometry": {"type": "Point", "coordinates": [-77.50814086907319, 38.73077150444332]}, "properties": {"OBJECTID": 62, "GlobalID": "{BFDF1341-F019-4053-B958-E19051EB072D}", "GPIN": "7695-50-9420", "BuildingName": "CloudHQ Manassas Data Center 1", "PID": "P361931361", "Address": "10430 HARRY J PARRISH BLVD", "BuildingID": "MDC1", "BuildingStatus": "Under Construction", "YearBuilt": null, "GFASource": "Building Permit", "PermitCase": "BLD2025-04928", "PermitStatus": "Issued", "GFA": 597947, "DCOOD": "Yes", "OCCDate": null, "BPGFA": 597947, "EnergovID": "58d0e971-0794-40ed-a6d5-3f6fdcb4b1fe", "CreateUser": null, "CreateDate": null, "LastEditUser": "RFH7157A", "LastEditDate": 1781712753000, "ApprovedGFA": null, "PermittedGFA": null, "REATaxedGFA": null, "PlanningCaseNumber": "REZ2018-00001", "PlanningCaseName": "ASHWOOD ADDITION", "PlanCaseEnergovID": "bac2c975-6f9e-462c-a9f0-d855015bd869"}}, {"type": "Feature", "id": 63, "geometry": {"type": "Point", "coordinates": [-77.54275450759417, 38.74052878441899]}, "properties": {"OBJECTID": 63, "GlobalID": "{15A959ED-5A09-4519-A32D-D593F0D44C4B}", "GPIN": "7595-54-7478", "BuildingName": "Stack Northern Virginia NVA02J", "PID": "P240900247", "Address": "10155 LINTON HALL RD", "BuildingID": "NVA02J", "BuildingStatus": "Under Construction", "YearBuilt": null, "GFASource": "Proffer", "PermitCase": "BLD2026-01905", "PermitStatus": "Issued", "GFA": 201000, "DCOOD": "No", "OCCDate": null, "BPGFA": 202000, "EnergovID": "9379a798-4e7b-438c-9784-4741faee27d9", "CreateUser": null, "CreateDate": null, "LastEditUser": "RFH7157A", "LastEditDate": 1784220088000, "ApprovedGFA": null, "PermittedGFA": null, "REATaxedGFA": null, "PlanningCaseNumber": "REZ2019-00034", "PlanningCaseName": "Youth for Tomorrow", "PlanCaseEnergovID": "222f06a0-c603-4233-9289-74ff5439b34d"}}, {"type": "Feature", "id": 64, "geometry": {"type": "Point", "coordinates": [-77.53748353206956, 38.783656276043025]}, "properties": {"OBJECTID": 64, "GlobalID": "{3EEE2E42-617A-4C5F-B0C4-B380DE703CE7}", "GPIN": "7596-79-3589", "BuildingName": "Iron Mountain Manassas Point DC1", "PID": "P230400004", "Address": "11461 CONNECTIVITY DR", "BuildingID": "DC1", "BuildingStatus": "Planned", "YearBuilt": 0, "GFASource": "Proffer", "PermitCase": null, "PermitStatus": "Planned", "GFA": 580035, "DCOOD": "Yes", "OCCDate": null, "BPGFA": null, "EnergovID": null, "CreateUser": null, "CreateDate": null, "LastEditUser": "RFH7157A", "LastEditDate": 1776962042000, "ApprovedGFA": null, "PermittedGFA": null, "REATaxedGFA": null, "PlanningCaseNumber": null, "PlanningCaseName": null, "PlanCaseEnergovID": null}}, {"type": "Feature", "id": 65, "geometry": {"type": "Point", "coordinates": [-77.53549399930063, 38.783018689000166]}, "properties": {"OBJECTID": 65, "GlobalID": "{AF883079-F3CE-4398-8016-4E21FC552222}", "GPIN": "7596-89-0058", "BuildingName": "Iron Mountain Manassas Point DC3", "PID": "P230400005", "Address": "11451 CONNECTIVITY DR", "BuildingID": "DC3", "BuildingStatus": "Planned", "YearBuilt": 0, "GFASource": "Proffer", "PermitCase": null, "PermitStatus": "Planned", "GFA": 580035, "DCOOD": "Yes", "OCCDate": null, "BPGFA": null, "EnergovID": null, "CreateUser": null, "CreateDate": null, "LastEditUser": "RFH7157A", "LastEditDate": 1776962042000, "ApprovedGFA": null, "PermittedGFA": null, "REATaxedGFA": null, "PlanningCaseNumber": null, "PlanningCaseName": null, "PlanCaseEnergovID": null}}, {"type": "Feature", "id": 66, "geometry": {"type": "Point", "coordinates": [-77.53586394201615, 38.78458256474122]}, "properties": {"OBJECTID": 66, "GlobalID": "{676DB242-71D7-43CF-805E-6120886ECDB0}", "GPIN": "7596-79-3589", "BuildingName": "Iron Mountain Manassas Point DC2", "PID": "P230400006", "Address": "11441 CONNECTIVITY DR", "BuildingID": "DC2", "BuildingStatus": "Planned", "YearBuilt": 0, "GFASource": "Proffer", "PermitCase": null, "PermitStatus": "Planned", "GFA": 580035, "DCOOD": "Yes", "OCCDate": null, "BPGFA": null, "EnergovID": null, "CreateUser": null, "CreateDate": null, "LastEditUser": "RFH7157A", "LastEditDate": 1776962042000, "ApprovedGFA": null, "PermittedGFA": null, "REATaxedGFA": null, "PlanningCaseNumber": null, "PlanningCaseName": null, "PlanCaseEnergovID": null}}, {"type": "Feature", "id": 67, "geometry": {"type": "Point", "coordinates": [-77.53782219582637, 38.7912910457558]}, "properties": {"OBJECTID": 67, "GlobalID": "{B9A7B59D-9A4B-4B42-B106-09F2DAFE112A}", "GPIN": "7597-72-1867", "BuildingName": "Amazon AWS IAD-7", "PID": "P759701257", "Address": "7505 MASON KING CT", "BuildingID": "IAD7", "BuildingStatus": "Completed", "YearBuilt": 2012, "GFASource": "Estimated", "PermitCase": "BLD2009-02929", "PermitStatus": "Finaled", "GFA": 167193, "DCOOD": "Yes", "OCCDate": 1348099200000, "BPGFA": 102344, "EnergovID": "062d2d05-8c1f-4475-8497-25623bb73fef", "CreateUser": null, "CreateDate": null, "LastEditUser": "PLANNING", "LastEditDate": 1772124006000, "ApprovedGFA": null, "PermittedGFA": null, "REATaxedGFA": 109543, "PlanningCaseNumber": null, "PlanningCaseName": null, "PlanCaseEnergovID": null}}, {"type": "Feature", "id": 68, "geometry": {"type": "Point", "coordinates": [-77.54822199438875, 38.789769087277584]}, "properties": {"OBJECTID": 68, "GlobalID": "{C81E4D95-73C8-4B87-8971-7CF24921D583}", "GPIN": "7597-42-2107", "BuildingName": "Amazon AWS IAD-14", "PID": "P759701644", "Address": "11801 BREWERS SPRING RD", "BuildingID": "IAD14", "BuildingStatus": "Planned", "YearBuilt": null, "GFASource": "Site Plan", "PermitCase": "", "PermitStatus": "Planned", "GFA": 199003, "DCOOD": "Yes", "OCCDate": null, "BPGFA": null, "EnergovID": "", "CreateUser": null, "CreateDate": null, "LastEditUser": "RFH7157A", "LastEditDate": 1779899633000, "ApprovedGFA": null, "PermittedGFA": null, "REATaxedGFA": 115600, "PlanningCaseNumber": null, "PlanningCaseName": null, "PlanCaseEnergovID": null}}, {"type": "Feature", "id": 69, "geometry": {"type": "Point", "coordinates": [-77.5411240118545, 38.79057364452852]}, "properties": {"OBJECTID": 69, "GlobalID": "{6D42C5A5-C196-44B8-B9B0-9F21D59FF6DB}", "GPIN": "7597-62-3841", "BuildingName": "Amazon AWS IAD-11", "PID": "P759700487", "Address": "7510 MASON KING CT", "BuildingID": "IAD11", "BuildingStatus": "Completed", "YearBuilt": 1986, "GFASource": "Estimated", "PermitCase": "85101402B00", "PermitStatus": "Finaled", "GFA": 167145, "DCOOD": "Yes", "OCCDate": 518227200000, "BPGFA": 99999, "EnergovID": "f96be129-35b8-4a53-9429-ddc452e8cf92", "CreateUser": null, "CreateDate": null, "LastEditUser": "PLANNING", "LastEditDate": 1772124006000, "ApprovedGFA": null, "PermittedGFA": null, "REATaxedGFA": 120000, "PlanningCaseNumber": null, "PlanningCaseName": null, "PlanCaseEnergovID": null}}, {"type": "Feature", "id": 70, "geometry": {"type": "Point", "coordinates": [-77.54002198102386, 38.790407542378674]}, "properties": {"OBJECTID": 70, "GlobalID": "{68185CDA-AA32-4F88-9467-1B2F2BF64A28}", "GPIN": "7597-62-3841", "BuildingName": "Amazon AWS IAD-24", "PID": "P759700488", "Address": "7610 MASON KING CT", "BuildingID": "IAD24", "BuildingStatus": "Completed", "YearBuilt": 2012, "GFASource": "Estimated", "PermitCase": "BLD2012-02503", "PermitStatus": "Finaled", "GFA": 41786, "DCOOD": "Yes", "OCCDate": 1348099200000, "BPGFA": 21500, "EnergovID": "38b11878-da8b-496f-b559-381a5b0674eb", "CreateUser": null, "CreateDate": null, "LastEditUser": "PLANNING", "LastEditDate": 1772124006000, "ApprovedGFA": null, "PermittedGFA": null, "REATaxedGFA": 30000, "PlanningCaseNumber": null, "PlanningCaseName": null, "PlanCaseEnergovID": null}}, {"type": "Feature", "id": 71, "geometry": {"type": "Point", "coordinates": [-77.54845511028691, 38.79121979126066]}, "properties": {"OBJECTID": 71, "GlobalID": "{5015DC26-0D40-477A-87BB-03010B025DC6}", "GPIN": "7597-42-1456", "BuildingName": "Amazon AWS IAD-52", "PID": "P759701648", "Address": "11800 BREWERS SPRING RD", "BuildingID": "IAD52", "BuildingStatus": "Planned", "YearBuilt": null, "GFASource": "Site Plan", "PermitCase": "", "PermitStatus": "Planned", "GFA": 226123, "DCOOD": "Yes", "OCCDate": null, "BPGFA": null, "EnergovID": "", "CreateUser": null, "CreateDate": null, "LastEditUser": "RFH7157A", "LastEditDate": 1779899633000, "ApprovedGFA": null, "PermittedGFA": null, "REATaxedGFA": 123534, "PlanningCaseNumber": null, "PlanningCaseName": null, "PlanCaseEnergovID": null}}, {"type": "Feature", "id": 72, "geometry": {"type": "Point", "coordinates": [-77.54852311666268, 38.79231426421182]}, "properties": {"OBJECTID": 72, "GlobalID": "{67F801D4-BEA5-4A30-BCD3-1E4FEF762FA0}", "GPIN": "7597-42-1395", "BuildingName": "Amazon AWS IAD-59", "PID": "P759701649", "Address": "7600 DOANE DR", "BuildingID": "IAD59", "BuildingStatus": "Planned", "YearBuilt": null, "GFASource": "Site Plan", "PermitCase": "", "PermitStatus": "Planned", "GFA": 226132, "DCOOD": "Yes", "OCCDate": null, "BPGFA": null, "EnergovID": "", "CreateUser": null, "CreateDate": null, "LastEditUser": "RFH7157A", "LastEditDate": 1779899633000, "ApprovedGFA": null, "PermittedGFA": null, "REATaxedGFA": 127700, "PlanningCaseNumber": null, "PlanningCaseName": null, "PlanCaseEnergovID": null}}, {"type": "Feature", "id": 73, "geometry": {"type": "Point", "coordinates": [-77.53271713791467, 38.79855544241973]}, "properties": {"OBJECTID": 73, "GlobalID": "{7A2904E3-2675-45F8-9A12-CC15E60E239E}", "GPIN": "7597-85-1215", "BuildingName": "Microsoft Azure MNZ01", "PID": "P240500206", "Address": "11320 BALLS FORD RD", "BuildingID": "MNZ01", "BuildingStatus": "Under Review", "YearBuilt": null, "GFASource": "Proffer", "PermitCase": "BLD2024-06291", "PermitStatus": "Pending", "GFA": 566280, "DCOOD": "Yes", "OCCDate": null, "BPGFA": null, "EnergovID": "d3d1ac93-fcaa-4ff1-8aa1-b7f977b4bccb", "CreateUser": null, "CreateDate": null, "LastEditUser": "RFH7157A", "LastEditDate": 1781712753000, "ApprovedGFA": null, "PermittedGFA": null, "REATaxedGFA": null, "PlanningCaseNumber": null, "PlanningCaseName": null, "PlanCaseEnergovID": null}}, {"type": "Feature", "id": 74, "geometry": {"type": "Point", "coordinates": [-77.53499920725051, 38.79897201897513]}, "properties": {"OBJECTID": 74, "GlobalID": "{F6C36936-E06B-427F-AFD1-CE0502836C7A}", "GPIN": "7597-85-1215", "BuildingName": "Microsoft Azure MNZ02", "PID": "", "Address": "11324 BALLS FORD RD", "BuildingID": "MNZ02", "BuildingStatus": "Planned", "YearBuilt": 0, "GFASource": "Proffer", "PermitCase": null, "PermitStatus": "Planned", "GFA": 566280, "DCOOD": "Yes", "OCCDate": null, "BPGFA": null, "EnergovID": null, "CreateUser": null, "CreateDate": null, "LastEditUser": "RFH7157A", "LastEditDate": 1776962042000, "ApprovedGFA": null, "PermittedGFA": null, "REATaxedGFA": null, "PlanningCaseNumber": null, "PlanningCaseName": null, "PlanCaseEnergovID": null}}, {"type": "Feature", "id": 75, "geometry": {"type": "Point", "coordinates": [-77.52787573902992, 38.79884377483611]}, "properties": {"OBJECTID": 75, "GlobalID": "{7A899C6C-7EC6-4DC8-8372-515B72DB93DB}", "GPIN": "7597-95-8953", "BuildingName": "Aligned Data Centers IAD05", "PID": "P759701609", "Address": "10920 BALLS FORD RD", "BuildingID": "IAD05", "BuildingStatus": "Planned", "YearBuilt": null, "GFASource": "Site Plan", "PermitCase": null, "PermitStatus": "Planned", "GFA": 432742, "DCOOD": "Yes", "OCCDate": null, "BPGFA": null, "EnergovID": null, "CreateUser": null, "CreateDate": null, "LastEditUser": "RFH7157A", "LastEditDate": 1776875132000, "ApprovedGFA": 1275141, "PermittedGFA": null, "REATaxedGFA": null, "PlanningCaseNumber": null, "PlanningCaseName": null, "PlanCaseEnergovID": null}}, {"type": "Feature", "id": 76, "geometry": {"type": "Point", "coordinates": [-77.5822059872027, 38.79443899970675]}, "properties": {"OBJECTID": 76, "GlobalID": "{A42E6743-D382-464E-B815-B93B27BDB814}", "GPIN": "7497-43-7416", "BuildingName": "Microsoft Azure 3", "PID": "P633199165", "Address": "13490 UNIVERSITY BLVD", "BuildingID": "3", "BuildingStatus": "Pending", "YearBuilt": null, "GFASource": "Estimated", "PermitCase": null, "PermitStatus": "Planned", "GFA": 633333, "DCOOD": "Yes", "OCCDate": null, "BPGFA": null, "EnergovID": null, "CreateUser": null, "CreateDate": null, "LastEditUser": "RFH7157A", "LastEditDate": 1779193225000, "ApprovedGFA": null, "PermittedGFA": null, "REATaxedGFA": null, "PlanningCaseNumber": "REZ1958-0021", "PlanningCaseName": "BOCS-ARC", "PlanCaseEnergovID": "7b3b0a5f-c395-47c0-99c0-eb53f411acb3"}}, {"type": "Feature", "id": 77, "geometry": {"type": "Point", "coordinates": [-77.58190974149029, 38.789307010327285]}, "properties": {"OBJECTID": 77, "GlobalID": "{328FE6C8-5807-4B7F-BC04-F87760F7C4F6}", "GPIN": "7497-41-7199", "BuildingName": "Amazon AWS IAD A", "PID": "P629348362", "Address": "7725 DEACON FALLS DR", "BuildingID": "A", "BuildingStatus": "Under Construction", "YearBuilt": null, "GFASource": "Building Permit", "PermitCase": "BLD2022-05922", "PermitStatus": "Issued", "GFA": 258716, "DCOOD": "Yes", "OCCDate": null, "BPGFA": 258716, "EnergovID": "c20554b9-17a3-4a2e-ab27-453450f1f9d1", "CreateUser": null, "CreateDate": null, "LastEditUser": "RFH7157A", "LastEditDate": 1784287120000, "ApprovedGFA": 258716, "PermittedGFA": null, "REATaxedGFA": null, "PlanningCaseNumber": "REZ1958-0021", "PlanningCaseName": "BOCS-ARC", "PlanCaseEnergovID": "7b3b0a5f-c395-47c0-99c0-eb53f411acb3"}}, {"type": "Feature", "id": 78, "geometry": {"type": "Point", "coordinates": [-77.58617452326537, 38.79074164469143]}, "properties": {"OBJECTID": 78, "GlobalID": "{B7B799BC-88A9-4389-A016-B5AC5FB55245}", "GPIN": "7497-32-5305", "BuildingName": "Amazon AWS IAD B", "PID": "P230300369", "Address": "13225 SKYLARK VIEW WAY", "BuildingID": "IAD B", "BuildingStatus": "Planned", "YearBuilt": null, "GFASource": "Site Plan", "PermitCase": null, "PermitStatus": "Planned", "GFA": 316065, "DCOOD": "Yes", "OCCDate": null, "BPGFA": null, "EnergovID": null, "CreateUser": null, "CreateDate": null, "LastEditUser": "RFH7157A", "LastEditDate": 1780320404000, "ApprovedGFA": 316065, "PermittedGFA": null, "REATaxedGFA": null, "PlanningCaseNumber": "REZ1958-0021", "PlanningCaseName": "BOCS-ARC", "PlanCaseEnergovID": "7b3b0a5f-c395-47c0-99c0-eb53f411acb3"}}, {"type": "Feature", "id": 83, "geometry": {"type": "Point", "coordinates": [-77.5823887783089, 38.80251062876824]}, "properties": {"OBJECTID": 83, "GlobalID": "{D388F7DA-0138-43E7-B08D-97C4ADD1C8DB}", "GPIN": "7497-46-2858", "BuildingName": "Corscale Gainesville Crossing 1", "PID": "P729354965", "Address": "13760 UNIVERSITY BLVD", "BuildingID": "GCDC1", "BuildingStatus": "Completed", "YearBuilt": 2024, "GFASource": "Proffer", "PermitCase": "BLD2021-08185", "PermitStatus": "Finaled", "GFA": 600000, "DCOOD": "No", "OCCDate": 1716508800000, "BPGFA": 482223, "EnergovID": "2fadb699-9f93-441e-9638-2aa5df369eca", "CreateUser": null, "CreateDate": null, "LastEditUser": "RFH7157A", "LastEditDate": 1773153188000, "ApprovedGFA": 600000, "PermittedGFA": null, "REATaxedGFA": 482223, "PlanningCaseNumber": "REZ2018-00008", "PlanningCaseName": "GAINESVILLE CROSSING", "PlanCaseEnergovID": "e84871aa-43c8-4189-9b23-16244c45106e"}}, {"type": "Feature", "id": 84, "geometry": {"type": "Point", "coordinates": [-77.58063110648109, 38.79956791576149]}, "properties": {"OBJECTID": 84, "GlobalID": "{0BEA01F3-D04D-4B96-9575-27B9B03D28F2}", "GPIN": "7497-45-9757", "BuildingName": "Corscale Gainesville Crossing 3", "PID": "P221200019", "Address": "13720 UNIVERSITY BLVD", "BuildingID": "GCDC3", "BuildingStatus": "Under Construction", "YearBuilt": null, "GFASource": "Proffer", "PermitCase": "BLD2024-07030", "PermitStatus": "Issued", "GFA": 600000, "DCOOD": "No", "OCCDate": null, "BPGFA": 363220, "EnergovID": "20ce9262-bd0f-447c-92fe-41d42a1adc8a", "CreateUser": null, "CreateDate": null, "LastEditUser": "RFH7157A", "LastEditDate": 1773153188000, "ApprovedGFA": 600000, "PermittedGFA": null, "REATaxedGFA": 363220, "PlanningCaseNumber": "REZ2018-00008", "PlanningCaseName": "GAINESVILLE CROSSING", "PlanCaseEnergovID": "e84871aa-43c8-4189-9b23-16244c45106e"}}, {"type": "Feature", "id": 85, "geometry": {"type": "Point", "coordinates": [-77.57753434697644, 38.80366274825903]}, "properties": {"OBJECTID": 85, "GlobalID": "{50EF89A8-391E-407F-990D-073521DBBB6B}", "GPIN": "7497-57-7904", "BuildingName": "Corscale Gainesville Crossing 5", "PID": "P240900167", "Address": "13750 UNIVERSITY BLVD", "BuildingID": "GCDC5", "BuildingStatus": "Planned", "YearBuilt": 0, "GFASource": "Proffer", "PermitCase": null, "PermitStatus": "Planned", "GFA": 600000, "DCOOD": "No", "OCCDate": null, "BPGFA": null, "EnergovID": null, "CreateUser": null, "CreateDate": null, "LastEditUser": "RFH7157A", "LastEditDate": 1776962042000, "ApprovedGFA": 600000, "PermittedGFA": null, "REATaxedGFA": null, "PlanningCaseNumber": "REZ2018-00008", "PlanningCaseName": "GAINESVILLE CROSSING", "PlanCaseEnergovID": "e84871aa-43c8-4189-9b23-16244c45106e"}}, {"type": "Feature", "id": 86, "geometry": {"type": "Point", "coordinates": [-77.57763899286154, 38.800684120294534]}, "properties": {"OBJECTID": 86, "GlobalID": "{0CF1CEBA-6211-4C6D-A01F-C2DF7EA88248}", "GPIN": "7497-55-7796", "BuildingName": "Corscale Gainesville Crossing 4", "PID": "P240900166", "Address": "13746 UNIVERSITY BLVD", "BuildingID": "GCDC4", "BuildingStatus": "Planned", "YearBuilt": 0, "GFASource": "Proffer", "PermitCase": "BLD2026-04211", "PermitStatus": "Pending", "GFA": 600000, "DCOOD": "No", "OCCDate": null, "BPGFA": null, "EnergovID": "1c21a374-413e-41de-a32f-893ec49d4206", "CreateUser": null, "CreateDate": null, "LastEditUser": "RFH7157A", "LastEditDate": 1781712753000, "ApprovedGFA": 600000, "PermittedGFA": null, "REATaxedGFA": null, "PlanningCaseNumber": "REZ2018-00008", "PlanningCaseName": "GAINESVILLE CROSSING", "PlanCaseEnergovID": "e84871aa-43c8-4189-9b23-16244c45106e"}}, {"type": "Feature", "id": 87, "geometry": {"type": "Point", "coordinates": [-77.5834092466098, 38.79994666564604]}, "properties": {"OBJECTID": 87, "GlobalID": "{58F50BE6-EE06-4070-A1E2-214ECEA73186}", "GPIN": "7497-45-3874", "BuildingName": "Corscale Gainesville Crossing 2", "PID": "P221200018", "Address": "13710 UNIVERSITY BLVD", "BuildingID": "GCDC2", "BuildingStatus": "Completed", "YearBuilt": 2026, "GFASource": "Real Estate Assessments", "PermitCase": "BLD2023-02498", "PermitStatus": "Finaled", "GFA": 480200, "DCOOD": "No", "OCCDate": 1770768000000, "BPGFA": 480000, "EnergovID": "bb750b17-4600-4148-8ae8-200e846cb8a8", "CreateUser": null, "CreateDate": null, "LastEditUser": "RFH7157A", "LastEditDate": 1777908877000, "ApprovedGFA": 600000, "PermittedGFA": 480000, "REATaxedGFA": 482200, "PlanningCaseNumber": "REZ2018-00008", "PlanningCaseName": "GAINESVILLE CROSSING", "PlanCaseEnergovID": "e84871aa-43c8-4189-9b23-16244c45106e"}}, {"type": "Feature", "id": 88, "geometry": {"type": "Point", "coordinates": [-77.53980071071295, 38.76974578836495]}, "properties": {"OBJECTID": 88, "GlobalID": "{EB87F2AE-8684-48D5-AB2A-60CD8F5804FF}", "GPIN": "7596-64-6285", "BuildingName": "Iron Mountain Data Center VA-10", "PID": "P230900019", "Address": "11451 ELEVATE DR", "BuildingID": "VA10", "BuildingStatus": "Completed", "YearBuilt": 2025, "GFASource": "", "PermitCase": "BLD2024-02696", "PermitStatus": "Finaled", "GFA": 0, "DCOOD": "Yes", "OCCDate": 1750896000000, "BPGFA": 33574, "EnergovID": "07785d7f-224d-49f2-a795-61db13d15b6b", "CreateUser": null, "CreateDate": null, "LastEditUser": "PLANNING", "LastEditDate": 1772124006000, "ApprovedGFA": null, "PermittedGFA": null, "REATaxedGFA": 33574, "PlanningCaseNumber": null, "PlanningCaseName": null, "PlanCaseEnergovID": null}}, {"type": "Feature", "id": 89, "geometry": {"type": "Point", "coordinates": [-77.56921116718439, 38.779815056126935]}, "properties": {"OBJECTID": 89, "GlobalID": "{62DB7C0E-FD44-448D-BDE0-3D7A478EF8BB}", "GPIN": "7496-88-1217", "BuildingName": "Microsoft Azure MNZ03", "PID": "P230600481", "Address": "13060 HANSEN FARM RD", "BuildingID": "MNZ03", "BuildingStatus": "Under Construction", "YearBuilt": null, "GFASource": "Building Permit", "PermitCase": "BLD2023-07492", "PermitStatus": "Issued", "GFA": 312931, "DCOOD": "Yes", "OCCDate": null, "BPGFA": 312931, "EnergovID": "975ee410-8d79-4c4b-97be-8d4562a59b66", "CreateUser": null, "CreateDate": null, "LastEditUser": "RFH7157A", "LastEditDate": 1781029011000, "ApprovedGFA": null, "PermittedGFA": null, "REATaxedGFA": 312931, "PlanningCaseNumber": null, "PlanningCaseName": null, "PlanCaseEnergovID": null}}, {"type": "Feature", "id": 90, "geometry": {"type": "Point", "coordinates": [-77.56985995019619, 38.778696501609666]}, "properties": {"OBJECTID": 90, "GlobalID": "{5108369B-C77A-46E7-9DC2-6AAAACB82047}", "GPIN": "7496-88-1217", "BuildingName": "Microsoft Azure MNZ04", "PID": "P241000095", "Address": "13062 HANSEN FARM RD", "BuildingID": "MNZ04", "BuildingStatus": "Planned", "YearBuilt": 0, "GFASource": "Site Plan", "PermitCase": "BLD2025-02384", "PermitStatus": "Planned", "GFA": 310856, "DCOOD": "Yes", "OCCDate": null, "BPGFA": null, "EnergovID": "053c75c2-ab7a-4cc5-bd10-ff20afa7d17c", "CreateUser": null, "CreateDate": null, "LastEditUser": "RFH7157A", "LastEditDate": 1781712753000, "ApprovedGFA": null, "PermittedGFA": null, "REATaxedGFA": null, "PlanningCaseNumber": null, "PlanningCaseName": null, "PlanCaseEnergovID": null}}, {"type": "Feature", "id": 91, "geometry": {"type": "Point", "coordinates": [-77.57027854795338, 38.77774149410254]}, "properties": {"OBJECTID": 91, "GlobalID": "{D63187E2-33AC-495F-89A0-6CA3815F29DA}", "GPIN": "7496-88-1217", "BuildingName": "Microsoft Azure MNZ05", "PID": "P241000096", "Address": "13064 HANSEN FARM RD", "BuildingID": "MNZ05", "BuildingStatus": "Planned", "YearBuilt": 0, "GFASource": "Site Plan", "PermitCase": "<Null>", "PermitStatus": "Planned", "GFA": 310856, "DCOOD": "Yes", "OCCDate": null, "BPGFA": null, "EnergovID": null, "CreateUser": null, "CreateDate": null, "LastEditUser": "RFH7157A", "LastEditDate": 1781029011000, "ApprovedGFA": null, "PermittedGFA": null, "REATaxedGFA": null, "PlanningCaseNumber": null, "PlanningCaseName": null, "PlanCaseEnergovID": null}}, {"type": "Feature", "id": 92, "geometry": {"type": "Point", "coordinates": [-77.57081875714839, 38.776848433170116]}, "properties": {"OBJECTID": 92, "GlobalID": "{4CBF5ECF-0188-4F2A-8D5C-DBE553ED881B}", "GPIN": "7496-88-1217", "BuildingName": "Microsoft Azure MNZ06", "PID": "P241000097", "Address": "13066 HANSEN FARM RD", "BuildingID": "MNZ06", "BuildingStatus": "Planned", "YearBuilt": 0, "GFASource": "Proffers", "PermitCase": "<Null>", "PermitStatus": "Planned", "GFA": 495709, "DCOOD": "Yes", "OCCDate": null, "BPGFA": null, "EnergovID": null, "CreateUser": null, "CreateDate": null, "LastEditUser": "RFH7157A", "LastEditDate": 1776962042000, "ApprovedGFA": null, "PermittedGFA": null, "REATaxedGFA": null, "PlanningCaseNumber": null, "PlanningCaseName": null, "PlanCaseEnergovID": null}}, {"type": "Feature", "id": 93, "geometry": {"type": "Point", "coordinates": [-77.58224163235731, 38.77596403502838]}, "properties": {"OBJECTID": 93, "GlobalID": "{E41E2C6F-BFA7-469D-A6EC-1033683DCB8A}", "GPIN": "7496-47-2405", "BuildingName": "Yondr Bristow Campus Building 1", "PID": "P934364181", "Address": "13051 ROLLINS FORD RD", "BuildingID": "1", "BuildingStatus": "Completed", "YearBuilt": 2025, "GFASource": "Building Permit", "PermitCase": "BLD2022-03616", "PermitStatus": "Finaled", "GFA": 324580, "DCOOD": "Yes", "OCCDate": 1750723200000, "BPGFA": 324580, "EnergovID": "e40da1c9-fa6a-49d7-94cd-085ed48b5caf", "CreateUser": null, "CreateDate": null, "LastEditUser": "RFH7157A", "LastEditDate": 1780056547000, "ApprovedGFA": null, "PermittedGFA": 324580, "REATaxedGFA": 378760, "PlanningCaseNumber": "REZ2017-00023", "PlanningCaseName": "AURA DEVELOPMENT", "PlanCaseEnergovID": "635db761-516c-4b17-8de3-4283b79a94da"}}, {"type": "Feature", "id": 94, "geometry": {"type": "Point", "coordinates": [-77.58475710015539, 38.775044838233185]}, "properties": {"OBJECTID": 94, "GlobalID": "{7BFBB655-7B13-4A0D-8B34-D2EF41006E5C}", "GPIN": "7496-47-2405", "BuildingName": "Yondr Bristow Campus Building 2", "PID": "P220700501", "Address": "13085 ROLLINS FORD RD", "BuildingID": "2", "BuildingStatus": "Completed", "YearBuilt": 2025, "GFASource": "Building Permit", "PermitCase": "BLD2023-01345", "PermitStatus": "Finaled", "GFA": 288530, "DCOOD": "Yes", "OCCDate": 1750723200000, "BPGFA": 288530, "EnergovID": "747220f2-0b31-4b69-b011-f6a5a892ce94", "CreateUser": null, "CreateDate": null, "LastEditUser": "RFH7157A", "LastEditDate": 1780056547000, "ApprovedGFA": null, "PermittedGFA": 288530, "REATaxedGFA": 377530, "PlanningCaseNumber": "REZ2017-00023", "PlanningCaseName": "AURA DEVELOPMENT", "PlanCaseEnergovID": "635db761-516c-4b17-8de3-4283b79a94da"}}, {"type": "Feature", "id": 95, "geometry": {"type": "Point", "coordinates": [-77.58572279784771, 38.77924712064747]}, "properties": {"OBJECTID": 95, "GlobalID": "{53E64FD6-6EEA-4BA6-B689-F2F2DB7BE8DA}", "GPIN": "7496-47-2405", "BuildingName": "Yondr Bristow Campus Building 3", "PID": "P221100005", "Address": "13040 ROLLINS FORD RD", "BuildingID": "3", "BuildingStatus": "Under Construction", "YearBuilt": null, "GFASource": "Building Permit", "PermitCase": "BLD2023-04428", "PermitStatus": "Issued", "GFA": 288530, "DCOOD": "Yes", "OCCDate": null, "BPGFA": 288530, "EnergovID": "d8c38528-a24b-4fd6-9cd3-f9e9d7847a67", "CreateUser": null, "CreateDate": null, "LastEditUser": "RFH7157A", "LastEditDate": 1780056547000, "ApprovedGFA": null, "PermittedGFA": null, "REATaxedGFA": 377530, "PlanningCaseNumber": "REZ2017-00023", "PlanningCaseName": "AURA DEVELOPMENT", "PlanCaseEnergovID": "635db761-516c-4b17-8de3-4283b79a94da"}}, {"type": "Feature", "id": 96, "geometry": {"type": "Point", "coordinates": [-77.59511824767937, 38.7779246470244]}, "properties": {"OBJECTID": 96, "GlobalID": "{DC8DFBE7-BCC3-4024-95E5-07B1AFC0F7C8}", "GPIN": "7496-07-8757", "BuildingName": "Digital Realty VA4", "PID": "P749600030", "Address": "8217 LINTON HALL RD", "BuildingID": "VA4", "BuildingStatus": "Completed", "YearBuilt": 2002, "GFASource": "Real Estate Assessments", "PermitCase": "BLD2001-04142", "PermitStatus": "Finaled", "GFA": 227465, "DCOOD": "Yes", "OCCDate": 1036540800000, "BPGFA": 296000, "EnergovID": "30f91877-942c-4458-b223-eb006664011d", "CreateUser": null, "CreateDate": null, "LastEditUser": "RFH7157A", "LastEditDate": 1777561965000, "ApprovedGFA": 345968, "PermittedGFA": 296000, "REATaxedGFA": 227465, "PlanningCaseNumber": "REZ1958-0021", "PlanningCaseName": "BOCS", "PlanCaseEnergovID": "7b3b0a5f-c395-47c0-99c0-eb53f411acb3"}}, {"type": "Feature", "id": 97, "geometry": {"type": "Point", "coordinates": [-77.62202251914788, 38.80284282453461]}, "properties": {"OBJECTID": 97, "GlobalID": "{97DC5D52-6C1B-4FDB-B507-2E475F73D0AD}", "GPIN": "7397-36-1468", "BuildingName": "Village Place Technology Park Bldg 4", "PID": "P279453322", "Address": "14495 JOHN MARSHALL HWY", "BuildingID": "4", "BuildingStatus": "Under Construction", "YearBuilt": null, "GFASource": "", "PermitCase": "BLD2023-01296", "PermitStatus": "Issued", "GFA": 0, "DCOOD": "No", "OCCDate": null, "BPGFA": 252966, "EnergovID": "c7d90ea4-b26e-4aeb-91e4-9feeba561cc5", "CreateUser": null, "CreateDate": null, "LastEditUser": "RFH7157A", "LastEditDate": 1770003947000, "ApprovedGFA": null, "PermittedGFA": null, "REATaxedGFA": 252966, "PlanningCaseNumber": null, "PlanningCaseName": null, "PlanCaseEnergovID": null}}, {"type": "Feature", "id": 98, "geometry": {"type": "Point", "coordinates": [-77.62096013483674, 38.80191241261744]}, "properties": {"OBJECTID": 98, "GlobalID": "{5B49EE9D-1380-4D80-A059-ADC80A805E3E}", "GPIN": "7397-36-2834", "BuildingName": "Village Place Technology Park Bldg 3", "PID": "P370281578", "Address": "14475 JOHN MARSHALL HWY", "BuildingID": "3", "BuildingStatus": "Under Construction", "YearBuilt": null, "GFASource": "", "PermitCase": "BLD2023-04861", "PermitStatus": "Issued", "GFA": 0, "DCOOD": "No", "OCCDate": null, "BPGFA": 253470, "EnergovID": "b65933a0-cd7e-4654-923f-ddc0bf1ad015", "CreateUser": null, "CreateDate": null, "LastEditUser": "RFH7157A", "LastEditDate": 1770003947000, "ApprovedGFA": null, "PermittedGFA": null, "REATaxedGFA": 253470, "PlanningCaseNumber": null, "PlanningCaseName": null, "PlanCaseEnergovID": null}}, {"type": "Feature", "id": 99, "geometry": {"type": "Point", "coordinates": [-77.6202859573736, 38.801371047949814]}, "properties": {"OBJECTID": 99, "GlobalID": "{7EC0611D-58D8-44A7-A4DC-4E1FFB249EA3}", "GPIN": "7397-35-5597", "BuildingName": "Village Place Technology Park Bldg 2", "PID": "P149551190", "Address": "14455 JOHN MARSHALL HWY", "BuildingID": "2", "BuildingStatus": "Under Construction", "YearBuilt": null, "GFASource": "", "PermitCase": "BLD2023-07720", "PermitStatus": "Issued", "GFA": 0, "DCOOD": "No", "OCCDate": null, "BPGFA": 253816, "EnergovID": "864d00a9-f7b3-486b-b319-5306ed797dbe", "CreateUser": null, "CreateDate": null, "LastEditUser": "RFH7157A", "LastEditDate": 1770003947000, "ApprovedGFA": null, "PermittedGFA": null, "REATaxedGFA": 253816, "PlanningCaseNumber": null, "PlanningCaseName": null, "PlanCaseEnergovID": null}}, {"type": "Feature", "id": 100, "geometry": {"type": "Point", "coordinates": [-77.62005346463752, 38.79983545148465]}, "properties": {"OBJECTID": 100, "GlobalID": "{21FC1137-FAE1-4085-B6CE-60F2E221812E}", "GPIN": "7397-35-8363", "BuildingName": "Village Place Technology Park Bldg 1", "PID": "P212840159", "Address": "14435 JOHN MARSHALL HWY", "BuildingID": "1", "BuildingStatus": "Under Construction", "YearBuilt": null, "GFASource": "", "PermitCase": "BLD2024-03062", "PermitStatus": "Issued", "GFA": 0, "DCOOD": "No", "OCCDate": null, "BPGFA": 217917, "EnergovID": "8527617c-9917-47fb-a807-7a34bb4c1ba3", "CreateUser": null, "CreateDate": null, "LastEditUser": "RFH7157A", "LastEditDate": 1770003947000, "ApprovedGFA": null, "PermittedGFA": null, "REATaxedGFA": 217917, "PlanningCaseNumber": null, "PlanningCaseName": null, "PlanCaseEnergovID": null}}, {"type": "Feature", "id": 101, "geometry": {"type": "Point", "coordinates": [-77.61000566451116, 38.79981805288792]}, "properties": {"OBJECTID": 101, "GlobalID": "{0AD393F1-8659-4602-ADBD-599684D1233A}", "GPIN": "7397-56-8403", "BuildingName": "NTT Grove at Gainesville VA10", "PID": "P230300366", "Address": "7253 GROVE HILL BLVD", "BuildingID": "NTT VA10", "BuildingStatus": "Under Construction", "YearBuilt": null, "GFASource": "Building Permit", "PermitCase": "BLD2023-05471", "PermitStatus": "Issued", "GFA": 560942, "DCOOD": "No", "OCCDate": null, "BPGFA": 560942, "EnergovID": "357b9311-fd43-4c5c-933b-1bb68c7f9e24", "CreateUser": null, "CreateDate": null, "LastEditUser": "RFH7157A", "LastEditDate": 1780662738000, "ApprovedGFA": null, "PermittedGFA": null, "REATaxedGFA": 560942, "PlanningCaseNumber": null, "PlanningCaseName": null, "PlanCaseEnergovID": null}}, {"type": "Feature", "id": 102, "geometry": {"type": "Point", "coordinates": [-77.61272771736844, 38.80102398813513]}, "properties": {"OBJECTID": 102, "GlobalID": "{7F9F6148-D723-4F16-8EBF-B22AD695FB4D}", "GPIN": "7397-56-8403", "BuildingName": "NTT Grove at Gainesville VA12", "PID": "P230300367", "Address": "7250 GROVE HILL BLVD", "BuildingID": "NTT VA12", "BuildingStatus": "Planned", "YearBuilt": 0, "GFASource": "Building Permit", "PermitCase": "BLD2026-05831", "PermitStatus": "Planned", "GFA": 580498, "DCOOD": "No", "OCCDate": null, "BPGFA": null, "EnergovID": null, "CreateUser": null, "CreateDate": null, "LastEditUser": "RFH7157A", "LastEditDate": 1781712753000, "ApprovedGFA": null, "PermittedGFA": 580498, "REATaxedGFA": null, "PlanningCaseNumber": null, "PlanningCaseName": null, "PlanCaseEnergovID": null}}, {"type": "Feature", "id": 103, "geometry": {"type": "Point", "coordinates": [-77.61481644000615, 38.802576236452225]}, "properties": {"OBJECTID": 103, "GlobalID": "{23A78CF7-D180-4294-A0C3-2387EF42CCB1}", "GPIN": "7397-56-8403", "BuildingName": "NTT Grove at Gainesville VA13", "PID": "P230600613", "Address": "7151 CATHARPIN RD", "BuildingID": "NTT VA13", "BuildingStatus": "Planned", "YearBuilt": null, "GFASource": "Estimated", "PermitCase": null, "PermitStatus": "Planned", "GFA": 557012, "DCOOD": "No", "OCCDate": null, "BPGFA": null, "EnergovID": null, "CreateUser": null, "CreateDate": null, "LastEditUser": "RFH7157A", "LastEditDate": 1780662738000, "ApprovedGFA": null, "PermittedGFA": null, "REATaxedGFA": null, "PlanningCaseNumber": null, "PlanningCaseName": null, "PlanCaseEnergovID": null}}, {"type": "Feature", "id": 104, "geometry": {"type": "Point", "coordinates": [-77.61133498942738, 38.80044939977437]}, "properties": {"OBJECTID": 104, "GlobalID": "{3517EF61-9810-4640-B5D0-D4F254B4BFFA}", "GPIN": "7397-56-8403", "BuildingName": "NTT Grove at Gainesville VA11", "PID": "P230300365", "Address": "7251 GROVE HILL BLVD", "BuildingID": "NTT VA11", "BuildingStatus": "Under Construction", "YearBuilt": null, "GFASource": "Building Permit", "PermitCase": "BLD2025-04670", "PermitStatus": "Issued", "GFA": 580498, "DCOOD": "No", "OCCDate": null, "BPGFA": 580498, "EnergovID": "9053787d-d59c-4282-a0c3-a587aad40bf6", "CreateUser": null, "CreateDate": null, "LastEditUser": "RFH7157A", "LastEditDate": 1780662738000, "ApprovedGFA": null, "PermittedGFA": null, "REATaxedGFA": 580498, "PlanningCaseNumber": null, "PlanningCaseName": null, "PlanCaseEnergovID": null}}, {"type": "Feature", "id": 105, "geometry": {"type": "Point", "coordinates": [-77.64860563384089, 38.81556983696879]}, "properties": {"OBJECTID": 105, "GlobalID": "{9CEEBCE5-3CBE-43BF-B0A1-62831078BF47}", "GPIN": "7298-51-5907", "BuildingName": "Amazon AWS IAD-55", "PID": "P729800698", "Address": "15395 JOHN MARSHALL HWY", "BuildingID": "IAD55", "BuildingStatus": "Completed", "YearBuilt": 2014, "GFASource": "", "PermitCase": "BLD2014-01766", "PermitStatus": "Finaled", "GFA": 0, "DCOOD": "No", "OCCDate": 1406592000000, "BPGFA": 230150, "EnergovID": "925d0843-100c-42cb-a96c-5af416e9a4bd", "CreateUser": null, "CreateDate": null, "LastEditUser": "PLANNING", "LastEditDate": 1772124006000, "ApprovedGFA": null, "PermittedGFA": null, "REATaxedGFA": 236082, "PlanningCaseNumber": null, "PlanningCaseName": null, "PlanCaseEnergovID": null}}, {"type": "Feature", "id": 106, "geometry": {"type": "Point", "coordinates": [-77.65205464462707, 38.81684660561621]}, "properties": {"OBJECTID": 106, "GlobalID": "{F219B0F4-AC74-4BE2-82C1-16C2BD73D672}", "GPIN": "7298-41-4524", "BuildingName": "Amazon AWS IAD 15445 John Marshall", "PID": "P836331163", "Address": "15445 JOHN MARSHALL HWY", "BuildingID": "3", "BuildingStatus": "Completed", "YearBuilt": 2024, "GFASource": "", "PermitCase": "BLD2022-07765", "PermitStatus": "Finaled", "GFA": 0, "DCOOD": "No", "OCCDate": 1730764800000, "BPGFA": 141592, "EnergovID": "801e0b5d-c422-46aa-ba73-36a5a3ccb89a", "CreateUser": null, "CreateDate": null, "LastEditUser": "PLANNING", "LastEditDate": 1772124006000, "ApprovedGFA": null, "PermittedGFA": null, "REATaxedGFA": 141592, "PlanningCaseNumber": null, "PlanningCaseName": null, "PlanCaseEnergovID": null}}, {"type": "Feature", "id": 107, "geometry": {"type": "Point", "coordinates": [-77.65282005751975, 38.81509863681358]}, "properties": {"OBJECTID": 107, "GlobalID": "{A50806C3-7CEC-44BF-93C5-42FE4BB172E4}", "GPIN": "7298-41-4524", "BuildingName": "Amazon AWS IAD-64", "PID": "P949071156", "Address": "15465 JOHN MARSHALL HWY", "BuildingID": "IAD64", "BuildingStatus": "Completed", "YearBuilt": 2017, "GFASource": "", "PermitCase": "BLD2016-04280", "PermitStatus": "Finaled", "GFA": 0, "DCOOD": "No", "OCCDate": 1508976000000, "BPGFA": 147187, "EnergovID": "c716c72f-806b-487a-9845-e011cb114220", "CreateUser": null, "CreateDate": null, "LastEditUser": "PLANNING", "LastEditDate": 1772124006000, "ApprovedGFA": null, "PermittedGFA": null, "REATaxedGFA": 147187, "PlanningCaseNumber": null, "PlanningCaseName": null, "PlanCaseEnergovID": null}}, {"type": "Feature", "id": 108, "geometry": {"type": "Point", "coordinates": [-77.65237823482977, 38.81594009909709]}, "properties": {"OBJECTID": 108, "GlobalID": "{20959458-7439-477F-98C9-A1B34D3D5F30}", "GPIN": "7298-41-4524", "BuildingName": "Amazon AWS IAD-84", "PID": "P852756223", "Address": "15455 JOHN MARSHALL HWY", "BuildingID": "IAD84", "BuildingStatus": "Completed", "YearBuilt": 2023, "GFASource": "", "PermitCase": "BLD2018-06209", "PermitStatus": "Finaled", "GFA": 0, "DCOOD": "No", "OCCDate": 1689033600000, "BPGFA": 147187, "EnergovID": "5c8effa1-fcc9-407c-a57c-ef605179d4ec", "CreateUser": null, "CreateDate": null, "LastEditUser": "PLANNING", "LastEditDate": 1772124006000, "ApprovedGFA": null, "PermittedGFA": null, "REATaxedGFA": 147187, "PlanningCaseNumber": null, "PlanningCaseName": null, "PlanCaseEnergovID": null}}, {"type": "Feature", "id": 109, "geometry": {"type": "Point", "coordinates": [-77.6541596257739, 38.81456409425703]}, "properties": {"OBJECTID": 109, "GlobalID": "{B9F5D4E6-5318-444E-885E-1554965FDDA9}", "GPIN": "7298-41-4524", "BuildingName": "Amazon AWS IAD-64 Ext", "PID": "P789895457", "Address": "15475 JOHN MARSHALL HWY", "BuildingID": "IAD64-Ext", "BuildingStatus": "Completed", "YearBuilt": 2021, "GFASource": "", "PermitCase": "BLD2020-04888", "PermitStatus": "Finaled", "GFA": 0, "DCOOD": "No", "OCCDate": 1637884800000, "BPGFA": 17421, "EnergovID": "48ca25e4-6fd0-4030-bad6-a1fcfc613fa9", "CreateUser": null, "CreateDate": null, "LastEditUser": "PLANNING", "LastEditDate": 1772124006000, "ApprovedGFA": null, "PermittedGFA": null, "REATaxedGFA": 17421, "PlanningCaseNumber": null, "PlanningCaseName": null, "PlanCaseEnergovID": null}}, {"type": "Feature", "id": 110, "geometry": {"type": "Point", "coordinates": [-77.54556169709055, 38.76896926471964]}, "properties": {"OBJECTID": 110, "GlobalID": "{F60D0965-C91D-4A50-8B9F-0CAB3484FDE6}", "GPIN": "7596-54-4132", "BuildingName": "Wellington Glen Technology Park", "PID": "P759604075", "Address": "11750 STONE CROP DR", "BuildingID": "1", "BuildingStatus": "Planned", "YearBuilt": null, "GFASource": "Proffer", "PermitCase": null, "PermitStatus": "Planned", "GFA": 475000, "DCOOD": "Yes", "OCCDate": null, "BPGFA": null, "EnergovID": null, "CreateUser": null, "CreateDate": null, "LastEditUser": "RFH7157A", "LastEditDate": 1769125287000, "ApprovedGFA": 475000, "PermittedGFA": null, "REATaxedGFA": null, "PlanningCaseNumber": null, "PlanningCaseName": null, "PlanCaseEnergovID": null}}, {"type": "Feature", "id": 111, "geometry": {"type": "Point", "coordinates": [-77.57983778396893, 38.78947128499947]}, "properties": {"OBJECTID": 111, "GlobalID": "{5AB77E0A-DBCA-44C4-8B26-8E647654D079}", "GPIN": "7497-41-7199", "BuildingName": "Amazon AWS IAD B", "PID": "P902012612", "Address": "7751 DEACON FALLS DR", "BuildingID": "B", "BuildingStatus": "Under Construction", "YearBuilt": null, "GFASource": "Building Permit", "PermitCase": "BLD2024-05622", "PermitStatus": "Issued", "GFA": 248483, "DCOOD": "Yes", "OCCDate": null, "BPGFA": 248483, "EnergovID": "23ed55f4-eb87-4e07-bd74-f76e9d6dcbda", "CreateUser": null, "CreateDate": null, "LastEditUser": "RFH7157A", "LastEditDate": 1783961935000, "ApprovedGFA": 248483, "PermittedGFA": null, "REATaxedGFA": null, "PlanningCaseNumber": "REZ1958-0021", "PlanningCaseName": "BOCS-ARC", "PlanCaseEnergovID": "7b3b0a5f-c395-47c0-99c0-eb53f411acb3"}}, {"type": "Feature", "id": 112, "geometry": {"type": "Point", "coordinates": [-77.58163767285207, 38.790387535208765]}, "properties": {"OBJECTID": 112, "GlobalID": "{754D7A03-6BBA-4635-BBAE-999D63A5E050}", "GPIN": "7497-41-7199", "BuildingName": "Amazon AWS IAD C", "PID": "P178254722", "Address": "7701 DEACON FALLS DR", "BuildingID": "C", "BuildingStatus": "Under Construction", "YearBuilt": null, "GFASource": "Building Permit", "PermitCase": "BLD2026-00592", "PermitStatus": "Issued", "GFA": 218391, "DCOOD": "Yes", "OCCDate": null, "BPGFA": 218391, "EnergovID": "efe60f3b-cbea-47b3-ad7e-638e5fb82f89", "CreateUser": null, "CreateDate": null, "LastEditUser": "RFH7157A", "LastEditDate": 1783961935000, "ApprovedGFA": null, "PermittedGFA": null, "REATaxedGFA": null, "PlanningCaseNumber": "REZ1958-0021", "PlanningCaseName": "BOCS-ARC", "PlanCaseEnergovID": "7b3b0a5f-c395-47c0-99c0-eb53f411acb3"}}, {"type": "Feature", "id": 113, "geometry": {"type": "Point", "coordinates": [-77.5813684779204, 38.79130370983602]}, "properties": {"OBJECTID": 113, "GlobalID": "{D991A19A-F629-4D12-868E-64914455AA10}", "GPIN": "7497-41-7199", "BuildingName": "Amazon AWS IAD D", "PID": "P584857546", "Address": "7675 DEACON FALLS DR", "BuildingID": "D", "BuildingStatus": "Planned", "YearBuilt": null, "GFASource": "Building Permit", "PermitCase": "BLD2026-00593", "PermitStatus": "Pending", "GFA": 218391, "DCOOD": "Yes", "OCCDate": null, "BPGFA": null, "EnergovID": "afa479db-5f92-4109-93a8-8e01cf4c57c1", "CreateUser": null, "CreateDate": null, "LastEditUser": "RFH7157A", "LastEditDate": 1783961935000, "ApprovedGFA": null, "PermittedGFA": null, "REATaxedGFA": null, "PlanningCaseNumber": "REZ1958-0021", "PlanningCaseName": "BOCS-ARC", "PlanCaseEnergovID": "7b3b0a5f-c395-47c0-99c0-eb53f411acb3"}}, {"type": "Feature", "id": 114, "geometry": {"type": "Point", "coordinates": [-77.5879524857573, 38.79189388741793]}, "properties": {"OBJECTID": 114, "GlobalID": "{190EC7C2-0394-4F75-9106-ED9C58C0DD10}", "GPIN": "7497-32-5305", "BuildingName": "Amazon AWS IAD A", "PID": "P230300370", "Address": "13235 SKYLARK VIEW WAY", "BuildingID": "IAD A", "BuildingStatus": "Planned", "YearBuilt": null, "GFASource": "Building Permit", "PermitCase": "BLD2026-05277", "PermitStatus": "Pending", "GFA": 244166, "DCOOD": "Yes", "OCCDate": null, "BPGFA": null, "EnergovID": "b46f8516-90a8-4be8-9217-f68de556e0f9", "CreateUser": null, "CreateDate": null, "LastEditUser": "RFH7157A", "LastEditDate": 1781712753000, "ApprovedGFA": 377955, "PermittedGFA": 244166, "REATaxedGFA": null, "PlanningCaseNumber": "REZ1958-0021", "PlanningCaseName": "BOCS-ARC", "PlanCaseEnergovID": "7b3b0a5f-c395-47c0-99c0-eb53f411acb3"}}, {"type": "Feature", "id": 115, "geometry": {"type": "Point", "coordinates": [-77.58473434746365, 38.79518581413747]}, "properties": {"OBJECTID": 115, "GlobalID": "{5E14CB5A-ADA7-42B2-9C79-D16D06B55FDA}", "GPIN": "7497-43-7416", "BuildingName": "Microsoft Azure 1", "PID": "P633199165", "Address": "13490 UNIVERSITY BLVD", "BuildingID": "1", "BuildingStatus": "Pending", "YearBuilt": null, "GFASource": "Estimated", "PermitCase": null, "PermitStatus": "Planned", "GFA": 633333, "DCOOD": "Yes", "OCCDate": null, "BPGFA": null, "EnergovID": null, "CreateUser": null, "CreateDate": null, "LastEditUser": "RFH7157A", "LastEditDate": 1779193225000, "ApprovedGFA": null, "PermittedGFA": null, "REATaxedGFA": null, "PlanningCaseNumber": "REZ1958-0021", "PlanningCaseName": "BOCS-ARC", "PlanCaseEnergovID": "7b3b0a5f-c395-47c0-99c0-eb53f411acb3"}}, {"type": "Feature", "id": 116, "geometry": {"type": "Point", "coordinates": [-77.5786955069663, 38.79341842327071]}, "properties": {"OBJECTID": 116, "GlobalID": "{37403476-F0EF-4D1F-9639-A589D1C197DF}", "GPIN": "7497-43-7416", "BuildingName": "Microsoft Azure 6", "PID": "P633199165", "Address": "13490 UNIVERSITY BLVD", "BuildingID": "6", "BuildingStatus": "Pending", "YearBuilt": null, "GFASource": "Estimated", "PermitCase": null, "PermitStatus": "Planned", "GFA": 633333, "DCOOD": "Yes", "OCCDate": null, "BPGFA": null, "EnergovID": null, "CreateUser": null, "CreateDate": null, "LastEditUser": "RFH7157A", "LastEditDate": 1779193225000, "ApprovedGFA": null, "PermittedGFA": null, "REATaxedGFA": null, "PlanningCaseNumber": "REZ1958-0021", "PlanningCaseName": "BOCS-ARC", "PlanCaseEnergovID": "7b3b0a5f-c395-47c0-99c0-eb53f411acb3"}}, {"type": "Feature", "id": 117, "geometry": {"type": "Point", "coordinates": [-77.5833005694258, 38.79478448874944]}, "properties": {"OBJECTID": 117, "GlobalID": "{723A8D35-647C-4EB4-902A-4CDBF634E7A3}", "GPIN": "7497-43-7416", "BuildingName": "Microsoft Azure 2", "PID": "P633199165", "Address": "13490 UNIVERSITY BLVD", "BuildingID": "2", "BuildingStatus": "Pending", "YearBuilt": null, "GFASource": "Estimated", "PermitCase": null, "PermitStatus": "Planned", "GFA": 633333, "DCOOD": "Yes", "OCCDate": null, "BPGFA": null, "EnergovID": null, "CreateUser": null, "CreateDate": null, "LastEditUser": "RFH7157A", "LastEditDate": 1779193225000, "ApprovedGFA": null, "PermittedGFA": null, "REATaxedGFA": null, "PlanningCaseNumber": "REZ1958-0021", "PlanningCaseName": "BOCS-ARC", "PlanCaseEnergovID": "7b3b0a5f-c395-47c0-99c0-eb53f411acb3"}}, {"type": "Feature", "id": 118, "geometry": {"type": "Point", "coordinates": [-77.57990334259243, 38.793764833800594]}, "properties": {"OBJECTID": 118, "GlobalID": "{7699F220-EB7E-4892-BE6F-C03FF5B105E6}", "GPIN": "7497-43-7416", "BuildingName": "Microsoft Azure 5", "PID": "P633199165", "Address": "13490 UNIVERSITY BLVD", "BuildingID": "5", "BuildingStatus": "Pending", "YearBuilt": null, "GFASource": "Estimated", "PermitCase": null, "PermitStatus": "Planned", "GFA": 633333, "DCOOD": "Yes", "OCCDate": null, "BPGFA": null, "EnergovID": null, "CreateUser": null, "CreateDate": null, "LastEditUser": "RFH7157A", "LastEditDate": 1779193225000, "ApprovedGFA": null, "PermittedGFA": null, "REATaxedGFA": null, "PlanningCaseNumber": "REZ1958-0021", "PlanningCaseName": "BOCS-ARC", "PlanCaseEnergovID": "7b3b0a5f-c395-47c0-99c0-eb53f411acb3"}}, {"type": "Feature", "id": 119, "geometry": {"type": "Point", "coordinates": [-77.58096448462432, 38.79406574953012]}, "properties": {"OBJECTID": 119, "GlobalID": "{D41D835F-6862-4635-B0A7-C793385EE1D5}", "GPIN": "7497-43-7416", "BuildingName": "Microsoft Azure 4", "PID": "P633199165", "Address": "13490 UNIVERSITY BLVD", "BuildingID": "4", "BuildingStatus": "Pending", "YearBuilt": null, "GFASource": "Estimated", "PermitCase": null, "PermitStatus": "Planned", "GFA": 633333, "DCOOD": "Yes", "OCCDate": null, "BPGFA": null, "EnergovID": null, "CreateUser": null, "CreateDate": null, "LastEditUser": "RFH7157A", "LastEditDate": 1779193225000, "ApprovedGFA": null, "PermittedGFA": null, "REATaxedGFA": null, "PlanningCaseNumber": "REZ1958-0021", "PlanningCaseName": "BOCS-ARC", "PlanCaseEnergovID": "7b3b0a5f-c395-47c0-99c0-eb53f411acb3"}}, {"type": "Feature", "id": 121, "geometry": {"type": "Point", "coordinates": [-77.57455670332557, 38.766599106440005]}, "properties": {"OBJECTID": 121, "GlobalID": "{709ACF72-F7D3-4FFA-9F4E-23E4FAD5A3F4}", "GPIN": "7496-63-4453", "BuildingName": "Devlin Technology Park G", "PID": "", "Address": "9000 DEVLIN RD", "BuildingID": "G", "BuildingStatus": "Planned", "YearBuilt": null, "GFASource": "Site Plan", "PermitCase": null, "PermitStatus": "Planned", "GFA": 222950, "DCOOD": "Yes", "OCCDate": null, "BPGFA": null, "EnergovID": null, "CreateUser": null, "CreateDate": null, "LastEditUser": "RFH7157A", "LastEditDate": 1777481453000, "ApprovedGFA": 441250, "PermittedGFA": null, "REATaxedGFA": null, "PlanningCaseNumber": null, "PlanningCaseName": null, "PlanCaseEnergovID": null}}, {"type": "Feature", "id": 122, "geometry": {"type": "Point", "coordinates": [-77.57675158029707, 38.767259056348465]}, "properties": {"OBJECTID": 122, "GlobalID": "{624BFFB6-EE07-4DB6-883D-5CB8C2EDE58E}", "GPIN": "7496-63-4453", "BuildingName": "Devlin Technology Park D", "PID": null, "Address": "9000 DEVLIN RD", "BuildingID": "D", "BuildingStatus": "Planned", "YearBuilt": null, "GFASource": "Site Plan", "PermitCase": null, "PermitStatus": "Planned", "GFA": 222950, "DCOOD": "Yes", "OCCDate": null, "BPGFA": null, "EnergovID": null, "CreateUser": null, "CreateDate": null, "LastEditUser": "RFH7157A", "LastEditDate": 1777481453000, "ApprovedGFA": 441250, "PermittedGFA": null, "REATaxedGFA": null, "PlanningCaseNumber": null, "PlanningCaseName": null, "PlanCaseEnergovID": null}}, {"type": "Feature", "id": 123, "geometry": {"type": "Point", "coordinates": [-77.57575568614722, 38.76407179562134]}, "properties": {"OBJECTID": 123, "GlobalID": "{75AC283C-D3BF-413A-82A5-3C8EBF8CA4C3}", "GPIN": "7496-63-4453", "BuildingName": "Devlin Technology Park F", "PID": null, "Address": "9000 DEVLIN RD", "BuildingID": "F", "BuildingStatus": "Planned", "YearBuilt": null, "GFASource": "Site Plan", "PermitCase": null, "PermitStatus": "Planned", "GFA": 222950, "DCOOD": "Yes", "OCCDate": null, "BPGFA": null, "EnergovID": null, "CreateUser": null, "CreateDate": null, "LastEditUser": "RFH7157A", "LastEditDate": 1777481453000, "ApprovedGFA": 441250, "PermittedGFA": null, "REATaxedGFA": null, "PlanningCaseNumber": null, "PlanningCaseName": null, "PlanCaseEnergovID": null}}, {"type": "Feature", "id": 124, "geometry": {"type": "Point", "coordinates": [-77.57795049694872, 38.764731723449124]}, "properties": {"OBJECTID": 124, "GlobalID": "{F8BE2857-5D8A-4144-A511-F15AAED1924C}", "GPIN": "7496-63-4453", "BuildingName": "Devlin Technology Park C", "PID": null, "Address": "9000 DEVLIN RD", "BuildingID": "C", "BuildingStatus": "Planned", "YearBuilt": null, "GFASource": "Site Plan", "PermitCase": null, "PermitStatus": "Planned", "GFA": 222950, "DCOOD": "Yes", "OCCDate": null, "BPGFA": null, "EnergovID": null, "CreateUser": null, "CreateDate": null, "LastEditUser": "RFH7157A", "LastEditDate": 1777481453000, "ApprovedGFA": 441250, "PermittedGFA": null, "REATaxedGFA": null, "PlanningCaseNumber": null, "PlanningCaseName": null, "PlanCaseEnergovID": null}}, {"type": "Feature", "id": 125, "geometry": {"type": "Point", "coordinates": [-77.57682152318401, 38.761814012027166]}, "properties": {"OBJECTID": 125, "GlobalID": "{2A50BB6E-0B8C-45FC-9EA6-0418FD199809}", "GPIN": "7496-63-4453", "BuildingName": "Devlin Technology Park E", "PID": null, "Address": "9000 DEVLIN RD", "BuildingID": "E", "BuildingStatus": "Planned", "YearBuilt": null, "GFASource": "Site Plan", "PermitCase": null, "PermitStatus": "Planned", "GFA": 222950, "DCOOD": "Yes", "OCCDate": null, "BPGFA": null, "EnergovID": null, "CreateUser": null, "CreateDate": null, "LastEditUser": "RFH7157A", "LastEditDate": 1777481453000, "ApprovedGFA": 441250, "PermittedGFA": null, "REATaxedGFA": null, "PlanningCaseNumber": null, "PlanningCaseName": null, "PlanCaseEnergovID": null}}, {"type": "Feature", "id": 126, "geometry": {"type": "Point", "coordinates": [-77.57901627482751, 38.76247392022674]}, "properties": {"OBJECTID": 126, "GlobalID": "{EA96F66E-7BE4-4D9E-8A41-34A6E9754ABC}", "GPIN": "7496-63-4453", "BuildingName": "Devlin Technology Park B", "PID": null, "Address": "9000 DEVLIN RD", "BuildingID": "B", "BuildingStatus": "Planned", "YearBuilt": null, "GFASource": "Site Plan", "PermitCase": null, "PermitStatus": "Planned", "GFA": 222950, "DCOOD": "Yes", "OCCDate": null, "BPGFA": null, "EnergovID": null, "CreateUser": null, "CreateDate": null, "LastEditUser": "RFH7157A", "LastEditDate": 1777481453000, "ApprovedGFA": 441250, "PermittedGFA": null, "REATaxedGFA": null, "PlanningCaseNumber": null, "PlanningCaseName": null, "PlanCaseEnergovID": null}}, {"type": "Feature", "id": 127, "geometry": {"type": "Point", "coordinates": [-77.57864125200372, 38.760721763961364]}, "properties": {"OBJECTID": 127, "GlobalID": "{0637FC84-6F89-43D8-956D-FF70233FF83D}", "GPIN": "7496-63-4453", "BuildingName": "Devlin Technology Park A", "PID": null, "Address": "9000 DEVLIN RD", "BuildingID": "A", "BuildingStatus": "Planned", "YearBuilt": null, "GFASource": "Site Plan", "PermitCase": null, "PermitStatus": "Planned", "GFA": 222950, "DCOOD": "Yes", "OCCDate": null, "BPGFA": null, "EnergovID": null, "CreateUser": null, "CreateDate": null, "LastEditUser": "RFH7157A", "LastEditDate": 1777481453000, "ApprovedGFA": 441250, "PermittedGFA": null, "REATaxedGFA": null, "PlanningCaseNumber": null, "PlanningCaseName": null, "PlanCaseEnergovID": null}}, {"type": "Feature", "id": 128, "geometry": {"type": "Point", "coordinates": [-77.57487925904731, 38.76844959073288]}, "properties": {"OBJECTID": 128, "GlobalID": "{8085AF70-41E0-4884-8A8F-CCEB00F917B1}", "GPIN": "7496-63-4453", "BuildingName": "Devlin Technology Park H", "PID": null, "Address": "9000 DEVLIN RD", "BuildingID": "H", "BuildingStatus": "Planned", "YearBuilt": null, "GFASource": "Site Plan", "PermitCase": null, "PermitStatus": "Planned", "GFA": 222950, "DCOOD": "Yes", "OCCDate": null, "BPGFA": null, "EnergovID": null, "CreateUser": null, "CreateDate": null, "LastEditUser": "RFH7157A", "LastEditDate": 1777481453000, "ApprovedGFA": 441250, "PermittedGFA": null, "REATaxedGFA": null, "PlanningCaseNumber": null, "PlanningCaseName": null, "PlanCaseEnergovID": null}}, {"type": "Feature", "id": 129, "geometry": {"type": "Point", "coordinates": [-77.52496278915665, 38.753802215700865]}, "properties": {"OBJECTID": 129, "GlobalID": "{FF20DE69-9E1E-42A1-81AA-6885D2062B03}", "GPIN": "7695-09-7902", "BuildingName": "Innovation on the Parkway", "PID": "P769500002", "Address": "11101 UNIVERSITY BLVD", "BuildingID": "1", "BuildingStatus": "Planned", "YearBuilt": null, "GFASource": "Proffer", "PermitCase": null, "PermitStatus": "Planned", "GFA": 576952, "DCOOD": "Yes", "OCCDate": null, "BPGFA": null, "EnergovID": null, "CreateUser": null, "CreateDate": null, "LastEditUser": "RFH7157A", "LastEditDate": 1769125287000, "ApprovedGFA": 576952, "PermittedGFA": null, "REATaxedGFA": null, "PlanningCaseNumber": null, "PlanningCaseName": null, "PlanCaseEnergovID": null}}, {"type": "Feature", "id": 130, "geometry": {"type": "Point", "coordinates": [-77.49603876903012, 38.7153891031921]}, "properties": {"OBJECTID": 130, "GlobalID": "{913C10F5-CD08-4906-BE83-9DDDB864A543}", "GPIN": "7694-95-2326.00", "BuildingName": "CloudHQ Manassas Corporate Center 6B", "PID": null, "Address": "10910 AIRMAN AVE", "BuildingID": "MCC6B", "BuildingStatus": "Planned", "YearBuilt": 0, "GFASource": "Proffer", "PermitCase": null, "PermitStatus": "Planned", "GFA": 317944, "DCOOD": "Yes", "OCCDate": null, "BPGFA": null, "EnergovID": null, "CreateUser": null, "CreateDate": null, "LastEditUser": "RFH7157A", "LastEditDate": 1776962042000, "ApprovedGFA": null, "PermittedGFA": null, "REATaxedGFA": null, "PlanningCaseNumber": null, "PlanningCaseName": null, "PlanCaseEnergovID": null}}, {"type": "Feature", "id": 131, "geometry": {"type": "Point", "coordinates": [-77.4969538733279, 38.71573175154594]}, "properties": {"OBJECTID": 131, "GlobalID": "{D75BE08A-DA27-485B-9717-A457549E4D59}", "GPIN": "7694-95-2326.00", "BuildingName": "CloudHQ Manassas Corporate Center 6C", "PID": null, "Address": "10910 AIRMAN AVE", "BuildingID": "MCC6C", "BuildingStatus": "Planned", "YearBuilt": 0, "GFASource": "Proffer", "PermitCase": null, "PermitStatus": "Planned", "GFA": 317944, "DCOOD": "Yes", "OCCDate": null, "BPGFA": null, "EnergovID": null, "CreateUser": null, "CreateDate": null, "LastEditUser": "RFH7157A", "LastEditDate": 1776962042000, "ApprovedGFA": null, "PermittedGFA": null, "REATaxedGFA": null, "PlanningCaseNumber": null, "PlanningCaseName": null, "PlanCaseEnergovID": null}}, {"type": "Feature", "id": 132, "geometry": {"type": "Point", "coordinates": [-77.41323888421107, 38.633593218110356]}, "properties": {"OBJECTID": 132, "GlobalID": "{D0AE703A-6379-41A8-BB78-71F9235A88A4}", "GPIN": "7991-45-0874", "BuildingName": "Amazon Colchester Industrial Park 2", "PID": null, "Address": "14901 DUMFRIES RD", "BuildingID": "1", "BuildingStatus": "Planned", "YearBuilt": null, "GFASource": "Site Plan", "PermitCase": null, "PermitStatus": "Planned", "GFA": 224173, "DCOOD": "Yes", "OCCDate": null, "BPGFA": null, "EnergovID": null, "CreateUser": null, "CreateDate": null, "LastEditUser": "RFH7157A", "LastEditDate": 1776357740000, "ApprovedGFA": 224173, "PermittedGFA": null, "REATaxedGFA": null, "PlanningCaseNumber": "REZ2024-00006", "PlanningCaseName": "MID-COUNTY INDUSTRIAL PARK", "PlanCaseEnergovID": "3dd0c08d-d7fa-483c-8e0f-1913eb303cd0"}}, {"type": "Feature", "id": 134, "geometry": {"type": "Point", "coordinates": [-77.4126412701707, 38.630186497583814]}, "properties": {"OBJECTID": 134, "GlobalID": "{7B0C5AF6-C58C-4E57-9F53-A94A806E17E5}", "GPIN": "7991-45-0874", "BuildingName": "Amazon Colchester Industrial Park 1", "PID": null, "Address": "14901 DUMFRIES RD", "BuildingID": "3", "BuildingStatus": "Planned", "YearBuilt": null, "GFASource": "Site Plan", "PermitCase": null, "PermitStatus": "Planned", "GFA": 224173, "DCOOD": "Yes", "OCCDate": null, "BPGFA": null, "EnergovID": null, "CreateUser": null, "CreateDate": null, "LastEditUser": "RFH7157A", "LastEditDate": 1776357740000, "ApprovedGFA": 224173, "PermittedGFA": null, "REATaxedGFA": null, "PlanningCaseNumber": "REZ2024-00006", "PlanningCaseName": "MID-COUNTY INDUSTRIAL PARK", "PlanCaseEnergovID": "3dd0c08d-d7fa-483c-8e0f-1913eb303cd0"}}, {"type": "Feature", "id": 135, "geometry": {"type": "Point", "coordinates": [-77.43936941954284, 38.645932799980415]}, "properties": {"OBJECTID": 135, "GlobalID": "{515BE4CE-5E6B-4B23-8BB7-F552D0761E31}", "GPIN": "7891-69-0322", "BuildingName": "Amazon Parsons Business Park 3", "PID": null, "Address": "14237 DUMFRIES RD", "BuildingID": "3", "BuildingStatus": "Planned", "YearBuilt": null, "GFASource": "Site Plan", "PermitCase": null, "PermitStatus": "Planned", "GFA": 227153, "DCOOD": "Yes", "OCCDate": null, "BPGFA": null, "EnergovID": null, "CreateUser": null, "CreateDate": null, "LastEditUser": "RFH7157A", "LastEditDate": 1777894210000, "ApprovedGFA": 372093, "PermittedGFA": null, "REATaxedGFA": null, "PlanningCaseNumber": "REZ2023-00028", "PlanningCaseName": "Parsons Business Park", "PlanCaseEnergovID": "f202a52f-d21d-48eb-ab3e-8577eaaaff93"}}, {"type": "Feature", "id": 136, "geometry": {"type": "Point", "coordinates": [-77.43948645281415, 38.64401669013635]}, "properties": {"OBJECTID": 136, "GlobalID": "{CAEF099E-6958-40D3-8960-814692691755}", "GPIN": "7891-69-0322", "BuildingName": "Amazon Parsons Business Park 1", "PID": null, "Address": "14237 DUMFRIES RD", "BuildingID": "1", "BuildingStatus": "Planned", "YearBuilt": null, "GFASource": "Site Plan", "PermitCase": null, "PermitStatus": "Planned", "GFA": 171785, "DCOOD": "Yes", "OCCDate": null, "BPGFA": null, "EnergovID": null, "CreateUser": null, "CreateDate": null, "LastEditUser": "RFH7157A", "LastEditDate": 1777894210000, "ApprovedGFA": 372093, "PermittedGFA": null, "REATaxedGFA": null, "PlanningCaseNumber": "REZ2023-00028", "PlanningCaseName": "Parsons Business Park", "PlanCaseEnergovID": "f202a52f-d21d-48eb-ab3e-8577eaaaff93"}}, {"type": "Feature", "id": 137, "geometry": {"type": "Point", "coordinates": [-77.43675261826647, 38.64398107536115]}, "properties": {"OBJECTID": 137, "GlobalID": "{EBF766CB-E52C-4023-BC85-0B1AF5AE6882}", "GPIN": "7891-69-0322", "BuildingName": "Amazon Parsons Business Park 2", "PID": null, "Address": "14237 DUMFRIES RD", "BuildingID": "2", "BuildingStatus": "Planned", "YearBuilt": null, "GFASource": "Site Plan", "PermitCase": null, "PermitStatus": "Planned", "GFA": 227153, "DCOOD": "Yes", "OCCDate": null, "BPGFA": null, "EnergovID": null, "CreateUser": null, "CreateDate": null, "LastEditUser": "RFH7157A", "LastEditDate": 1777894210000, "ApprovedGFA": 372093, "PermittedGFA": null, "REATaxedGFA": null, "PlanningCaseNumber": "REZ2023-00028", "PlanningCaseName": "Parsons Business Park", "PlanCaseEnergovID": "f202a52f-d21d-48eb-ab3e-8577eaaaff93"}}, {"type": "Feature", "id": 138, "geometry": {"type": "Point", "coordinates": [-77.4419407683306, 38.64613416393036]}, "properties": {"OBJECTID": 138, "GlobalID": "{E7098BC6-F433-48D1-B046-D2B596B68051}", "GPIN": "7891-69-0322", "BuildingName": "Amazon Parsons Business Park 4", "PID": null, "Address": "14237 DUMFRIES RD", "BuildingID": "4", "BuildingStatus": "Planned", "YearBuilt": null, "GFASource": "Site Plan", "PermitCase": null, "PermitStatus": "Planned", "GFA": 227153, "DCOOD": "Yes", "OCCDate": null, "BPGFA": null, "EnergovID": null, "CreateUser": null, "CreateDate": null, "LastEditUser": "RFH7157A", "LastEditDate": 1777894210000, "ApprovedGFA": 372093, "PermittedGFA": null, "REATaxedGFA": null, "PlanningCaseNumber": "REZ2023-00028", "PlanningCaseName": "Parsons Business Park", "PlanCaseEnergovID": "f202a52f-d21d-48eb-ab3e-8577eaaaff93"}}, {"type": "Feature", "id": 139, "geometry": {"type": "Point", "coordinates": [-77.4419441633523, 38.644791159565834]}, "properties": {"OBJECTID": 139, "GlobalID": "{20ECBBA0-A036-46A6-8214-60B1E286A3A9}", "GPIN": "7891-69-0322", "BuildingName": "Amazon Parsons Business Park 5", "PID": null, "Address": "14237 DUMFRIES RD", "BuildingID": "5", "BuildingStatus": "Planned", "YearBuilt": null, "GFASource": "Site Plan", "PermitCase": null, "PermitStatus": "Planned", "GFA": 227153, "DCOOD": "Yes", "OCCDate": null, "BPGFA": null, "EnergovID": null, "CreateUser": null, "CreateDate": null, "LastEditUser": "RFH7157A", "LastEditDate": 1777894210000, "ApprovedGFA": 372093, "PermittedGFA": null, "REATaxedGFA": null, "PlanningCaseNumber": "REZ2023-00028", "PlanningCaseName": "Parsons Business Park", "PlanCaseEnergovID": "f202a52f-d21d-48eb-ab3e-8577eaaaff93"}}, {"type": "Feature", "id": 140, "geometry": {"type": "Point", "coordinates": [-77.6223812964507, 38.79674079136176]}, "properties": {"OBJECTID": 140, "GlobalID": "{ADF38910-8DEE-482F-A481-3BC565DFC1AD}", "GPIN": "7397-34-3968", "BuildingName": "Gardner Property 4", "PID": null, "Address": "14414 MCGRAWS CORNER DR", "BuildingID": "GP4", "BuildingStatus": "Pending", "YearBuilt": null, "GFASource": "Estimated", "PermitCase": null, "PermitStatus": "Planned", "GFA": 616620, "DCOOD": "No", "OCCDate": null, "BPGFA": null, "EnergovID": null, "CreateUser": null, "CreateDate": null, "LastEditUser": "RFH7157A", "LastEditDate": 1776794970000, "ApprovedGFA": null, "PermittedGFA": null, "REATaxedGFA": null, "PlanningCaseNumber": null, "PlanningCaseName": null, "PlanCaseEnergovID": null}}, {"type": "Feature", "id": 141, "geometry": {"type": "Point", "coordinates": [-77.51202667718287, 38.771671772339886]}, "properties": {"OBJECTID": 141, "GlobalID": "{067298F7-061A-406F-80A5-9AD4A3EBC945}", "GPIN": "7696-46-3403", "BuildingName": "Ashton Data Center 1", "PID": "P240100001", "Address": "8552 ASHTON AVE", "BuildingID": "ADC1", "BuildingStatus": "Pending", "YearBuilt": null, "GFASource": "Proffer", "PermitCase": null, "PermitStatus": "Planned", "GFA": 300000, "DCOOD": "Yes", "OCCDate": null, "BPGFA": null, "EnergovID": null, "CreateUser": null, "CreateDate": null, "LastEditUser": "RFH7157A", "LastEditDate": 1776794970000, "ApprovedGFA": 300000, "PermittedGFA": null, "REATaxedGFA": null, "PlanningCaseNumber": "REZ2022-00031", "PlanningCaseName": "ASHTON DATA CENTER", "PlanCaseEnergovID": "f322379d-0301-4028-9ba5-e23724a6cb51"}}, {"type": "Feature", "id": 143, "geometry": {"type": "Point", "coordinates": [-77.57384940998138, 38.781630614698756]}, "properties": {"OBJECTID": 143, "GlobalID": "{C646AC20-6084-4EC5-9875-7F7A7628D347}", "GPIN": "7496-68-8838", "BuildingName": "Piney Branch 1", "PID": "P643243415", "Address": "8101 PINEY BRANCH LN", "BuildingID": "PB1", "BuildingStatus": "Planned", "YearBuilt": null, "GFASource": "Proffers", "PermitCase": null, "PermitStatus": "Planned", "GFA": 495709, "DCOOD": "Yes", "OCCDate": null, "BPGFA": null, "EnergovID": null, "CreateUser": null, "CreateDate": null, "LastEditUser": "RFH7157A", "LastEditDate": 1770012296000, "ApprovedGFA": null, "PermittedGFA": null, "REATaxedGFA": null, "PlanningCaseNumber": null, "PlanningCaseName": null, "PlanCaseEnergovID": null}}, {"type": "Feature", "id": 144, "geometry": {"type": "Point", "coordinates": [-77.57505902723403, 38.77992714459144]}, "properties": {"OBJECTID": 144, "GlobalID": "{750194C7-FEDD-44D2-8B14-2EDC9E836FAB}", "GPIN": "7496-68-8838", "BuildingName": "Piney Branch 2", "PID": "P594439834", "Address": "8121 PINEY BRANCH LN", "BuildingID": "PB2", "BuildingStatus": "Planned", "YearBuilt": null, "GFASource": "Proffers", "PermitCase": null, "PermitStatus": "Planned", "GFA": 495709, "DCOOD": "Yes", "OCCDate": null, "BPGFA": null, "EnergovID": null, "CreateUser": null, "CreateDate": null, "LastEditUser": "RFH7157A", "LastEditDate": 1776341645000, "ApprovedGFA": 495709, "PermittedGFA": null, "REATaxedGFA": null, "PlanningCaseNumber": null, "PlanningCaseName": null, "PlanCaseEnergovID": null}}, {"type": "Feature", "id": 153, "geometry": {"type": "Point", "coordinates": [-77.51249250589166, 38.804886274187396]}, "properties": {"OBJECTID": 153, "GlobalID": "{F053D3B0-ED67-4DD0-8BB4-391B168D4A1B}", "GPIN": "7697-47-3772", "BuildingName": "Verizon Manassas 7777 Infantry Ridge", "PID": "P769700173", "Address": "7777 INFANTRY RIDGE RD", "BuildingID": "Verizon", "BuildingStatus": "Completed", "YearBuilt": 2002, "GFASource": "", "PermitCase": "BLD2026-02975", "PermitStatus": "Finaled", "GFA": 0, "DCOOD": "Yes", "OCCDate": 1023148800000, "BPGFA": 226527, "EnergovID": "84ba87a3-9a65-4c98-9db6-efbf27a5f70b", "CreateUser": null, "CreateDate": null, "LastEditUser": "PLANNING", "LastEditDate": 1772124006000, "ApprovedGFA": null, "PermittedGFA": null, "REATaxedGFA": 227465, "PlanningCaseNumber": null, "PlanningCaseName": null, "PlanCaseEnergovID": null}}, {"type": "Feature", "id": 154, "geometry": {"type": "Point", "coordinates": [-77.5108797169217, 38.8033294816541]}, "properties": {"OBJECTID": 154, "GlobalID": "{05570202-E5B4-49C0-B781-5A5110C2D15D}", "GPIN": "7697-47-7005", "BuildingName": "Equinix Manassas DC14", "PID": "P769700235", "Address": "7400 INFANTRY RIDGE RD", "BuildingID": "DC14", "BuildingStatus": "Completed", "YearBuilt": 2009, "GFASource": "Real Estate Assessments", "PermitCase": "BLD2006-05319", "PermitStatus": "Finaled", "GFA": 0, "DCOOD": "Yes", "OCCDate": 1256256000000, "BPGFA": 109800, "EnergovID": "4dd5f1a2-9035-42b3-ac92-01c59eb47dde", "CreateUser": null, "CreateDate": null, "LastEditUser": "RFH7157A", "LastEditDate": 1784723489000, "ApprovedGFA": null, "PermittedGFA": null, "REATaxedGFA": 109800, "PlanningCaseNumber": "REZ1999-0038", "PlanningCaseName": "BATTLEFIELD BUSINESS PARK", "PlanCaseEnergovID": "8c7bc511-c750-4e31-b1ca-f6237f2ac2e8"}}, {"type": "Feature", "id": 155, "geometry": {"type": "Point", "coordinates": [-77.6192757439922, 38.796353544937155]}, "properties": {"OBJECTID": 155, "GlobalID": "{CD7984A0-9A2B-40D7-9939-62F5AC3A3473}", "GPIN": "7397-34-3968", "BuildingName": "Gardner Property 5", "PID": null, "Address": "14414 MCGRAWS CORNER DR", "BuildingID": "GP5", "BuildingStatus": "Pending", "YearBuilt": null, "GFASource": "Estimated", "PermitCase": null, "PermitStatus": "Planned", "GFA": 350000, "DCOOD": "No", "OCCDate": null, "BPGFA": null, "EnergovID": null, "CreateUser": null, "CreateDate": null, "LastEditUser": "RFH7157A", "LastEditDate": 1776794970000, "ApprovedGFA": null, "PermittedGFA": null, "REATaxedGFA": null, "PlanningCaseNumber": null, "PlanningCaseName": null, "PlanCaseEnergovID": null}}, {"type": "Feature", "id": 156, "geometry": {"type": "Point", "coordinates": [-77.6227931905122, 38.797875578319854]}, "properties": {"OBJECTID": 156, "GlobalID": "{9379CC92-7FDC-497A-85FC-B81BB2CBC839}", "GPIN": "7397-34-3968", "BuildingName": "Gardner Property 3", "PID": null, "Address": "14414 MCGRAWS CORNER DR", "BuildingID": "GP3", "BuildingStatus": "Pending", "YearBuilt": null, "GFASource": "Estimated", "PermitCase": null, "PermitStatus": "Planned", "GFA": 500000, "DCOOD": "No", "OCCDate": null, "BPGFA": null, "EnergovID": null, "CreateUser": null, "CreateDate": null, "LastEditUser": "RFH7157A", "LastEditDate": 1776794970000, "ApprovedGFA": null, "PermittedGFA": null, "REATaxedGFA": null, "PlanningCaseNumber": null, "PlanningCaseName": null, "PlanCaseEnergovID": null}}, {"type": "Feature", "id": 157, "geometry": {"type": "Point", "coordinates": [-77.62317162829811, 38.79883883444002]}, "properties": {"OBJECTID": 157, "GlobalID": "{06ADBF39-5CBC-4A7F-930B-7AA99AE88FAE}", "GPIN": "7397-34-3968", "BuildingName": "Gardner Property 2", "PID": null, "Address": "14414 MCGRAWS CORNER DR", "BuildingID": "GP2", "BuildingStatus": "Pending", "YearBuilt": null, "GFASource": "Estimated", "PermitCase": null, "PermitStatus": "Planned", "GFA": 350000, "DCOOD": "No", "OCCDate": null, "BPGFA": null, "EnergovID": null, "CreateUser": null, "CreateDate": null, "LastEditUser": "RFH7157A", "LastEditDate": 1776794970000, "ApprovedGFA": null, "PermittedGFA": null, "REATaxedGFA": null, "PlanningCaseNumber": null, "PlanningCaseName": null, "PlanCaseEnergovID": null}}, {"type": "Feature", "id": 158, "geometry": {"type": "Point", "coordinates": [-77.62353145663387, 38.79984618729332]}, "properties": {"OBJECTID": 158, "GlobalID": "{DC653DC2-3215-4231-A54B-FB949802EA3D}", "GPIN": "7397-34-3968", "BuildingName": "Gardner Property 1", "PID": null, "Address": "14414 MCGRAWS CORNER DR", "BuildingID": "GP1", "BuildingStatus": "Pending", "YearBuilt": null, "GFASource": "Estimated", "PermitCase": null, "PermitStatus": "Planned", "GFA": 200000, "DCOOD": "No", "OCCDate": null, "BPGFA": null, "EnergovID": null, "CreateUser": null, "CreateDate": null, "LastEditUser": "RFH7157A", "LastEditDate": 1776794970000, "ApprovedGFA": null, "PermittedGFA": null, "REATaxedGFA": null, "PlanningCaseNumber": null, "PlanningCaseName": null, "PlanCaseEnergovID": null}}, {"type": "Feature", "id": 160, "geometry": {"type": "Point", "coordinates": [-77.56293911091288, 38.78063420817349]}, "properties": {"OBJECTID": 160, "GlobalID": "{B39CA268-1B67-471C-851F-B8AA61FBF50E}", "GPIN": "7596-08-1375", "BuildingName": "Project Well A", "PID": "P759600135", "Address": "6894 WELLINGTON RD", "BuildingID": "A", "BuildingStatus": "Planned", "YearBuilt": null, "GFASource": "Site Plan", "PermitCase": null, "PermitStatus": "Planned", "GFA": 245485, "DCOOD": "Yes", "OCCDate": null, "BPGFA": null, "EnergovID": null, "CreateUser": null, "CreateDate": null, "LastEditUser": "RFH7157A", "LastEditDate": 1783965558000, "ApprovedGFA": 336000, "PermittedGFA": null, "REATaxedGFA": null, "PlanningCaseNumber": "REZ2025-00026", "PlanningCaseName": "Project Well", "PlanCaseEnergovID": "f91d05d2-9f16-4321-8d9d-8c28831b0c2d"}}, {"type": "Feature", "id": 161, "geometry": {"type": "Point", "coordinates": [-77.56141124818723, 38.77970072549318]}, "properties": {"OBJECTID": 161, "GlobalID": "{FFE1CF5A-966D-4FA8-BDFC-7FB541B49AE5}", "GPIN": "7496-97-8786", "BuildingName": "Project Well B", "PID": "P759600209", "Address": "6898 WELLINGTON RD", "BuildingID": "B", "BuildingStatus": "Planned", "YearBuilt": null, "GFASource": "Site Plan", "PermitCase": null, "PermitStatus": "Planned", "GFA": 245485, "DCOOD": "Yes", "OCCDate": null, "BPGFA": null, "EnergovID": null, "CreateUser": null, "CreateDate": null, "LastEditUser": "RFH7157A", "LastEditDate": 1783965558000, "ApprovedGFA": 336000, "PermittedGFA": null, "REATaxedGFA": null, "PlanningCaseNumber": "REZ2025-00026", "PlanningCaseName": "Project Well", "PlanCaseEnergovID": "f91d05d2-9f16-4321-8d9d-8c28831b0c2d"}}, {"type": "Feature", "id": 162, "geometry": {"type": "Point", "coordinates": [-77.51434329084762, 38.77436973018608]}, "properties": {"OBJECTID": 162, "GlobalID": "{292E2162-FB16-4E09-BCBC-5649E844C825}", "GPIN": "7696-46-3403", "BuildingName": "Ashton Data Center 2", "PID": "", "Address": "8552 ASHTON AVE", "BuildingID": "ADC2", "BuildingStatus": "Pending", "YearBuilt": null, "GFASource": "Proffer", "PermitCase": null, "PermitStatus": "Planned", "GFA": 300000, "DCOOD": "Yes", "OCCDate": null, "BPGFA": null, "EnergovID": null, "CreateUser": null, "CreateDate": null, "LastEditUser": "RFH7157A", "LastEditDate": 1776794970000, "ApprovedGFA": 300000, "PermittedGFA": null, "REATaxedGFA": null, "PlanningCaseNumber": "REZ2022-00031", "PlanningCaseName": "ASHTON DATA CENTER", "PlanCaseEnergovID": "f322379d-0301-4028-9ba5-e23724a6cb51"}}, {"type": "Feature", "id": 163, "geometry": {"type": "Point", "coordinates": [-77.59038029292465, 38.770887044833316]}, "properties": {"OBJECTID": 163, "GlobalID": "{EC7C4253-5C77-40C9-81D2-0120AA78F758}", "GPIN": "7496-25-7319", "BuildingName": "Hunter Property 1", "PID": "P240500006", "Address": "8510 NIMBUS PL", "BuildingID": "1", "BuildingStatus": "Pending", "YearBuilt": null, "GFASource": "Proffer", "PermitCase": null, "PermitStatus": "Planned", "GFA": 401000, "DCOOD": "Yes", "OCCDate": null, "BPGFA": null, "EnergovID": null, "CreateUser": null, "CreateDate": null, "LastEditUser": "RFH7157A", "LastEditDate": 1781018553000, "ApprovedGFA": null, "PermittedGFA": null, "REATaxedGFA": null, "PlanningCaseNumber": null, "PlanningCaseName": null, "PlanCaseEnergovID": null}}, {"type": "Feature", "id": 164, "geometry": {"type": "Point", "coordinates": [-77.58909309221757, 38.77295480371281]}, "properties": {"OBJECTID": 164, "GlobalID": "{151CDFFF-84A9-4B0F-9EAF-23EEE75B1650}", "GPIN": "7496-25-7319", "BuildingName": "Hunter Property 2", "PID": "P240500007", "Address": "8505 NIMBUS PL", "BuildingID": "2", "BuildingStatus": "Pending", "YearBuilt": null, "GFASource": "Proffer", "PermitCase": null, "PermitStatus": "Planned", "GFA": 401000, "DCOOD": "Yes", "OCCDate": null, "BPGFA": null, "EnergovID": null, "CreateUser": null, "CreateDate": null, "LastEditUser": "RFH7157A", "LastEditDate": 1781018553000, "ApprovedGFA": null, "PermittedGFA": null, "REATaxedGFA": null, "PlanningCaseNumber": null, "PlanningCaseName": null, "PlanCaseEnergovID": null}}, {"type": "Feature", "id": 165, "geometry": {"type": "Point", "coordinates": [-77.58651381422048, 38.77178774583899]}, "properties": {"OBJECTID": 165, "GlobalID": "{3D5629C4-026F-4BAA-96AF-8873EEC75CB5}", "GPIN": "7496-25-7319", "BuildingName": "Hunter Property 7", "PID": "P240500008", "Address": "8545 NIMBUS PL", "BuildingID": "7", "BuildingStatus": "Pending", "YearBuilt": null, "GFASource": "Proffer", "PermitCase": null, "PermitStatus": "Planned", "GFA": 401000, "DCOOD": "Yes", "OCCDate": null, "BPGFA": null, "EnergovID": null, "CreateUser": null, "CreateDate": null, "LastEditUser": "RFH7157A", "LastEditDate": 1781018553000, "ApprovedGFA": null, "PermittedGFA": null, "REATaxedGFA": null, "PlanningCaseNumber": null, "PlanningCaseName": null, "PlanCaseEnergovID": null}}, {"type": "Feature", "id": 166, "geometry": {"type": "Point", "coordinates": [-77.587290829072, 38.77112628344142]}, "properties": {"OBJECTID": 166, "GlobalID": "{1DD12BE4-BC4B-4728-98D8-A2845B1199F4}", "GPIN": "7496-25-7319", "BuildingName": "Hunter Property 6", "PID": "P240500009", "Address": "8525 NIMBUS PL", "BuildingID": "6", "BuildingStatus": "Pending", "YearBuilt": null, "GFASource": "Proffer", "PermitCase": null, "PermitStatus": "Planned", "GFA": 401000, "DCOOD": "Yes", "OCCDate": null, "BPGFA": null, "EnergovID": null, "CreateUser": null, "CreateDate": null, "LastEditUser": "RFH7157A", "LastEditDate": 1781018553000, "ApprovedGFA": null, "PermittedGFA": null, "REATaxedGFA": null, "PlanningCaseNumber": null, "PlanningCaseName": null, "PlanCaseEnergovID": null}}, {"type": "Feature", "id": 167, "geometry": {"type": "Point", "coordinates": [-77.5881565380468, 38.770098843453354]}, "properties": {"OBJECTID": 167, "GlobalID": "{E14EAA7F-4C71-43D7-9D7D-6BEDB5528C02}", "GPIN": "7496-25-7319", "BuildingName": "Hunter Property 5", "PID": "P240500010", "Address": "8530 NIMBUS PL", "BuildingID": "5", "BuildingStatus": "Pending", "YearBuilt": null, "GFASource": "Proffer", "PermitCase": null, "PermitStatus": "Planned", "GFA": 401000, "DCOOD": "Yes", "OCCDate": null, "BPGFA": null, "EnergovID": null, "CreateUser": null, "CreateDate": null, "LastEditUser": "RFH7157A", "LastEditDate": 1781018553000, "ApprovedGFA": null, "PermittedGFA": null, "REATaxedGFA": null, "PlanningCaseNumber": null, "PlanningCaseName": null, "PlanCaseEnergovID": null}}, {"type": "Feature", "id": 168, "geometry": {"type": "Point", "coordinates": [-77.5888236597709, 38.76957753941508]}, "properties": {"OBJECTID": 168, "GlobalID": "{EEAE6957-43D6-4ABA-8B6B-34A81BB773CA}", "GPIN": "7496-25-7319", "BuildingName": "Hunter Property 4", "PID": "P240500011", "Address": "8550 NIMBUS PL", "BuildingID": "4", "BuildingStatus": "Pending", "YearBuilt": null, "GFASource": "Proffer", "PermitCase": null, "PermitStatus": "Planned", "GFA": 401000, "DCOOD": "Yes", "OCCDate": null, "BPGFA": null, "EnergovID": null, "CreateUser": null, "CreateDate": null, "LastEditUser": "RFH7157A", "LastEditDate": 1781018553000, "ApprovedGFA": null, "PermittedGFA": null, "REATaxedGFA": null, "PlanningCaseNumber": null, "PlanningCaseName": null, "PlanCaseEnergovID": null}}, {"type": "Feature", "id": 169, "geometry": {"type": "Point", "coordinates": [-77.5898198661226, 38.76867332243238]}, "properties": {"OBJECTID": 169, "GlobalID": "{38E5248B-3482-4D4F-8225-4C5BA574549E}", "GPIN": "7496-25-7319", "BuildingName": "Hunter Property 3", "PID": "P240500012", "Address": "8570 NIMBUS PL", "BuildingID": "3", "BuildingStatus": "Pending", "YearBuilt": null, "GFASource": "Proffer", "PermitCase": null, "PermitStatus": "Planned", "GFA": 401000, "DCOOD": "Yes", "OCCDate": null, "BPGFA": null, "EnergovID": null, "CreateUser": null, "CreateDate": null, "LastEditUser": "RFH7157A", "LastEditDate": 1781018553000, "ApprovedGFA": null, "PermittedGFA": null, "REATaxedGFA": null, "PlanningCaseNumber": null, "PlanningCaseName": null, "PlanCaseEnergovID": null}}, {"type": "Feature", "id": 170, "geometry": {"type": "Point", "coordinates": [-77.58219438578672, 38.768651491275655]}, "properties": {"OBJECTID": 170, "GlobalID": "{6A480DBC-0291-479F-B8FD-C58C6FA8C390}", "GPIN": "7496-43-8199", "BuildingName": "Hunter Property 8", "PID": "P240500013", "Address": "8650 NIMBUS PL", "BuildingID": "8", "BuildingStatus": "Pending", "YearBuilt": null, "GFASource": "Proffer", "PermitCase": null, "PermitStatus": "Planned", "GFA": 401000, "DCOOD": "Yes", "OCCDate": null, "BPGFA": null, "EnergovID": null, "CreateUser": null, "CreateDate": null, "LastEditUser": "RFH7157A", "LastEditDate": 1781018553000, "ApprovedGFA": null, "PermittedGFA": null, "REATaxedGFA": null, "PlanningCaseNumber": null, "PlanningCaseName": null, "PlanCaseEnergovID": null}}, {"type": "Feature", "id": 171, "geometry": {"type": "Point", "coordinates": [-77.58339219983579, 38.76659897137403]}, "properties": {"OBJECTID": 171, "GlobalID": "{C63CDB44-739A-432B-92E2-98B0250EB3D8}", "GPIN": "7496-43-8199", "BuildingName": "Hunter Property 9", "PID": "P240500015", "Address": "8670 NIMBUS PL", "BuildingID": "9", "BuildingStatus": "Pending", "YearBuilt": null, "GFASource": "Proffer", "PermitCase": null, "PermitStatus": "Planned", "GFA": 401000, "DCOOD": "Yes", "OCCDate": null, "BPGFA": null, "EnergovID": null, "CreateUser": null, "CreateDate": null, "LastEditUser": "RFH7157A", "LastEditDate": 1781018553000, "ApprovedGFA": null, "PermittedGFA": null, "REATaxedGFA": null, "PlanningCaseNumber": null, "PlanningCaseName": null, "PlanCaseEnergovID": null}}, {"type": "Feature", "id": 172, "geometry": {"type": "Point", "coordinates": [-77.5820683678165, 38.765942254665255]}, "properties": {"OBJECTID": 172, "GlobalID": "{73DC5FF1-B99B-45F1-A294-CAB81D9B3925}", "GPIN": "7496-43-8199", "BuildingName": "Hunter Property 10", "PID": "P240500016", "Address": "8675 NIMBUS PL", "BuildingID": "10", "BuildingStatus": "Pending", "YearBuilt": null, "GFASource": "Proffer", "PermitCase": null, "PermitStatus": "Planned", "GFA": 401000, "DCOOD": "Yes", "OCCDate": null, "BPGFA": null, "EnergovID": null, "CreateUser": null, "CreateDate": null, "LastEditUser": "RFH7157A", "LastEditDate": 1781018553000, "ApprovedGFA": null, "PermittedGFA": null, "REATaxedGFA": null, "PlanningCaseNumber": null, "PlanningCaseName": null, "PlanCaseEnergovID": null}}, {"type": "Feature", "id": 204, "geometry": {"type": "Point", "coordinates": [-77.53376941055105, 38.76260261614571]}, "properties": {"OBJECTID": 204, "GlobalID": "{501958D0-C3F1-4CC4-8B91-8B4194F2EAED}", "GPIN": "7596-81-5396", "BuildingName": "Hornbaker Road 2", "PID": "", "Address": "9001 HORNBAKER RD", "BuildingID": "HB2", "BuildingStatus": "Planned", "YearBuilt": null, "GFASource": "Proffer", "PermitCase": null, "PermitStatus": "Planned", "GFA": 435760, "DCOOD": "No", "OCCDate": null, "BPGFA": null, "EnergovID": null, "CreateUser": "RFH7157A", "CreateDate": 1772640462000, "LastEditUser": "RFH7157A", "LastEditDate": 1776103630000, "ApprovedGFA": 435760, "PermittedGFA": null, "REATaxedGFA": null, "PlanningCaseNumber": "REZ2025-00014", "PlanningCaseName": "HORNBAKER ROAD", "PlanCaseEnergovID": "a0b0e2d0-2ccb-47b1-ab3f-3275db071d01"}}, {"type": "Feature", "id": 205, "geometry": {"type": "Point", "coordinates": [-77.49397852844376, 38.7177343965378]}, "properties": {"OBJECTID": 205, "GlobalID": "{56E2A551-6C58-487C-AF4D-B6DBBB522158}", "GPIN": "7794-06-1635", "BuildingName": "CloudHQ Manassas Corporate Center 8", "PID": "", "Address": "AIRMAN AVE", "BuildingID": "MCC8", "BuildingStatus": "Pending", "YearBuilt": null, "GFASource": "Proffer", "PermitCase": null, "PermitStatus": "Planned", "GFA": 860788, "DCOOD": "Yes", "OCCDate": null, "BPGFA": null, "EnergovID": "", "CreateUser": "RFH7157A", "CreateDate": 1773063160000, "LastEditUser": "RFH7157A", "LastEditDate": 1776794970000, "ApprovedGFA": 860788, "PermittedGFA": null, "REATaxedGFA": null, "PlanningCaseNumber": "REZ2026-00032", "PlanningCaseName": "Manassas Corporate Center 8", "PlanCaseEnergovID": "90ca5774-aab1-4185-a26e-d3aa610f23f4"}}, {"type": "Feature", "id": 206, "geometry": {"type": "Point", "coordinates": [-77.57979067738607, 38.781102588062005]}, "properties": {"OBJECTID": 206, "GlobalID": "{AF74CAD1-FE43-47B5-A698-CD5243673F62}", "GPIN": "7496-58-4088", "BuildingName": "Project Industry A", "PID": null, "Address": "8021 INDUSTRIAL PARK CT", "BuildingID": "A", "BuildingStatus": "Pending", "YearBuilt": null, "GFASource": "Site Plan", "PermitCase": null, "PermitStatus": "Planned", "GFA": 171758, "DCOOD": "Yes", "OCCDate": null, "BPGFA": null, "EnergovID": null, "CreateUser": "RFH7157A", "CreateDate": 1776341645000, "LastEditUser": "RFH7157A", "LastEditDate": 1777999155000, "ApprovedGFA": 321695, "PermittedGFA": null, "REATaxedGFA": null, "PlanningCaseNumber": "REZ2025-00003", "PlanningCaseName": null, "PlanCaseEnergovID": "71a5c10e-0a22-4286-a5c9-b05bff0d3e5f"}}, {"type": "Feature", "id": 207, "geometry": {"type": "Point", "coordinates": [-77.58062349103866, 38.78005171279775]}, "properties": {"OBJECTID": 207, "GlobalID": "{183ECB52-F604-4B21-8286-C4E31FD49647}", "GPIN": "7496-58-0951", "BuildingName": "Project Industry B", "PID": null, "Address": "8010 INDUSTRIAL PARK CT", "BuildingID": "B", "BuildingStatus": "Pending", "YearBuilt": null, "GFASource": "Site Plan", "PermitCase": null, "PermitStatus": "Planned", "GFA": 171758, "DCOOD": "Yes", "OCCDate": null, "BPGFA": null, "EnergovID": null, "CreateUser": "RFH7157A", "CreateDate": 1776341645000, "LastEditUser": "RFH7157A", "LastEditDate": 1777999155000, "ApprovedGFA": 321695, "PermittedGFA": null, "REATaxedGFA": null, "PlanningCaseNumber": "REZ2025-00003", "PlanningCaseName": null, "PlanCaseEnergovID": "71a5c10e-0a22-4286-a5c9-b05bff0d3e5f"}}, {"type": "Feature", "id": 208, "geometry": {"type": "Point", "coordinates": [-77.50183030587931, 38.72520978023662]}, "properties": {"OBJECTID": 208, "GlobalID": "{5EB6F297-1015-4047-8F61-ACA9F776D992}", "GPIN": "7694-78-6585", "BuildingName": "B", "PID": "P769400254", "Address": "10230 HARRY J PARRISH BLVD", "BuildingID": "B", "BuildingStatus": "Planned", "YearBuilt": null, "GFASource": "Site Plan", "PermitCase": null, "PermitStatus": "Planned", "GFA": 292750, "DCOOD": "Yes", "OCCDate": null, "BPGFA": null, "EnergovID": null, "CreateUser": "RFH7157A", "CreateDate": 1776342662000, "LastEditUser": "RFH7157A", "LastEditDate": 1776869030000, "ApprovedGFA": 292750, "PermittedGFA": null, "REATaxedGFA": null, "PlanningCaseNumber": "REZ1987-0021", "PlanningCaseName": "GREAT OAK", "PlanCaseEnergovID": "fcd445a8-af13-446b-b852-86f22fb0ba21"}}, {"type": "Feature", "id": 209, "geometry": {"type": "Point", "coordinates": [-77.50412424657544, 38.72459381515616]}, "properties": {"OBJECTID": 209, "GlobalID": "{D7B5D661-17EC-4A82-A553-C5E8C530737A}", "GPIN": "7694-68-7035", "BuildingName": "C", "PID": "P769400333", "Address": "10231 HARRY J PARRISH BLVD", "BuildingID": "C", "BuildingStatus": "Planned", "YearBuilt": null, "GFASource": "Site Plan", "PermitCase": null, "PermitStatus": "Planned", "GFA": 455633, "DCOOD": "Yes", "OCCDate": null, "BPGFA": null, "EnergovID": null, "CreateUser": "RFH7157A", "CreateDate": 1776342662000, "LastEditUser": "RFH7157A", "LastEditDate": 1776869030000, "ApprovedGFA": 455633, "PermittedGFA": null, "REATaxedGFA": null, "PlanningCaseNumber": "REZ1987-0021", "PlanningCaseName": "GREAT OAK", "PlanCaseEnergovID": "fcd445a8-af13-446b-b852-86f22fb0ba21"}}, {"type": "Feature", "id": 210, "geometry": {"type": "Point", "coordinates": [-77.50472359140672, 38.72758811267591]}, "properties": {"OBJECTID": 210, "GlobalID": "{101B849B-1364-4623-9E96-033E079655B0}", "GPIN": "7694-69-8742", "BuildingName": "A", "PID": "P769400114", "Address": "10250 HARRY J PARRISH BLVD", "BuildingID": "A", "BuildingStatus": "Planned", "YearBuilt": null, "GFASource": "Site Plan", "PermitCase": null, "PermitStatus": "Planned", "GFA": 372608, "DCOOD": "Yes", "OCCDate": null, "BPGFA": null, "EnergovID": null, "CreateUser": "RFH7157A", "CreateDate": 1776342662000, "LastEditUser": "RFH7157A", "LastEditDate": 1776869030000, "ApprovedGFA": 372608, "PermittedGFA": null, "REATaxedGFA": null, "PlanningCaseNumber": "REZ1987-0021", "PlanningCaseName": "GREAT OAK", "PlanCaseEnergovID": "fcd445a8-af13-446b-b852-86f22fb0ba21"}}, {"type": "Feature", "id": 215, "geometry": {"type": "Point", "coordinates": [-77.59310251596092, 38.796813327199416]}, "properties": {"OBJECTID": 215, "GlobalID": "{90AFE642-6230-4AE0-8282-E6F864F55E45}", "GPIN": "7497-14-5061", "BuildingName": "Gainesville RLC", "PID": "P749700280", "Address": "5547 WELLINGTON RD", "BuildingID": "1", "BuildingStatus": "Planned", "YearBuilt": 0, "GFASource": "Site Plan", "PermitCase": null, "PermitStatus": "Planned", "GFA": 989867, "DCOOD": "Yes", "OCCDate": null, "BPGFA": null, "EnergovID": null, "CreateUser": "RFH7157A", "CreateDate": 1776440003000, "LastEditUser": "RFH7157A", "LastEditDate": 1776962042000, "ApprovedGFA": 989867, "PermittedGFA": null, "REATaxedGFA": null, "PlanningCaseNumber": "REZ1958-0021", "PlanningCaseName": "ATLANTIC RESEARCH", "PlanCaseEnergovID": "7b3b0a5f-c395-47c0-99c0-eb53f411acb3"}}, {"type": "Feature", "id": 216, "geometry": {"type": "Point", "coordinates": [-77.5586143828702, 38.78809937601036]}, "properties": {"OBJECTID": 216, "GlobalID": "{D6FA59BB-EE58-42EB-9E05-CC8FBCD2605E}", "GPIN": "7597-11-2534", "BuildingName": "Hansen Farm North", "PID": "P759700976", "Address": "7751 WELLINGFORD DR", "BuildingID": "1", "BuildingStatus": "Planned", "YearBuilt": null, "GFASource": "Site Plan", "PermitCase": null, "PermitStatus": "Planned", "GFA": 311000, "DCOOD": "Yes", "OCCDate": null, "BPGFA": null, "EnergovID": null, "CreateUser": "RFH7157A", "CreateDate": 1776444425000, "LastEditUser": "RFH7157A", "LastEditDate": 1776446533000, "ApprovedGFA": 311000, "PermittedGFA": null, "REATaxedGFA": null, "PlanningCaseNumber": "REZ1958-0034", "PlanningCaseName": "LACY", "PlanCaseEnergovID": "ce26192c-ef81-4bfe-87c3-346eed0658ae"}}, {"type": "Feature", "id": 217, "geometry": {"type": "Point", "coordinates": [-77.56011800889222, 38.78381856982886]}, "properties": {"OBJECTID": 217, "GlobalID": "{DF72C0DB-7DCE-4FF3-A593-389586D9CA34}", "GPIN": "7596-09-7967", "BuildingName": "Rose East B", "PID": null, "Address": "6895 WELLINGTON RD", "BuildingID": "B", "BuildingStatus": "Planned", "YearBuilt": null, "GFASource": "Site Plan", "PermitCase": null, "PermitStatus": "Planned", "GFA": 265546, "DCOOD": "Yes", "OCCDate": null, "BPGFA": null, "EnergovID": null, "CreateUser": "RFH7157A", "CreateDate": 1776446921000, "LastEditUser": "RFH7157A", "LastEditDate": 1776446921000, "ApprovedGFA": 265546, "PermittedGFA": null, "REATaxedGFA": null, "PlanningCaseNumber": "PLN2004-00071", "PlanningCaseName": "WELLINGTON BUSINESS PARK", "PlanCaseEnergovID": "1f3ea70c-725c-49a2-8f29-2492ed6a5e27"}}, {"type": "Feature", "id": 218, "geometry": {"type": "Point", "coordinates": [-77.5605283674946, 38.782817271545554]}, "properties": {"OBJECTID": 218, "GlobalID": "{6BB9880F-AEC5-41DC-B5A1-F5DDEBFC63BC}", "GPIN": "7596-09-7967", "BuildingName": "Rose East A", "PID": null, "Address": "6895 WELLINGTON RD", "BuildingID": "A", "BuildingStatus": "Planned", "YearBuilt": null, "GFASource": "Site Plan", "PermitCase": null, "PermitStatus": "Planned", "GFA": 356640, "DCOOD": "Yes", "OCCDate": null, "BPGFA": null, "EnergovID": null, "CreateUser": "RFH7157A", "CreateDate": 1776446921000, "LastEditUser": "RFH7157A", "LastEditDate": 1776446921000, "ApprovedGFA": 356640, "PermittedGFA": null, "REATaxedGFA": null, "PlanningCaseNumber": "PLN2004-00071", "PlanningCaseName": "WELLINGTON BUSINESS PARK", "PlanCaseEnergovID": "1f3ea70c-725c-49a2-8f29-2492ed6a5e27"}}, {"type": "Feature", "id": 219, "geometry": {"type": "Point", "coordinates": [-77.56255793423249, 38.785356934442625]}, "properties": {"OBJECTID": 219, "GlobalID": "{80D4892D-C2B4-4387-BD7F-5E187C6F7ACD}", "GPIN": "7596-09-7967", "BuildingName": "Rose West", "PID": null, "Address": "7911 MERRIFIELD GARDEN WAY MANASSAS, VA ", "BuildingID": "1", "BuildingStatus": "Planned", "YearBuilt": null, "GFASource": "Site Plan", "PermitCase": null, "PermitStatus": "Planned", "GFA": 246068, "DCOOD": "Yes", "OCCDate": null, "BPGFA": null, "EnergovID": null, "CreateUser": "RFH7157A", "CreateDate": 1776447965000, "LastEditUser": "RFH7157A", "LastEditDate": 1776447965000, "ApprovedGFA": 246068, "PermittedGFA": null, "REATaxedGFA": null, "PlanningCaseNumber": "PLN2004-00071", "PlanningCaseName": "WELLINGTON BUSINESS PARK", "PlanCaseEnergovID": "1f3ea70c-725c-49a2-8f29-2492ed6a5e27"}}, {"type": "Feature", "id": 220, "geometry": {"type": "Point", "coordinates": [-77.5666393098656, 38.785154782634415]}, "properties": {"OBJECTID": 220, "GlobalID": "{C6DCEB05-37B5-4A04-8164-4D14733FEA2C}", "GPIN": "7497-80-5986", "BuildingName": "Hansen Farm South", "PID": null, "Address": "7800 PINEY BRANCH LN BRISTOW, VA 20136", "BuildingID": "1", "BuildingStatus": "Planned", "YearBuilt": null, "GFASource": "Site Plan", "PermitCase": null, "PermitStatus": "Planned", "GFA": 228140, "DCOOD": "Yes", "OCCDate": null, "BPGFA": null, "EnergovID": null, "CreateUser": "RFH7157A", "CreateDate": 1776448611000, "LastEditUser": "RFH7157A", "LastEditDate": 1776448611000, "ApprovedGFA": 228140, "PermittedGFA": null, "REATaxedGFA": null, "PlanningCaseNumber": "REZ1990-0076", "PlanningCaseName": "CANNON", "PlanCaseEnergovID": "7ae84689-4196-4d5c-b2f2-2be2a4cac4ff"}}, {"type": "Feature", "id": 221, "geometry": {"type": "Point", "coordinates": [-77.54537556170149, 38.75719745146272]}, "properties": {"OBJECTID": 221, "GlobalID": "{150D2132-525A-414C-A822-E0BF4EC250E6}", "GPIN": "7596-50-2719", "BuildingName": "Manassas Tech Park North 1", "PID": null, "Address": "9251 INDUSTRIAL CT", "BuildingID": "1", "BuildingStatus": "Planned", "YearBuilt": null, "GFASource": "Site Plan", "PermitCase": null, "PermitStatus": "Planned", "GFA": 170000, "DCOOD": "Yes", "OCCDate": null, "BPGFA": null, "EnergovID": null, "CreateUser": "RFH7157A", "CreateDate": 1776449544000, "LastEditUser": "RFH7157A", "LastEditDate": 1776449544000, "ApprovedGFA": 170000, "PermittedGFA": null, "REATaxedGFA": null, "PlanningCaseNumber": "REZ1985-0048", "PlanningCaseName": "DWOSKIN", "PlanCaseEnergovID": "590d32cd-30f2-4381-a845-2669247e45e0"}}, {"type": "Feature", "id": 222, "geometry": {"type": "Point", "coordinates": [-77.54623536594615, 38.755709518879314]}, "properties": {"OBJECTID": 222, "GlobalID": "{FC1F8FA6-47AC-4496-B865-510797145A9B}", "GPIN": "7595-49-8655", "BuildingName": "Manassas Tech Park North 2", "PID": null, "Address": "9250 INDUSTRIAL CT", "BuildingID": "2", "BuildingStatus": "Planned", "YearBuilt": null, "GFASource": "Site Plan", "PermitCase": null, "PermitStatus": "Planned", "GFA": 170000, "DCOOD": "Yes", "OCCDate": null, "BPGFA": null, "EnergovID": null, "CreateUser": "RFH7157A", "CreateDate": 1776449544000, "LastEditUser": "RFH7157A", "LastEditDate": 1776449544000, "ApprovedGFA": 170000, "PermittedGFA": null, "REATaxedGFA": null, "PlanningCaseNumber": "REZ1985-0048", "PlanningCaseName": "DWOSKIN", "PlanCaseEnergovID": "590d32cd-30f2-4381-a845-2669247e45e0"}}, {"type": "Feature", "id": 223, "geometry": {"type": "Point", "coordinates": [-77.59729963650413, 38.79232741802174]}, "properties": {"OBJECTID": 223, "GlobalID": "{756F168F-3461-41FF-A320-15BB6CA9039C}", "GPIN": "7497-03-2210", "BuildingName": "Manassas Data Center", "PID": null, "Address": "3555 WELLINGTON CENTER CIR", "BuildingID": "1", "BuildingStatus": "Planned", "YearBuilt": null, "GFASource": "Site Plan", "PermitCase": null, "PermitStatus": "Planned", "GFA": 460740, "DCOOD": "Yes", "OCCDate": null, "BPGFA": null, "EnergovID": null, "CreateUser": "RFH7157A", "CreateDate": 1776450324000, "LastEditUser": "RFH7157A", "LastEditDate": 1776450324000, "ApprovedGFA": 460740, "PermittedGFA": null, "REATaxedGFA": null, "PlanningCaseNumber": "REZ1989-0038", "PlanningCaseName": "STONECREST", "PlanCaseEnergovID": "d4cb066c-32c2-427f-8d02-42b4565dc4c0"}}, {"type": "Feature", "id": 224, "geometry": {"type": "Point", "coordinates": [-77.53698508879145, 38.75046645434717]}, "properties": {"OBJECTID": 224, "GlobalID": "{ACAE9B28-6CBD-4515-BEA7-5131B90DDE1C}", "GPIN": "7595-77-5466", "BuildingName": "Redstone Tech Park South F", "PID": null, "Address": "9512 HORNBAKER RD", "BuildingID": "F", "BuildingStatus": "Planned", "YearBuilt": null, "GFASource": "Site Plan", "PermitCase": null, "PermitStatus": "Planned", "GFA": 196102, "DCOOD": "Yes", "OCCDate": null, "BPGFA": null, "EnergovID": null, "CreateUser": "RFH7157A", "CreateDate": 1776451093000, "LastEditUser": "RFH7157A", "LastEditDate": 1776451093000, "ApprovedGFA": 196102, "PermittedGFA": null, "REATaxedGFA": null, "PlanningCaseNumber": "PLN2007-00406", "PlanningCaseName": "ALBRITE PROPERTY", "PlanCaseEnergovID": "39bf6af9-497e-4aa4-9660-80eefa23bf0f"}}, {"type": "Feature", "id": 225, "geometry": {"type": "Point", "coordinates": [-77.53720263240857, 38.751738815468684]}, "properties": {"OBJECTID": 225, "GlobalID": "{8DCBEB9D-C38E-41CF-BF97-69C8988322DF}", "GPIN": "7595-78-4035", "BuildingName": "Redstone Tech Park South E", "PID": null, "Address": "11101 INDUSTRIAL RD", "BuildingID": "E", "BuildingStatus": "Planned", "YearBuilt": null, "GFASource": "Site Plan", "PermitCase": null, "PermitStatus": "Planned", "GFA": 200785, "DCOOD": "Yes", "OCCDate": null, "BPGFA": null, "EnergovID": null, "CreateUser": "RFH7157A", "CreateDate": 1776451093000, "LastEditUser": "RFH7157A", "LastEditDate": 1776451093000, "ApprovedGFA": 200785, "PermittedGFA": null, "REATaxedGFA": null, "PlanningCaseNumber": "REZ1998-0006", "PlanningCaseName": "BROAD RUN INDUSTRIAL PARK", "PlanCaseEnergovID": "9a6720bd-8860-45fa-8be1-876551ed81dc"}}, {"type": "Feature", "id": 226, "geometry": {"type": "Point", "coordinates": [-77.55053805341569, 38.789995196068226]}, "properties": {"OBJECTID": 226, "GlobalID": "{88A3459D-7B71-4D56-8FF7-7709B3D81F99}", "GPIN": null, "BuildingName": "Patriot Business Center", "PID": null, "Address": "BREWERS SPRING RD", "BuildingID": "1", "BuildingStatus": "Planned", "YearBuilt": null, "GFASource": "Site Plan", "PermitCase": "", "PermitStatus": "Planned", "GFA": 252265, "DCOOD": "Yes", "OCCDate": null, "BPGFA": null, "EnergovID": null, "CreateUser": "RFH7157A", "CreateDate": 1776688565000, "LastEditUser": "RFH7157A", "LastEditDate": 1779899633000, "ApprovedGFA": 252265, "PermittedGFA": null, "REATaxedGFA": null, "PlanningCaseNumber": "REZ1969-0021", "PlanningCaseName": "WHEELER SMITH WOOD SOLITE", "PlanCaseEnergovID": "06882327-a3cd-4bd2-9646-9f72bd231847"}}, {"type": "Feature", "id": 229, "geometry": {"type": "Point", "coordinates": [-77.44220708281554, 38.64806701042565]}, "properties": {"OBJECTID": 229, "GlobalID": "{C0B1390B-D2D2-4228-A6C7-858DCD25200E}", "GPIN": "7892-50-1385", "BuildingName": "Six Towers 1", "PID": null, "Address": "7830 SIX TOWERS RD", "BuildingID": "1", "BuildingStatus": "Pending", "YearBuilt": null, "GFASource": "Proffer", "PermitCase": null, "PermitStatus": "Planned", "GFA": 472626, "DCOOD": "Yes", "OCCDate": null, "BPGFA": null, "EnergovID": null, "CreateUser": "RFH7157A", "CreateDate": 1776692301000, "LastEditUser": "RFH7157A", "LastEditDate": 1776797466000, "ApprovedGFA": 472626, "PermittedGFA": null, "REATaxedGFA": null, "PlanningCaseNumber": "REZ2026-00019", "PlanningCaseName": "SIX TOWERS INDUSTRIAL PARK", "PlanCaseEnergovID": "f32568b2-c8f2-4134-815c-9da3cb62a8f1"}}, {"type": "Feature", "id": 230, "geometry": {"type": "Point", "coordinates": [-77.43861632838394, 38.64832710148298]}, "properties": {"OBJECTID": 230, "GlobalID": "{12BD04FD-E488-46EF-B616-259611CAB1F2}", "GPIN": "7892-50-1385", "BuildingName": "Six Towers 2", "PID": null, "Address": "7830 SIX TOWERS RD", "BuildingID": "2", "BuildingStatus": "Pending", "YearBuilt": null, "GFASource": "Proffer", "PermitCase": null, "PermitStatus": "Planned", "GFA": 472626, "DCOOD": "Yes", "OCCDate": null, "BPGFA": null, "EnergovID": null, "CreateUser": "RFH7157A", "CreateDate": 1776692301000, "LastEditUser": "RFH7157A", "LastEditDate": 1776797466000, "ApprovedGFA": 472626, "PermittedGFA": null, "REATaxedGFA": null, "PlanningCaseNumber": "REZ2026-00019", "PlanningCaseName": "SIX TOWERS INDUSTRIAL PARK", "PlanCaseEnergovID": "f32568b2-c8f2-4134-815c-9da3cb62a8f1"}}, {"type": "Feature", "id": 231, "geometry": {"type": "Point", "coordinates": [-77.5398158539579, 38.74852390742938]}, "properties": {"OBJECTID": 231, "GlobalID": "{C7284C9B-3D44-4F95-BED3-73A3CB5EDC41}", "GPIN": "7595-67-8821", "BuildingName": "Redstone 3", "PID": null, "Address": "9651 HAWKINS DR MANASSAS, VA 20109", "BuildingID": "3", "BuildingStatus": "Planned", "YearBuilt": null, "GFASource": "Site Plan", "PermitCase": null, "PermitStatus": "Planned", "GFA": 14387, "DCOOD": "Yes", "OCCDate": null, "BPGFA": null, "EnergovID": null, "CreateUser": "RFH7157A", "CreateDate": 1776772611000, "LastEditUser": "RFH7157A", "LastEditDate": 1776772611000, "ApprovedGFA": null, "PermittedGFA": null, "REATaxedGFA": null, "PlanningCaseNumber": "REZ1994-0013", "PlanningCaseName": "BROAD RUN INDUSTRIAL PARK", "PlanCaseEnergovID": "{19397BED-7133-45D6-967C-6B93681720F2}"}}, {"type": "Feature", "id": 232, "geometry": {"type": "Point", "coordinates": [-77.53919145261015, 38.748591601854315]}, "properties": {"OBJECTID": 232, "GlobalID": "{151EF950-BCCD-4322-B71F-B9C8249F2DDE}", "GPIN": "7595-67-8821", "BuildingName": "Redstone 4", "PID": null, "Address": "9651 HAWKINS DR MANASSAS, VA 20109", "BuildingID": "4", "BuildingStatus": "Planned", "YearBuilt": null, "GFASource": "Site Plan", "PermitCase": null, "PermitStatus": "Planned", "GFA": 14387, "DCOOD": "Yes", "OCCDate": null, "BPGFA": null, "EnergovID": null, "CreateUser": "RFH7157A", "CreateDate": 1776772611000, "LastEditUser": "RFH7157A", "LastEditDate": 1776772611000, "ApprovedGFA": null, "PermittedGFA": null, "REATaxedGFA": null, "PlanningCaseNumber": "REZ1994-0013", "PlanningCaseName": "BROAD RUN INDUSTRIAL PARK", "PlanCaseEnergovID": "{19397BED-7133-45D6-967C-6B93681720F2}"}}, {"type": "Feature", "id": 233, "geometry": {"type": "Point", "coordinates": [-77.52270991382679, 38.74842552019576]}, "properties": {"OBJECTID": 233, "GlobalID": "{96908CCC-149B-4E52-97AA-7345982129E6}", "GPIN": "7695-17-9607", "BuildingName": "Amazon AWS IAD-F", "PID": null, "Address": "9670 INNOVATION DR", "BuildingID": "F", "BuildingStatus": "Planned", "YearBuilt": null, "GFASource": "Site Plan", "PermitCase": null, "PermitStatus": null, "GFA": 201000, "DCOOD": "Yes", "OCCDate": null, "BPGFA": null, "EnergovID": null, "CreateUser": "RFH7157A", "CreateDate": 1776774186000, "LastEditUser": "RFH7157A", "LastEditDate": 1776774186000, "ApprovedGFA": null, "PermittedGFA": null, "REATaxedGFA": null, "PlanningCaseNumber": "PLN2007-0074", "PlanningCaseName": "ELI LILLY AT INNOVATION", "PlanCaseEnergovID": "8faefd73-d028-45e0-8b57-2c5d46df942d"}}, {"type": "Feature", "id": 234, "geometry": {"type": "Point", "coordinates": [-77.59576572946929, 38.79578762177338]}, "properties": {"OBJECTID": 234, "GlobalID": "{3D35687C-8BE9-47E5-B223-2636DCAF2218}", "GPIN": "7497-04-7126", "BuildingName": "Wellington Road West", "PID": null, "Address": "5451 WELLINGTON RD GAINESVILLE, VA 20155", "BuildingID": "1", "BuildingStatus": "Planned", "YearBuilt": null, "GFASource": "Site Plan", "PermitCase": null, "PermitStatus": null, "GFA": 255500, "DCOOD": "Yes", "OCCDate": null, "BPGFA": null, "EnergovID": null, "CreateUser": "RFH7157A", "CreateDate": 1776780154000, "LastEditUser": "RFH7157A", "LastEditDate": 1777377855000, "ApprovedGFA": 255500, "PermittedGFA": null, "REATaxedGFA": null, "PlanningCaseNumber": "REZ1958-0021", "PlanningCaseName": "ATLANTIC RESEARCH", "PlanCaseEnergovID": "7b3b0a5f-c395-47c0-99c0-eb53f411acb3"}}, {"type": "Feature", "id": 235, "geometry": {"type": "Point", "coordinates": [-77.53547192679005, 38.75351307204905]}, "properties": {"OBJECTID": 235, "GlobalID": "{C5A7F8EC-5A7A-4034-9F8F-4A7F54E8DE71}", "GPIN": "7595-88-0593", "BuildingName": "Redstone Tech Park North E", "PID": null, "Address": "11090 INDUSTRIAL RD", "BuildingID": "E", "BuildingStatus": "Planned", "YearBuilt": null, "GFASource": "Site Plan", "PermitCase": null, "PermitStatus": "Planned", "GFA": 148500, "DCOOD": "Yes", "OCCDate": null, "BPGFA": null, "EnergovID": null, "CreateUser": "RFH7157A", "CreateDate": 1776784335000, "LastEditUser": "RFH7157A", "LastEditDate": 1776784335000, "ApprovedGFA": 148500, "PermittedGFA": null, "REATaxedGFA": null, "PlanningCaseNumber": "REZ1996-0016", "PlanningCaseName": "BROAD RUN INDUSTRIAL PARK", "PlanCaseEnergovID": "c46543bf-0d5e-4829-90e5-74ee1337d58c"}}, {"type": "Feature", "id": 236, "geometry": {"type": "Point", "coordinates": [-77.53918117207051, 38.75374220305358]}, "properties": {"OBJECTID": 236, "GlobalID": "{5FDA2B89-009B-41D6-A06C-A6A36D8C84BC}", "GPIN": "7595-78-0192", "BuildingName": "Redstone Tech Park North D", "PID": null, "Address": "11124 INDUSTRIAL RD", "BuildingID": "D", "BuildingStatus": "Planned", "YearBuilt": null, "GFASource": "Site Plan", "PermitCase": null, "PermitStatus": "Planned", "GFA": 190336, "DCOOD": "Yes", "OCCDate": null, "BPGFA": null, "EnergovID": null, "CreateUser": "RFH7157A", "CreateDate": 1776784335000, "LastEditUser": "RFH7157A", "LastEditDate": 1776784335000, "ApprovedGFA": 190336, "PermittedGFA": null, "REATaxedGFA": null, "PlanningCaseNumber": "REZ1996-0016", "PlanningCaseName": "BROAD RUN INDUSTRIAL PARK", "PlanCaseEnergovID": "c46543bf-0d5e-4829-90e5-74ee1337d58c"}}, {"type": "Feature", "id": 237, "geometry": {"type": "Point", "coordinates": [-77.54079539495227, 38.753859986206265]}, "properties": {"OBJECTID": 237, "GlobalID": "{5FD4A819-50DC-48B4-AC0D-FF50B749DAEC}", "GPIN": "7595-69-4800", "BuildingName": "Redstone Tech Park North C", "PID": null, "Address": "11138 INDUSTRIAL RD", "BuildingID": "C", "BuildingStatus": "Planned", "YearBuilt": null, "GFASource": "Site Plan", "PermitCase": null, "PermitStatus": "Planned", "GFA": 248665, "DCOOD": "Yes", "OCCDate": null, "BPGFA": null, "EnergovID": null, "CreateUser": "RFH7157A", "CreateDate": 1776784335000, "LastEditUser": "RFH7157A", "LastEditDate": 1776784335000, "ApprovedGFA": 248665, "PermittedGFA": null, "REATaxedGFA": null, "PlanningCaseNumber": "REZ1996-0016", "PlanningCaseName": "BROAD RUN INDUSTRIAL PARK", "PlanCaseEnergovID": "c46543bf-0d5e-4829-90e5-74ee1337d58c"}}, {"type": "Feature", "id": 238, "geometry": {"type": "Point", "coordinates": [-77.54253520664066, 38.75457479089459]}, "properties": {"OBJECTID": 238, "GlobalID": "{2E492148-9B56-42CD-AB3B-1CDF453599D5}", "GPIN": "7595-69-2101", "BuildingName": "Redstone Tech Park North B", "PID": null, "Address": "11144 INDUSTRIAL RD", "BuildingID": "B", "BuildingStatus": "Planned", "YearBuilt": null, "GFASource": "Site Plan", "PermitCase": null, "PermitStatus": "Planned", "GFA": 405000, "DCOOD": "Yes", "OCCDate": null, "BPGFA": null, "EnergovID": null, "CreateUser": "RFH7157A", "CreateDate": 1776784335000, "LastEditUser": "RFH7157A", "LastEditDate": 1776784335000, "ApprovedGFA": 405000, "PermittedGFA": null, "REATaxedGFA": null, "PlanningCaseNumber": "REZ1985-0048", "PlanningCaseName": "DWOSKIN", "PlanCaseEnergovID": "590d32cd-30f2-4381-a845-2669247e45e0"}}, {"type": "Feature", "id": 239, "geometry": {"type": "Point", "coordinates": [-77.54211680169605, 38.75590979812721]}, "properties": {"OBJECTID": 239, "GlobalID": "{E8E7D763-EC7D-4FEB-B8DB-CB02FAD9A4C4}", "GPIN": "7595-69-2565", "BuildingName": "Redstone Tech Park North A", "PID": null, "Address": "11140 INDUSTRIAL RD", "BuildingID": "A", "BuildingStatus": "Planned", "YearBuilt": null, "GFASource": "Site Plan", "PermitCase": null, "PermitStatus": "Planned", "GFA": 270000, "DCOOD": "Yes", "OCCDate": null, "BPGFA": null, "EnergovID": null, "CreateUser": "RFH7157A", "CreateDate": 1776784335000, "LastEditUser": "RFH7157A", "LastEditDate": 1776784335000, "ApprovedGFA": 270000, "PermittedGFA": null, "REATaxedGFA": null, "PlanningCaseNumber": "PLN2008-00253", "PlanningCaseName": "REDSTONE INDUSTRIAL PARK", "PlanCaseEnergovID": "f9e747f6-b26c-4530-a2fc-298b4be7561d"}}, {"type": "Feature", "id": 240, "geometry": {"type": "Point", "coordinates": [-77.53985219358138, 38.762671889933]}, "properties": {"OBJECTID": 240, "GlobalID": "{3748A47A-3DAB-40F5-A601-A8F48F42B3A5}", "GPIN": "7596-62-9148.00", "BuildingName": "Manassas Tech Center Building B", "PID": "P231200003", "Address": "8880 MIKE GARCIA DR", "BuildingID": "B", "BuildingStatus": "Planned", "YearBuilt": null, "GFASource": "Building Permit", "PermitCase": "BLD2026-06372", "PermitStatus": "Planned", "GFA": 210329, "DCOOD": "Yes", "OCCDate": null, "BPGFA": 210329, "EnergovID": "a56a0e05-1f02-4cb7-b6cf-3001673b9c5d", "CreateUser": "RFH7157A", "CreateDate": 1776799734000, "LastEditUser": "RFH7157A", "LastEditDate": 1782750018000, "ApprovedGFA": 220162, "PermittedGFA": 210329, "REATaxedGFA": null, "PlanningCaseNumber": "REZ2026-00022", "PlanningCaseName": "Manassas Tech Center PRA", "PlanCaseEnergovID": "\t7bbe6460-60e2-41f9-99a4-a5e725b52010"}}, {"type": "Feature", "id": 241, "geometry": {"type": "Point", "coordinates": [-77.53786969528436, 38.764036137936095]}, "properties": {"OBJECTID": 241, "GlobalID": "{09EE61B6-1E65-4695-9ED2-A8A0B0051426}", "GPIN": null, "BuildingName": "Manassas Tech Center Building C", "PID": null, "Address": "8881 MIKE GARCIA DR", "BuildingID": "C", "BuildingStatus": "Pending", "YearBuilt": null, "GFASource": "Site Plan", "PermitCase": null, "PermitStatus": "Planned", "GFA": 256260, "DCOOD": "Yes", "OCCDate": null, "BPGFA": null, "EnergovID": null, "CreateUser": "RFH7157A", "CreateDate": 1776799734000, "LastEditUser": "RFH7157A", "LastEditDate": 1782154079000, "ApprovedGFA": 256260, "PermittedGFA": null, "REATaxedGFA": null, "PlanningCaseNumber": null, "PlanningCaseName": null, "PlanCaseEnergovID": null}}, {"type": "Feature", "id": 242, "geometry": {"type": "Point", "coordinates": [-77.5932736920864, 38.79521527781169]}, "properties": {"OBJECTID": 242, "GlobalID": "{1F1BD00C-6E63-4194-AD8B-B05B45ABD7C5}", "GPIN": "7497-13-3597", "BuildingName": "Wellington Road East", "PID": null, "Address": "5551 WELLINGTON RD GAINESVILLE, VA 20155", "BuildingID": "B", "BuildingStatus": "Planned", "YearBuilt": null, "GFASource": "Site Plan", "PermitCase": null, "PermitStatus": "Planned", "GFA": 116550, "DCOOD": "Yes", "OCCDate": null, "BPGFA": null, "EnergovID": null, "CreateUser": "RFH7157A", "CreateDate": 1777377855000, "LastEditUser": "RFH7157A", "LastEditDate": 1777377855000, "ApprovedGFA": 116550, "PermittedGFA": null, "REATaxedGFA": null, "PlanningCaseNumber": "REZ1958-0021", "PlanningCaseName": "ATLANTIC RESEARCH", "PlanCaseEnergovID": "7b3b0a5f-c395-47c0-99c0-eb53f411acb3"}}, {"type": "Feature", "id": 243, "geometry": {"type": "Point", "coordinates": [-77.59589796071509, 38.777321801379806]}, "properties": {"OBJECTID": 243, "GlobalID": "{F1F7D217-7C1F-4C22-8E57-A84E21DD1E80}", "GPIN": "7496-07-8757", "BuildingName": "Digital Realty VA5", "PID": null, "Address": "8217 LINTON HALL RD", "BuildingID": "VA5", "BuildingStatus": "Planned", "YearBuilt": null, "GFASource": "Site Plan", "PermitCase": null, "PermitStatus": null, "GFA": 155427, "DCOOD": "Yes", "OCCDate": null, "BPGFA": null, "EnergovID": null, "CreateUser": "RFH7157A", "CreateDate": 1777561965000, "LastEditUser": "RFH7157A", "LastEditDate": 1779899633000, "ApprovedGFA": 155427, "PermittedGFA": null, "REATaxedGFA": null, "PlanningCaseNumber": "REZ1958-0021", "PlanningCaseName": "BOCS", "PlanCaseEnergovID": "7b3b0a5f-c395-47c0-99c0-eb53f411acb3"}}, {"type": "Feature", "id": 244, "geometry": {"type": "Point", "coordinates": [-77.43830552813851, 38.64516577643617]}, "properties": {"OBJECTID": 244, "GlobalID": "{584C28EA-4972-4C41-8E98-62D7656A51A9}", "GPIN": "7891-69-0322", "BuildingName": "Amazon Parsons Business Park 6", "PID": null, "Address": "14237 DUMFRIES RD", "BuildingID": "6", "BuildingStatus": "Planned", "YearBuilt": null, "GFASource": "Site Plan", "PermitCase": null, "PermitStatus": "Planned", "GFA": 15943, "DCOOD": "Yes", "OCCDate": null, "BPGFA": null, "EnergovID": null, "CreateUser": "RFH7157A", "CreateDate": 1777894210000, "LastEditUser": "RFH7157A", "LastEditDate": 1777894210000, "ApprovedGFA": 15943, "PermittedGFA": null, "REATaxedGFA": null, "PlanningCaseNumber": "REZ2023-00028", "PlanningCaseName": "Parsons Business Park", "PlanCaseEnergovID": "f202a52f-d21d-48eb-ab3e-8577eaaaff93"}}, {"type": "Feature", "id": 245, "geometry": {"type": "Point", "coordinates": [-77.54185857208195, 38.76498508077169]}, "properties": {"OBJECTID": 245, "GlobalID": "{9551C2E5-9F8D-4E58-8B0B-887C497E3410}", "GPIN": null, "BuildingName": "SUDLEY MANOR DRIVE A", "PID": "P759601623", "Address": "11951 SUDLEY MANOR DR MANASSAS, VA 20109", "BuildingID": "A", "BuildingStatus": "Pending", "YearBuilt": null, "GFASource": "Site Plan", "PermitCase": null, "PermitStatus": "Planned", "GFA": 293236, "DCOOD": "Yes", "OCCDate": null, "BPGFA": null, "EnergovID": null, "CreateUser": "RFH7157A", "CreateDate": 1777896136000, "LastEditUser": "RFH7157A", "LastEditDate": 1778000316000, "ApprovedGFA": 293236, "PermittedGFA": null, "REATaxedGFA": null, "PlanningCaseNumber": "REZ2020-00010", "PlanningCaseName": "11951 SUDLEY MANOR DRIVE", "PlanCaseEnergovID": "c31952ca-2934-4acc-ab29-9db4ec01e339"}}, {"type": "Feature", "id": 250, "geometry": {"type": "Point", "coordinates": [-77.50164076110951, 38.799772334438686]}, "properties": {"OBJECTID": 250, "GlobalID": "{74AB2C21-36BC-4895-87D0-8DD9CB8A05A4}", "GPIN": "7697-75-5985", "BuildingName": "Exeter Property Group", "PID": "P769705452", "Address": "7901 COPPERMINE DR", "BuildingID": "1", "BuildingStatus": "Planned", "YearBuilt": null, "GFASource": "Site Plan", "PermitCase": null, "PermitStatus": "Planned", "GFA": 155610, "DCOOD": "No", "OCCDate": null, "BPGFA": null, "EnergovID": null, "CreateUser": "RFH7157A", "CreateDate": 1778677835000, "LastEditUser": "RFH7157A", "LastEditDate": 1778677835000, "ApprovedGFA": null, "PermittedGFA": null, "REATaxedGFA": null, "PlanningCaseNumber": "REZ1987-0015", "PlanningCaseName": "LINDEN", "PlanCaseEnergovID": "5645e435-f3f1-4665-bfb2-9cf6f459cc3d"}}, {"type": "Feature", "id": 251, "geometry": {"type": "Point", "coordinates": [-77.57419604309976, 38.791573520436835]}, "properties": {"OBJECTID": 251, "GlobalID": "{81A9C686-B2E1-45CA-A567-E8628C22C00B}", "GPIN": "7497-61-8568", "BuildingName": "Astrid North", "PID": null, "Address": "6201 WELLINGTON RD", "BuildingID": "North", "BuildingStatus": "Planned", "YearBuilt": null, "GFASource": "Site Plan", "PermitCase": null, "PermitStatus": "Planned", "GFA": 1700000, "DCOOD": "Yes", "OCCDate": null, "BPGFA": null, "EnergovID": null, "CreateUser": "RFH7157A", "CreateDate": 1779193225000, "LastEditUser": "RFH7157A", "LastEditDate": 1779193225000, "ApprovedGFA": null, "PermittedGFA": null, "REATaxedGFA": null, "PlanningCaseNumber": "REZ1958-0021", "PlanningCaseName": "BOCS-ARC", "PlanCaseEnergovID": "7b3b0a5f-c395-47c0-99c0-eb53f411acb3"}}, {"type": "Feature", "id": 252, "geometry": {"type": "Point", "coordinates": [-77.57534448362209, 38.78733275551838]}, "properties": {"OBJECTID": 252, "GlobalID": "{566DE0D6-D8DF-4DCA-BC8B-43EC6FEE760C}", "GPIN": "7497-61-8568", "BuildingName": "Astrid South", "PID": null, "Address": "6201 WELLINGTON RD", "BuildingID": "South", "BuildingStatus": "Planned", "YearBuilt": null, "GFASource": "Site Plan", "PermitCase": null, "PermitStatus": "Planned", "GFA": 1100000, "DCOOD": "Yes", "OCCDate": null, "BPGFA": null, "EnergovID": null, "CreateUser": "RFH7157A", "CreateDate": 1779193225000, "LastEditUser": "RFH7157A", "LastEditDate": 1779193225000, "ApprovedGFA": null, "PermittedGFA": null, "REATaxedGFA": null, "PlanningCaseNumber": "REZ1958-0021", "PlanningCaseName": "BOCS-ARC", "PlanCaseEnergovID": "7b3b0a5f-c395-47c0-99c0-eb53f411acb3"}}, {"type": "Feature", "id": 253, "geometry": {"type": "Point", "coordinates": [-77.31929377462745, 38.595384572826916]}, "properties": {"OBJECTID": 253, "GlobalID": "{E7A668AF-7CBF-4976-9E1A-646355E9C130}", "GPIN": "8290-03-9812", "BuildingName": "Atlantic Funding 3", "PID": null, "Address": "16251 DUMFRIES ROAD", "BuildingID": "3", "BuildingStatus": "Pending", "YearBuilt": null, "GFASource": "Proffer", "PermitCase": null, "PermitStatus": "Planned", "GFA": 200627, "DCOOD": "No", "OCCDate": null, "BPGFA": null, "EnergovID": null, "CreateUser": "RFH7157A", "CreateDate": 1779818642000, "LastEditUser": "RFH7157A", "LastEditDate": 1779818642000, "ApprovedGFA": null, "PermittedGFA": null, "REATaxedGFA": null, "PlanningCaseNumber": "REZ2026-00041", "PlanningCaseName": "Atlantic Funding Development PRA", "PlanCaseEnergovID": "0a28badf-2c7c-4bea-bc19-d2b3e102f33d"}}, {"type": "Feature", "id": 254, "geometry": {"type": "Point", "coordinates": [-77.31754732398187, 38.597459284173006]}, "properties": {"OBJECTID": 254, "GlobalID": "{29AA13F3-EA86-4D8D-BC27-718EB9E3B4CB}", "GPIN": "8290-03-9812", "BuildingName": "Atlantic Funding 2", "PID": null, "Address": "16251 DUMFRIES ROAD", "BuildingID": "2", "BuildingStatus": "Pending", "YearBuilt": null, "GFASource": "Proffer", "PermitCase": null, "PermitStatus": "Planned", "GFA": 200627, "DCOOD": "No", "OCCDate": null, "BPGFA": null, "EnergovID": null, "CreateUser": "RFH7157A", "CreateDate": 1779818642000, "LastEditUser": "RFH7157A", "LastEditDate": 1779818642000, "ApprovedGFA": null, "PermittedGFA": null, "REATaxedGFA": null, "PlanningCaseNumber": "REZ2026-00041", "PlanningCaseName": "Atlantic Funding Development PRA", "PlanCaseEnergovID": "0a28badf-2c7c-4bea-bc19-d2b3e102f33d"}}, {"type": "Feature", "id": 255, "geometry": {"type": "Point", "coordinates": [-77.3162192795209, 38.59912994057379]}, "properties": {"OBJECTID": 255, "GlobalID": "{2D56FE44-439B-43EE-BC2B-90B66CF45DF4}", "GPIN": "8290-03-9812", "BuildingName": "Atlantic Funding 1", "PID": null, "Address": "16251 DUMFRIES ROAD", "BuildingID": "1", "BuildingStatus": "Pending", "YearBuilt": null, "GFASource": "Proffer", "PermitCase": null, "PermitStatus": "Planned", "GFA": 200627, "DCOOD": "No", "OCCDate": null, "BPGFA": null, "EnergovID": null, "CreateUser": "RFH7157A", "CreateDate": 1779818642000, "LastEditUser": "RFH7157A", "LastEditDate": 1779818642000, "ApprovedGFA": null, "PermittedGFA": null, "REATaxedGFA": null, "PlanningCaseNumber": "REZ2026-00041", "PlanningCaseName": "Atlantic Funding Development PRA", "PlanCaseEnergovID": "0a28badf-2c7c-4bea-bc19-d2b3e102f33d"}}, {"type": "Feature", "id": 258, "geometry": {"type": "Point", "coordinates": [-77.58820124728285, 38.776069044234866]}, "properties": {"OBJECTID": 258, "GlobalID": "{021C6F16-F220-4211-962A-AC39CE33DFD3}", "GPIN": "7496-47-2405", "BuildingName": "Yondr Bristow Campus Building 4", "PID": null, "Address": "12998 ROLLINS FORD RD", "BuildingID": "4", "BuildingStatus": "Planned", "YearBuilt": null, "GFASource": "Site Plan", "PermitCase": null, "PermitStatus": "Planned", "GFA": 167514, "DCOOD": "Yes", "OCCDate": null, "BPGFA": null, "EnergovID": null, "CreateUser": "RFH7157A", "CreateDate": 1780056547000, "LastEditUser": "RFH7157A", "LastEditDate": 1780056547000, "ApprovedGFA": null, "PermittedGFA": null, "REATaxedGFA": null, "PlanningCaseNumber": "REZ2017-00023", "PlanningCaseName": "AURA DEVELOPMENT", "PlanCaseEnergovID": "635db761-516c-4b17-8de3-4283b79a94da"}}, {"type": "Feature", "id": 259, "geometry": {"type": "Point", "coordinates": [-77.5423365773914, 38.796121548118926]}, "properties": {"OBJECTID": 259, "GlobalID": "{1508B7EA-DB7C-4DC6-8514-C156BDD4E7BD}", "GPIN": "7597-54-9420.01", "BuildingName": "Century Park 2", "PID": "P759701508", "Address": "7300 CENTURY PARK DR", "BuildingID": "2", "BuildingStatus": "Planned", "YearBuilt": null, "GFASource": "Site Plan", "PermitCase": null, "PermitStatus": "Planned", "GFA": 164000, "DCOOD": "Yes", "OCCDate": null, "BPGFA": null, "EnergovID": null, "CreateUser": "RFH7157A", "CreateDate": 1780514439000, "LastEditUser": "RFH7157A", "LastEditDate": 1780514439000, "ApprovedGFA": null, "PermittedGFA": null, "REATaxedGFA": null, "PlanningCaseNumber": "REZ1969-0021", "PlanningCaseName": "WHEELER SMITH WOOD SOLITE", "PlanCaseEnergovID": "06882327-a3cd-4bd2-9646-9f72bd231847"}}, {"type": "Feature", "id": 260, "geometry": {"type": "Point", "coordinates": [-77.5443453742827, 38.7977304420421]}, "properties": {"OBJECTID": 260, "GlobalID": "{6E29F576-5797-42E3-A2FB-84213A356A82}", "GPIN": "7597-54-1893.01", "BuildingName": "Century Park 1", "PID": "P759701576", "Address": "7101 CENTURY PARK DR", "BuildingID": "1", "BuildingStatus": "Planned", "YearBuilt": null, "GFASource": "Site Plan", "PermitCase": null, "PermitStatus": "Planned", "GFA": 252000, "DCOOD": "Yes", "OCCDate": null, "BPGFA": null, "EnergovID": null, "CreateUser": "RFH7157A", "CreateDate": 1780514439000, "LastEditUser": "RFH7157A", "LastEditDate": 1780514439000, "ApprovedGFA": null, "PermittedGFA": null, "REATaxedGFA": null, "PlanningCaseNumber": "REZ1969-0021", "PlanningCaseName": "WHEELER SMITH WOOD SOLITE", "PlanCaseEnergovID": "06882327-a3cd-4bd2-9646-9f72bd231847"}}, {"type": "Feature", "id": 261, "geometry": {"type": "Point", "coordinates": [-77.53223408485334, 38.746503296186596]}, "properties": {"OBJECTID": 261, "GlobalID": "{5E80D6AE-C5DC-4A32-9251-5ED729ED454F}", "GPIN": "7595-96-0662", "BuildingName": "Power loft DC6", "PID": null, "Address": "9651 HORNBAKER RD", "BuildingID": "DC6", "BuildingStatus": "Planned", "YearBuilt": null, "GFASource": "Site Plan", "PermitCase": null, "PermitStatus": "Planned", "GFA": 21340, "DCOOD": "Yes", "OCCDate": null, "BPGFA": null, "EnergovID": null, "CreateUser": "RFH7157A", "CreateDate": 1780515080000, "LastEditUser": "RFH7157A", "LastEditDate": 1780515080000, "ApprovedGFA": null, "PermittedGFA": null, "REATaxedGFA": null, "PlanningCaseNumber": "PLN2007-00535", "PlanningCaseName": "INNOVATION AT PW", "PlanCaseEnergovID": "65a47980-e01f-4e3d-bc5c-e3f7c6c096f4"}}, {"type": "Feature", "id": 262, "geometry": {"type": "Point", "coordinates": [-77.32034802899155, 38.59141100000401]}, "properties": {"OBJECTID": 262, "GlobalID": "{ED4D6931-3187-41C1-9CA9-A56634AE400B}", "GPIN": "8190-90-6518", "BuildingName": "Southgate South 1", "PID": null, "Address": "16401 DUMFRIES RD", "BuildingID": "1", "BuildingStatus": "Pending", "YearBuilt": null, "GFASource": "Proffer", "PermitCase": null, "PermitStatus": "Planned", "GFA": 303000, "DCOOD": "No", "OCCDate": null, "BPGFA": null, "EnergovID": null, "CreateUser": "RFH7157A", "CreateDate": 1780574936000, "LastEditUser": "RFH7157A", "LastEditDate": 1780574936000, "ApprovedGFA": null, "PermittedGFA": null, "REATaxedGFA": null, "PlanningCaseNumber": "REZ2026-00044", "PlanningCaseName": "Southgate South REZ & PRA", "PlanCaseEnergovID": "4f9d38d6-2dd5-44b1-b5c1-cc2aa25e5628"}}, {"type": "Feature", "id": 263, "geometry": {"type": "Point", "coordinates": [-77.32109370851919, 38.58784419442505]}, "properties": {"OBJECTID": 263, "GlobalID": "{81F0E8E6-ECC9-43DD-98BA-F4B197D0217E}", "GPIN": "8190-90-6518", "BuildingName": "Southgate South 3", "PID": null, "Address": "16401 DUMFRIES RD", "BuildingID": "3", "BuildingStatus": "Pending", "YearBuilt": null, "GFASource": "Proffer", "PermitCase": null, "PermitStatus": "Planned", "GFA": 303000, "DCOOD": "No", "OCCDate": null, "BPGFA": null, "EnergovID": null, "CreateUser": "RFH7157A", "CreateDate": 1780574936000, "LastEditUser": "RFH7157A", "LastEditDate": 1780574936000, "ApprovedGFA": null, "PermittedGFA": null, "REATaxedGFA": null, "PlanningCaseNumber": "REZ2026-00044", "PlanningCaseName": "Southgate South REZ & PRA", "PlanCaseEnergovID": "4f9d38d6-2dd5-44b1-b5c1-cc2aa25e5628"}}, {"type": "Feature", "id": 264, "geometry": {"type": "Point", "coordinates": [-77.32073035110254, 38.58962431543273]}, "properties": {"OBJECTID": 264, "GlobalID": "{AE6C6E18-356B-4E92-8D1D-EB2C3E240F9E}", "GPIN": "8190-90-6518", "BuildingName": "Southgate South 2", "PID": null, "Address": "16401 DUMFRIES RD", "BuildingID": "2", "BuildingStatus": "Pending", "YearBuilt": null, "GFASource": "Proffer", "PermitCase": null, "PermitStatus": "Planned", "GFA": 303000, "DCOOD": "No", "OCCDate": null, "BPGFA": null, "EnergovID": null, "CreateUser": "RFH7157A", "CreateDate": 1780574936000, "LastEditUser": "RFH7157A", "LastEditDate": 1780574936000, "ApprovedGFA": null, "PermittedGFA": null, "REATaxedGFA": null, "PlanningCaseNumber": "REZ2026-00044", "PlanningCaseName": "Southgate South REZ & PRA", "PlanCaseEnergovID": "4f9d38d6-2dd5-44b1-b5c1-cc2aa25e5628"}}, {"type": "Feature", "id": 265, "geometry": {"type": "Point", "coordinates": [-77.51166953039342, 38.73376840160243]}, "properties": {"OBJECTID": 265, "GlobalID": "{D8980D08-0A93-413C-B30F-AEE31F69836F}", "GPIN": "7695-41-6086", "BuildingName": "CloudHQ Manassas Data Center 3", "PID": "P526460193", "Address": "10470 HARRY J PARRISH BLVD", "BuildingID": "MDC3", "BuildingStatus": "Under Construction", "YearBuilt": null, "GFASource": "Building Permit", "PermitCase": "BLD2026-02951", "PermitStatus": "Issued", "GFA": 523151, "DCOOD": "Yes", "OCCDate": null, "BPGFA": 523151, "EnergovID": "eaa0fa5e-5ca8-41b1-8db6-445a95484013", "CreateUser": "RFH7157A", "CreateDate": 1781712753000, "LastEditUser": "RFH7157A", "LastEditDate": 1783961577000, "ApprovedGFA": null, "PermittedGFA": null, "REATaxedGFA": null, "PlanningCaseNumber": "REZ2018-00001", "PlanningCaseName": "ASHWOOD ADDITION", "PlanCaseEnergovID": "bac2c975-6f9e-462c-a9f0-d855015bd869"}}, {"type": "Feature", "id": 271, "geometry": {"type": "Point", "coordinates": [-77.54557729939611, 38.75362731205707]}, "properties": {"OBJECTID": 271, "GlobalID": "{8A4B9906-DF93-4BBF-A288-FB5E6C8A538D}", "GPIN": "7595-59-2712", "BuildingName": "Manassas Tech Park II South", "PID": null, "Address": "9320 INDUSTRIAL CT", "BuildingID": "9251", "BuildingStatus": "Planned", "YearBuilt": null, "GFASource": "Site Plan", "PermitCase": null, "PermitStatus": "Planned", "GFA": 198500, "DCOOD": "Yes", "OCCDate": null, "BPGFA": null, "EnergovID": null, "CreateUser": "RFH7157A", "CreateDate": 1784214836000, "LastEditUser": "RFH7157A", "LastEditDate": 1784214836000, "ApprovedGFA": 198500, "PermittedGFA": null, "REATaxedGFA": null, "PlanningCaseNumber": "REZ1985-0048", "PlanningCaseName": "DWOSKIN", "PlanCaseEnergovID": "590d32cd-30f2-4381-a845-2669247e45e0"}}, {"type": "Feature", "id": 272, "geometry": {"type": "Point", "coordinates": [-77.51310807653753, 38.802996372969965]}, "properties": {"OBJECTID": 272, "GlobalID": "{90DCE059-8F0F-462F-A630-2380C57A4B39}", "GPIN": "7697-47-2201", "BuildingName": "Equinix Manassas DC19", "PID": "P769700251", "Address": "7200 INFANTRY RIDGE RD", "BuildingID": "DC19", "BuildingStatus": "Planned", "YearBuilt": null, "GFASource": "Site Plan", "PermitCase": null, "PermitStatus": "Planned", "GFA": 85125, "DCOOD": "Yes", "OCCDate": null, "BPGFA": null, "EnergovID": null, "CreateUser": "RFH7157A", "CreateDate": 1784723489000, "LastEditUser": "RFH7157A", "LastEditDate": 1784723489000, "ApprovedGFA": null, "PermittedGFA": null, "REATaxedGFA": null, "PlanningCaseNumber": "REZ1998-0027", "PlanningCaseName": "BATTLEFIELD BUS. PARK", "PlanCaseEnergovID": "ca06def6-d0ad-444a-90f4-486c989dce4a"}}, {"type": "Feature", "id": 273, "geometry": {"type": "Point", "coordinates": [-77.55331947583078, 38.797718338591686]}, "properties": {"OBJECTID": 273, "GlobalID": "{DAE5944A-2752-47CF-9A22-45C01D2FE4D6}", "GPIN": "7597-24-7195", "BuildingName": "Merritt I-66 Business Park C", "PID": "P847984515", "Address": "7375 MERRITT PARK DR", "BuildingID": "C", "BuildingStatus": "Planned", "YearBuilt": null, "GFASource": "Site Plan", "PermitCase": null, "PermitStatus": "Planned", "GFA": 633749, "DCOOD": "Yes", "OCCDate": null, "BPGFA": null, "EnergovID": null, "CreateUser": "RFH7157A", "CreateDate": 1785434743000, "LastEditUser": "RFH7157A", "LastEditDate": 1785435468000, "ApprovedGFA": null, "PermittedGFA": null, "REATaxedGFA": null, "PlanningCaseNumber": "REZ1981-0015", "PlanningCaseName": "LIBBY, LEONA & HOWARD", "PlanCaseEnergovID": "ba7d803c-ad67-4a97-9720-3ef3910c912b"}}, {"type": "Feature", "id": 274, "geometry": {"type": "Point", "coordinates": [-77.55291673471655, 38.795579652954615]}, "properties": {"OBJECTID": 274, "GlobalID": "{0F994DA3-6715-4D0D-99DC-760899307B7E}", "GPIN": "7597-24-8417", "BuildingName": "Merritt I-66 Business Park D", "PID": "P269657843", "Address": "7425 MERRITT PARK DR", "BuildingID": "D", "BuildingStatus": "Planned", "YearBuilt": null, "GFASource": "Site Plan", "PermitCase": null, "PermitStatus": "Planned", "GFA": 638590, "DCOOD": "Yes", "OCCDate": null, "BPGFA": null, "EnergovID": null, "CreateUser": "RFH7157A", "CreateDate": 1785434743000, "LastEditUser": "RFH7157A", "LastEditDate": 1785435468000, "ApprovedGFA": null, "PermittedGFA": null, "REATaxedGFA": null, "PlanningCaseNumber": "REZ1981-0015", "PlanningCaseName": "LIBBY, LEONA & HOWARD", "PlanCaseEnergovID": "ba7d803c-ad67-4a97-9720-3ef3910c912b"}}, {"type": "Feature", "id": 275, "geometry": {"type": "Point", "coordinates": [-77.55522083076723, 38.79692475665249]}, "properties": {"OBJECTID": 275, "GlobalID": "{20ADF5A5-3695-4FA9-B0DB-9CCCAA41CD57}", "GPIN": "7597-24-1765", "BuildingName": "Merritt I-66 Business Park B", "PID": "P694863508", "Address": "7390 MERRITT PARK DR", "BuildingID": "B", "BuildingStatus": "Planned", "YearBuilt": null, "GFASource": "Site Plan", "PermitCase": null, "PermitStatus": "Planned", "GFA": 436000, "DCOOD": "Yes", "OCCDate": null, "BPGFA": null, "EnergovID": null, "CreateUser": "RFH7157A", "CreateDate": 1785434743000, "LastEditUser": "RFH7157A", "LastEditDate": 1785435468000, "ApprovedGFA": null, "PermittedGFA": null, "REATaxedGFA": null, "PlanningCaseNumber": "REZ1981-0015", "PlanningCaseName": "LIBBY, LEONA & HOWARD", "PlanCaseEnergovID": "ba7d803c-ad67-4a97-9720-3ef3910c912b"}}, {"type": "Feature", "id": 276, "geometry": {"type": "Point", "coordinates": [-77.55537302317201, 38.797997188835375]}, "properties": {"OBJECTID": 276, "GlobalID": "{BEC65883-228E-42C2-A63A-550526CEDB39}", "GPIN": "7597-25-1404", "BuildingName": "Merritt I-66 Business Park A", "PID": "P693318489", "Address": "7370 MERRITT PARK DR", "BuildingID": "A", "BuildingStatus": "Planned", "YearBuilt": null, "GFASource": "Site Plan", "PermitCase": null, "PermitStatus": "Planned", "GFA": 436000, "DCOOD": "Yes", "OCCDate": null, "BPGFA": null, "EnergovID": null, "CreateUser": "RFH7157A", "CreateDate": 1785434743000, "LastEditUser": "RFH7157A", "LastEditDate": 1785435468000, "ApprovedGFA": null, "PermittedGFA": null, "REATaxedGFA": null, "PlanningCaseNumber": "REZ1981-0015", "PlanningCaseName": "LIBBY, LEONA & HOWARD", "PlanCaseEnergovID": "ba7d803c-ad67-4a97-9720-3ef3910c912b"}}]}