{"type": "FeatureCollection", "features": [{"type": "Feature", "id": 4, "geometry": {"type": "Polygon", "coordinates": [[[-77.57542422276165, 38.80305079833918], [-77.57549450872618, 38.804051741088664], [-77.57548034143264, 38.805269942270776], [-77.57548023887917, 38.805278715258936], [-77.57725681848204, 38.804858948884636], [-77.57791649946431, 38.80466865171018], [-77.57843256292757, 38.80458112545877], [-77.58024832582016, 38.804152041684056], [-77.58179178285272, 38.803787276777456], [-77.58261281546395, 38.80354447240676], [-77.58344302676203, 38.80333620398125], [-77.58412954482061, 38.80321301712229], [-77.58456308043348, 38.80301199824038], [-77.58479785014235, 38.803045376489465], [-77.58619176817128, 38.80269512949648], [-77.58619459082558, 38.80268583445349], [-77.58620585274134, 38.802648737839924], [-77.5858908402157, 38.80211867063746], [-77.58561341020491, 38.802245060573], [-77.58538902244626, 38.80199967042638], [-77.58542822345962, 38.80192302539191], [-77.58536876700953, 38.80182232404107], [-77.58526185889775, 38.80171405724179], [-77.5853441700105, 38.80154390236973], [-77.5853516731165, 38.80154045189105], [-77.58550525651306, 38.801469841753274], [-77.58550235526116, 38.80146495972189], [-77.58528639683253, 38.801101556802294], [-77.58522166607263, 38.800986122465744], [-77.58522161998775, 38.800986034719784], [-77.58516341508371, 38.800868593593705], [-77.58516334673293, 38.80086844621516], [-77.58511174922565, 38.80074919263724], [-77.58511171240765, 38.80074910045905], [-77.58506677033357, 38.80062814742434], [-77.58490576444515, 38.80053774465404], [-77.58487743479398, 38.800413241873635], [-77.58493320872374, 38.80029451041163], [-77.58491454679475, 38.80017457579702], [-77.58491452796738, 38.800174427002815], [-77.58490220711622, 38.80005414094801], [-77.58490220123062, 38.800054060722594], [-77.58489622157472, 38.799933411519206], [-77.58489621975076, 38.79993328357815], [-77.58489659445172, 38.799812591146974], [-77.58489659816541, 38.79981248036606], [-77.58490332540109, 38.79969188523255], [-77.58490333460658, 38.79969179521503], [-77.5849164094609, 38.7995715000408], [-77.58491643099244, 38.799571346156036], [-77.58493581294832, 38.79945163710734], [-77.58495635870295, 38.799342777578694], [-77.5851038109271, 38.79880581418], [-77.58517786367757, 38.798413440929764], [-77.58504623887099, 38.79839822262334], [-77.58504867710354, 38.79838277239961], [-77.58445532411723, 38.79832569394083], [-77.58233647262374, 38.798121746848324], [-77.5816558223918, 38.79802127880952], [-77.58097536263975, 38.7980143228847], [-77.58017484752084, 38.79803215034203], [-77.57937464636258, 38.798049966695785], [-77.57914998901781, 38.79800888928043], [-77.57884110357385, 38.7980197875071], [-77.5782382403343, 38.798125868300076], [-77.5774570092099, 38.7985529608248], [-77.57745472174803, 38.798554212195626], [-77.5769621423175, 38.7991068044003], [-77.57653642338971, 38.79990041270642], [-77.57571689135402, 38.80136229037384], [-77.57547088213146, 38.80218469570758], [-77.57545783273146, 38.80242715755594], [-77.57542422276165, 38.80305079833918]]]}, "properties": {"OBJECTID": 4, "ZoningDistrict": "PBD", "CaseNumber": "REZ2018-00008", "CaseName": "Gainesville Crossing", "EnergovID": "e84871aa-43c8-4189-9b23-16244c45106e", "RemainingGFA": 1499420, "ChangeTrigger": 0, "GISAcreage": 129.75460809, "MagistDist": "Gainesville", "GlobalID": "{DBC2517E-4857-499F-9CAC-57097887B33A}", "CreateUser": null, "CreateDate": null, "LastEditUser": "RFH7157A", "LastEditDate": 1784557147000, "ProjectStatus": "Planned", "CampusName": "CorScale Gainesville Crossing", "PlannedGFA": 1981643, "DCOOD": "No", "Shape.STArea()": 5652187.665867355, "Shape.STLength()": 9899.997990710688}}, {"type": "Feature", "id": 5, "geometry": {"type": "Polygon", "coordinates": [[[-77.56831719245372, 38.7766321035369], [-77.56831462910489, 38.77663727685748], [-77.56800061065962, 38.77727706080676], [-77.56799809552751, 38.777282594862946], [-77.5678270021308, 38.77763080197932], [-77.56781972482901, 38.777645628792555], [-77.56765323880698, 38.77798481011822], [-77.5674377568207, 38.77842384464726], [-77.56722226450823, 38.778862850748894], [-77.56703167454488, 38.779251151941615], [-77.56676758203427, 38.77978917482597], [-77.56626498089237, 38.78081307748076], [-77.56627004123112, 38.78084030058864], [-77.5663726980314, 38.781350558070855], [-77.56639195328303, 38.78150153260178], [-77.56657541045834, 38.78293987010395], [-77.5665754376427, 38.782940081130505], [-77.5665845140852, 38.782950378563136], [-77.56663980080813, 38.78301310306366], [-77.56665720851565, 38.78303285235018], [-77.56692201505791, 38.783021644101844], [-77.56718617177899, 38.78300329857711], [-77.56744936180736, 38.78297783668485], [-77.56771127506103, 38.78294528839944], [-77.56806586338917, 38.782933945270926], [-77.5695902238012, 38.782738610726724], [-77.57037080971699, 38.78267763407442], [-77.57041961872385, 38.782590150050694], [-77.57357384224952, 38.77693613874273], [-77.5739463957675, 38.77626611064413], [-77.57394721458648, 38.77626463963576], [-77.57182717123389, 38.776173993926825], [-77.57181813490766, 38.77617360799312], [-77.57178261985072, 38.77623909974198], [-77.56897686087608, 38.775306731005834], [-77.5689690925882, 38.77530415041718], [-77.56896883838495, 38.77530467272259], [-77.56867205504624, 38.77590907022257], [-77.56866682317975, 38.77591972505331], [-77.56831719245372, 38.7766321035369]]]}, "properties": {"OBJECTID": 5, "ZoningDistrict": "M-2", "CaseNumber": "REZ2020-00011", "CaseName": "Gainesville Tech Park", "EnergovID": "01fffe17-1fdc-46e3-bd5c-f5795320e7e6", "RemainingGFA": 1245499, "ChangeTrigger": 0, "GISAcreage": 83.13158494, "MagistDist": "Brentsville", "GlobalID": "{9F24BCFB-0084-40CB-9262-018A3CB6B47F}", "CreateUser": null, "CreateDate": null, "LastEditUser": "RFH7157A", "LastEditDate": 1784557147000, "ProjectStatus": "Planned", "CampusName": "Microsoft Azure Gainesville Tech Park", "PlannedGFA": 1245499, "DCOOD": "Yes", "Shape.STArea()": 3621211.83992423, "Shape.STLength()": 8091.317097680895}}, {"type": "Feature", "id": 6, "geometry": {"type": "Polygon", "coordinates": [[[-77.5851861033802, 38.7657351142623], [-77.58513223278104, 38.76571306244879], [-77.58498734818508, 38.76565357251943], [-77.58496383398473, 38.76564412957182], [-77.58443567269642, 38.76542792673848], [-77.58422143551071, 38.76534022765925], [-77.58421597157233, 38.76533818138303], [-77.58228831684471, 38.76451016196898], [-77.58177510339904, 38.764289703604526], [-77.58106755566632, 38.76398595073365], [-77.58106403205936, 38.76398443753314], [-77.58038270494285, 38.7652102485725], [-77.57897222381017, 38.76894368053816], [-77.57783574290335, 38.770491962903016], [-77.57783545829662, 38.77049234985354], [-77.57778148176041, 38.77056588382619], [-77.57771018009811, 38.77073284444696], [-77.57771393746914, 38.77073382805179], [-77.58029905659913, 38.77141039364203], [-77.58046350108631, 38.77144902192811], [-77.5806301471831, 38.771481357344605], [-77.58079860110729, 38.77150732292201], [-77.58096846540344, 38.77152685878146], [-77.58113934244155, 38.77153991855831], [-77.58128328733305, 38.77154739142238], [-77.58129400111935, 38.77154794743071], [-77.58102149956567, 38.771943221348316], [-77.58106543234146, 38.771963606130065], [-77.58134090399375, 38.77154708335058], [-77.58306316756946, 38.7716363051876], [-77.58322424761649, 38.77164771234499], [-77.58338443663288, 38.771665192482764], [-77.58354336115481, 38.77168870574857], [-77.58370065022501, 38.771718196095485], [-77.58385593877586, 38.77175359671377], [-77.58400886310616, 38.771794823689106], [-77.58415906657709, 38.771841780551505], [-77.58430620075076, 38.77189435918492], [-77.58444992083334, 38.77195243618817], [-77.58883212570086, 38.773829375324], [-77.58897951841331, 38.77389636889332], [-77.58912236709283, 38.77396914407672], [-77.58926030241467, 38.77404751333804], [-77.5893929679121, 38.774131273026015], [-77.58952001994227, 38.77422020607644], [-77.58964112997592, 38.77431408293056], [-77.58975598230734, 38.77441266061627], [-77.5898642820981, 38.77451568371121], [-77.58996574731061, 38.774622885180655], [-77.59006011674032, 38.77473398824159], [-77.59014714543615, 38.774848704525105], [-77.59022660696762, 38.77496673679636], [-77.59029829685473, 38.775087780782954], [-77.59036202915046, 38.775211522445304], [-77.59041763984754, 38.7753376416066], [-77.59046498227593, 38.7754658119169], [-77.59050393746023, 38.77559570093357], [-77.59067449825703, 38.776237359822545], [-77.59118214935376, 38.77814709954027], [-77.59122083777171, 38.77827618525625], [-77.5912678124849, 38.77840357481019], [-77.59132295449903, 38.77852894294704], [-77.59150449499252, 38.77841426075174], [-77.59150991613063, 38.77841077483524], [-77.59151533611735, 38.778407288909584], [-77.59250657353502, 38.77776955642318], [-77.59593157220276, 38.77556783431678], [-77.59585686867115, 38.775463343529644], [-77.59473429812115, 38.77614480106448], [-77.59391532900382, 38.775345212092404], [-77.59390587697993, 38.77533580937074], [-77.59186097965913, 38.77590017225381], [-77.59181716502329, 38.775912264432634], [-77.5919445004379, 38.77348184975882], [-77.59306434747576, 38.7720022804761], [-77.5928836012991, 38.771682720414354], [-77.59325750813903, 38.77137179971127], [-77.59330945502073, 38.77117899298116], [-77.59302915342637, 38.770668965645896], [-77.5929716446432, 38.77056432384695], [-77.59295896830082, 38.77054603035389], [-77.5926827710165, 38.7704858991962], [-77.59244797383681, 38.770185818225286], [-77.59251360990436, 38.77001247353574], [-77.59257200054584, 38.7699876723208], [-77.59140464566137, 38.768461210705155], [-77.59099923309986, 38.76865688889441], [-77.59055372499249, 38.76820270485656], [-77.59094277647489, 38.76797187711268], [-77.59070577879743, 38.767719241875824], [-77.58998368762185, 38.76695343800587], [-77.58988964841876, 38.76684924166948], [-77.58975071530786, 38.766744297658356], [-77.5893730606192, 38.76703828465533], [-77.58910433491732, 38.76724747360154], [-77.58890621752121, 38.76740169807227], [-77.58870710206605, 38.767556700938115], [-77.58851848062392, 38.767703529200226], [-77.58833956060597, 38.767842806475294], [-77.58816212755119, 38.767980924773546], [-77.58795030211184, 38.768146007683676], [-77.58777251084898, 38.7682846676528], [-77.58759781700668, 38.768420948756614], [-77.58738924697013, 38.76858356770451], [-77.58721388811212, 38.76872035837751], [-77.5870044330624, 38.76888357065434], [-77.58679586143953, 38.76904610205264], [-77.58663257689786, 38.769158500355154], [-77.58662896407179, 38.769161352388544], [-77.58644721362948, 38.76930481464357], [-77.58644369959049, 38.76930758906272], [-77.58626184961777, 38.76945112773352], [-77.58625908882907, 38.76945330711703], [-77.58612871910282, 38.76955621076947], [-77.58610681523284, 38.769573501286736], [-77.58606784091893, 38.76960426503359], [-77.58588259973224, 38.769750480285836], [-77.585697355479, 38.769896696123645], [-77.5855121127963, 38.77004290988054], [-77.58546017076284, 38.77008390921043], [-77.58532091349582, 38.77019441200704], [-77.58504287659834, 38.770405910942934], [-77.58482801381315, 38.7705693546316], [-77.58463314308543, 38.770483407665225], [-77.58426955949099, 38.77032305033128], [-77.58397317480652, 38.77019233027002], [-77.58370032124323, 38.77007198609802], [-77.58342746858227, 38.769951642188765], [-77.58315461684654, 38.769831296740676], [-77.58290181246022, 38.769719793009145], [-77.58262463805362, 38.769597539530686], [-77.582629652508, 38.76958983462894], [-77.58316643097008, 38.76877398995641], [-77.58318498305462, 38.76874579181008], [-77.58327931688054, 38.768602413337774], [-77.58328253932756, 38.76859751601524], [-77.58334604482665, 38.76850099189805], [-77.58347658868381, 38.76830257568452], [-77.58364571506091, 38.76804551317978], [-77.58379241254606, 38.76783139223581], [-77.58403007007308, 38.76748449987981], [-77.58410521647686, 38.767374813141515], [-77.58414394103866, 38.76731828865898], [-77.5851861033802, 38.7657351142623]]]}, "properties": {"OBJECTID": 6, "ZoningDistrict": "M-2", "CaseNumber": "REZ2022-00019", "CaseName": "Hunter Property", "EnergovID": "218df4cf-252f-4eee-8ed5-d54f470e1a3f", "RemainingGFA": 4010000, "ChangeTrigger": 0, "GISAcreage": 196.02451409, "MagistDist": "Brentsville", "GlobalID": "{307EAC4E-1981-4F96-9D18-B5353B54CD08}", "CreateUser": null, "CreateDate": null, "LastEditUser": "RFH7157A", "LastEditDate": 1784557147000, "ProjectStatus": "Pending", "CampusName": "Hunter Property", "PlannedGFA": 4010000, "DCOOD": "Yes", "Shape.STArea()": 8538827.83369097, "Shape.STLength()": 21202.411807827488}}, {"type": "Feature", "id": 7, "geometry": {"type": "Polygon", "coordinates": [[[-77.57139316846397, 38.76820805522076], [-77.57167945153847, 38.768258917510515], [-77.57181566654165, 38.768285530050306], [-77.57181572966373, 38.76828554316258], [-77.57195027770263, 38.76831667117778], [-77.57195042682005, 38.768316708394], [-77.57208315995094, 38.768352314683355], [-77.57208329867794, 38.768352354519855], [-77.57221388898039, 38.76839234820625], [-77.57221410212681, 38.76839241746028], [-77.5723424315473, 38.76843676338239], [-77.57234259763409, 38.76843682325487], [-77.57246836717708, 38.76848541815403], [-77.57246854804795, 38.768485491656776], [-77.5725916042656, 38.768538278471446], [-77.57259172554755, 38.76853833258381], [-77.57271182577465, 38.76859521210607], [-77.57271190354173, 38.76859524965797], [-77.57282886128303, 38.76865613934106], [-77.57586029451735, 38.77030857805661], [-77.57598681934549, 38.7703745858617], [-77.57598697256233, 38.770374662744636], [-77.57611686884897, 38.770436597878664], [-77.57611698440661, 38.770436650140404], [-77.57624995939568, 38.770494367944075], [-77.57625011965604, 38.77049443407139], [-77.57638598445476, 38.77054785647011], [-77.57638615165416, 38.77054791994915], [-77.57652475629342, 38.77059698449102], [-77.57652485827508, 38.77059701862745], [-77.57666583157192, 38.7706415935517], [-77.57666600811602, 38.770641646293086], [-77.57680936498403, 38.77068173351064], [-77.57763972884196, 38.770897809010016], [-77.57771018009811, 38.77073284444696], [-77.57778148176041, 38.77056588382619], [-77.57783545829662, 38.77049234985354], [-77.57783574290335, 38.770491962903016], [-77.57897222381017, 38.76894368053816], [-77.58038270494285, 38.7652102485725], [-77.58106403205936, 38.76398443753314], [-77.58037917764202, 38.763690261895555], [-77.58037025598348, 38.763686429759815], [-77.58118964913712, 38.76128480661782], [-77.58121234083089, 38.76121829342731], [-77.5812145810878, 38.76121172539501], [-77.58121376642326, 38.76121082621799], [-77.5812128123295, 38.761209672795104], [-77.58121263100934, 38.76120945515794], [-77.58121185359917, 38.7612085220386], [-77.58121089947092, 38.76120737131815], [-77.58120994534275, 38.76120622059771], [-77.5812089912491, 38.76120506717479], [-77.58120803712099, 38.76120391645435], [-77.58120708302746, 38.76120276303146], [-77.58120612889935, 38.76120161231097], [-77.58120517477133, 38.76120046159048], [-77.58120422067783, 38.76119930816752], [-77.58120326654988, 38.76119815744703], [-77.5812023124219, 38.76119700672654], [-77.58120135832856, 38.76119585330357], [-77.58120040880276, 38.76119470261911], [-77.58119945011886, 38.761193548259236], [-77.58119849597952, 38.761192398439526], [-77.58119754189778, 38.761191244115714], [-77.58119658777001, 38.76119009339516], [-77.5811956336768, 38.76118893997217], [-77.58119468875329, 38.76118778932369], [-77.58119373006959, 38.76118663496382], [-77.5811927759304, 38.76118548514401], [-77.58119182184888, 38.7611843308202], [-77.58119087117284, 38.76118318012661], [-77.58118991707987, 38.76118202670358], [-77.5811889676005, 38.76118087241574], [-77.58118801350751, 38.761179718992715], [-77.5811870593801, 38.761178568272065], [-77.58118610990083, 38.761177413984235], [-77.58118515580792, 38.76117626056116], [-77.58118420168059, 38.76117510984046], [-77.5811832521899, 38.76117395645345], [-77.58118229810862, 38.761172802129494], [-77.58118134861799, 38.76117164874245], [-77.58118039794229, 38.761170498048784], [-77.5811794438957, 38.7611693410224], [-77.58117849437063, 38.761168190337756], [-77.58117754028949, 38.7611670360138], [-77.58117659079903, 38.76116588262667], [-77.5811756413201, 38.761164728338784], [-77.58117469179514, 38.761163577654074], [-77.58117373770261, 38.7611624242309], [-77.58117278707327, 38.761161269933915], [-77.5811718375829, 38.7611601165468], [-77.58117088810413, 38.76115896225881], [-77.58116993401177, 38.76115780883561], [-77.581168984533, 38.76115665454764], [-77.5811680350428, 38.76115550116046], [-77.58116708441364, 38.76115434686347], [-77.5811661349235, 38.76115319347628], [-77.58116518539879, 38.761152042791544], [-77.5811642359663, 38.76115088490027], [-77.58116328647624, 38.76114973151304], [-77.5811623358472, 38.76114857721603], [-77.5811613863572, 38.76114742382877], [-77.58116043687875, 38.761146269540745], [-77.5811594874349, 38.761145112550246], [-77.58115853795645, 38.761143958262224], [-77.58115759191814, 38.761142804901965], [-77.58115664243985, 38.76114165061391], [-77.58115569295005, 38.761140497226634], [-77.58115474347173, 38.76113934293857], [-77.58115379287754, 38.76113818593897], [-77.58115284800144, 38.76113703168693], [-77.58115189851175, 38.761135878299626], [-77.58115094907961, 38.76113472040826], [-77.58115000304159, 38.76113356704798], [-77.5811490535635, 38.76113241275984], [-77.581148108676, 38.761131259408586], [-77.5811471580935, 38.76113010150815], [-77.581146208604, 38.76112894812081], [-77.58114526376266, 38.76112779116627], [-77.58114431433083, 38.76112663327484], [-77.58114336825838, 38.76112548261696], [-77.58114241881506, 38.76112432562633], [-77.5811414739278, 38.761123172274985], [-77.58114052334555, 38.76112201437451], [-77.58113957845835, 38.76112086102318], [-77.58113863362874, 38.761119703167765], [-77.58113768298897, 38.76111854977134], [-77.58113673815942, 38.76111739191591], [-77.58113579327235, 38.76111623856451], [-77.58113484728085, 38.7611150816009], [-77.58113389780321, 38.76111392731262], [-77.58113295296228, 38.761112770357975], [-77.58113200693633, 38.761111616096734], [-77.58113106209547, 38.76111045914209], [-77.58113011266404, 38.76110930125054], [-77.58112916662662, 38.76110814789006], [-77.58112822179736, 38.76110699003461], [-77.5811272758061, 38.7611058330709], [-77.58112633091932, 38.76110467971944], [-77.58112538609015, 38.761103521863916], [-77.58112444009899, 38.76110236490017], [-77.5811234952238, 38.76110121064791], [-77.58112254923265, 38.76110005368415], [-77.5811216043921, 38.76109889672943], [-77.58112065956307, 38.761097738873865], [-77.58111971352598, 38.7610965855133], [-77.58111877329911, 38.76109542769383], [-77.58111782730816, 38.76109427073005], [-77.58111688246775, 38.761093113775246], [-77.58111593763888, 38.76109195591966], [-77.58111499164796, 38.76109079895585], [-77.58111405140977, 38.76108964203708], [-77.58111310543043, 38.76108848417249], [-77.58111216054412, 38.76108733082091], [-77.58111121916697, 38.76108617299231], [-77.58111027432676, 38.7610850160375], [-77.58110932833608, 38.761083859073615], [-77.58110838810954, 38.761082701254054], [-77.58110743866735, 38.761081544263114], [-77.58110650188092, 38.76108038737134], [-77.58110555245028, 38.76107922947962], [-77.58110461566395, 38.76107807258785], [-77.58110366622182, 38.761076915596895], [-77.58110272489104, 38.761075754164985], [-77.58110178810473, 38.761074597273215], [-77.58110083866276, 38.761073440282196], [-77.58109990188805, 38.76107228248964], [-77.58109895244614, 38.76107112549863], [-77.58109801220841, 38.76106996857975], [-77.5810970754338, 38.76106881078714], [-77.58109612603805, 38.76106765019287], [-77.58109518925198, 38.761066493301], [-77.58109424787538, 38.76106533547233], [-77.58109330303571, 38.761064178517316], [-77.58109236169375, 38.76106301798611], [-77.58109142145621, 38.76106186106721], [-77.58109048007975, 38.76106070323848], [-77.58108953984228, 38.76105954631952], [-77.58108859850041, 38.76105838578834], [-77.58108765712403, 38.76105722795954], [-77.58108671688666, 38.76105607104056], [-77.58108577554489, 38.76105491050932], [-77.5810848353191, 38.76105375268958], [-77.58108389393132, 38.76105259576157], [-77.58108295254351, 38.76105143883355], [-77.58108201231788, 38.76105028101376], [-77.58108107102233, 38.76104911687923], [-77.58108013078517, 38.76104795996018], [-77.5810791894436, 38.76104679942889], [-77.58107825265807, 38.76104564253695], [-77.58107731247858, 38.76104448111384], [-77.58107637109106, 38.76104332418578], [-77.58107543090013, 38.76104216366348], [-77.58107448951263, 38.7610410067354], [-77.58107355278484, 38.76103984533933], [-77.581072612594, 38.761038684816995], [-77.58107167120662, 38.76103752788892], [-77.58107073446739, 38.76103636739362], [-77.5810697942421, 38.761035209573706], [-77.58106885750294, 38.76103404907838], [-77.58106791616174, 38.76103288854704], [-77.58106698052707, 38.76103173166396], [-77.58106603918594, 38.76103057113256], [-77.58106510245842, 38.76102940973641], [-77.58106416231394, 38.76102824561078], [-77.58106322552894, 38.761027088718684], [-77.5810622841418, 38.761025931790485], [-77.58106134855343, 38.76102477130417], [-77.58106041182607, 38.761023609908], [-77.58105947043907, 38.76102245297976], [-77.58105853370024, 38.76102129248437], [-77.58105759811197, 38.76102013199801], [-77.58105665678265, 38.7610189705657], [-77.58105572464599, 38.76101781010638], [-77.58105478445573, 38.7610166495839], [-77.58105384771706, 38.76101548908847], [-77.5810529109324, 38.7610143321963], [-77.5810519742053, 38.761013170800055], [-77.58105103401515, 38.76101201027752], [-77.58105009727659, 38.76101084978206], [-77.58104916058414, 38.76100968568335], [-77.5810482237996, 38.76100852879115], [-77.58104728821164, 38.761007368304654], [-77.5810463514732, 38.76100620780916], [-77.58104541934844, 38.76100504644892], [-77.58104447800801, 38.76100388591734], [-77.58104354131575, 38.76100272181861], [-77.58104260572793, 38.76100156133214], [-77.58104167359171, 38.761000400872646], [-77.58104073685347, 38.76099924037712], [-77.58103980011526, 38.76099807988159], [-77.58103886338859, 38.76099691848521], [-77.58103792784706, 38.76099575439544], [-77.58103699106286, 38.760994597503085], [-77.5810360589729, 38.76099343344035], [-77.58103512223482, 38.760992272944755], [-77.58103419009892, 38.76099111248528], [-77.58103325336091, 38.760989951989636], [-77.5810323178195, 38.76098878789981], [-77.58103138569516, 38.76098762653947], [-77.58103044895724, 38.760986466043846], [-77.5810295214696, 38.76098530201711], [-77.58102858012968, 38.76098414148538], [-77.58102764334579, 38.76098298459302], [-77.58102671130221, 38.760981816926915], [-77.58102578031708, 38.76098065647637], [-77.58102484357933, 38.76097949598068], [-77.58102391148977, 38.76097833191785], [-77.58102297475209, 38.76097717142219], [-77.5810220426626, 38.760976007359304], [-77.58102111053854, 38.76097484599888], [-77.58102017380104, 38.76097368550318], [-77.58101924171162, 38.76097252144028], [-77.58101830957617, 38.76097136098062], [-77.58101737748682, 38.76097019691769], [-77.5810164418999, 38.76096903643101], [-77.58101550981061, 38.7609678723681], [-77.58101457772136, 38.76096670830516], [-77.58101364558604, 38.76096554784543], [-77.5810127134969, 38.760964383782536], [-77.58101178136167, 38.76096322332282], [-77.58101084931859, 38.7609620556566], [-77.58100991718345, 38.76096089519689], [-77.58100898044623, 38.76095973470109], [-77.58100804835718, 38.760958570638145], [-77.58100712087023, 38.760957406611226], [-77.58100618873522, 38.76095624615145], [-77.58100525664626, 38.760955082088444], [-77.58100432455731, 38.76095391802546], [-77.58100339243386, 38.760952756664864], [-77.58100246034505, 38.76095159260184], [-77.58100152824468, 38.76095042943966], [-77.58100059615589, 38.760949265376595], [-77.58099966866922, 38.76094810134962], [-77.58099873654591, 38.76094693998898], [-77.5809978044572, 38.76094577592591], [-77.58099687236849, 38.76094461186287], [-77.5809959448359, 38.760943451439054], [-77.58099501278183, 38.76094228467354], [-77.58095485547476, 38.76089640322144], [-77.58015631578147, 38.75991178017674], [-77.58001898642539, 38.75974697013239], [-77.57987687190544, 38.75958524668999], [-77.57972955060642, 38.75942611012631], [-77.57957706843676, 38.7592696607823], [-77.57942013222642, 38.759116590675], [-77.57925823074744, 38.758966389465144], [-77.57858529382987, 38.75834650661516], [-77.5778243187702, 38.75873080609969], [-77.57614527510731, 38.75958077973152], [-77.5759813712802, 38.75966375577558], [-77.57496879673086, 38.760666351730954], [-77.57477624920077, 38.76085699662601], [-77.57477367581083, 38.760859543889126], [-77.57475260142539, 38.760880410940295], [-77.57445490171519, 38.76156841065966], [-77.57431734477275, 38.76183265200172], [-77.57424150496136, 38.76196883622893], [-77.57423477051165, 38.761981139823774], [-77.57422715713555, 38.76199360855065], [-77.57421998432703, 38.76200590868346], [-77.5742123755595, 38.76201837654483], [-77.57420475757344, 38.762030845233795], [-77.57419714640307, 38.76204314190387], [-77.57418953302553, 38.76205560972732], [-77.57418192184993, 38.762067906396325], [-77.57417430845548, 38.76208037511958], [-77.57416669732108, 38.762092668184245], [-77.57415908609129, 38.762104968454956], [-77.57415147490525, 38.76211726512186], [-77.57414342536184, 38.76212955832676], [-77.5741358141241, 38.7621418585958], [-77.5741277646681, 38.762154144593126], [-77.57412015347151, 38.76216644125786], [-77.57411210391722, 38.76217873446052], [-77.57410405896233, 38.762191027698876], [-77.57409644536048, 38.76220315317175], [-77.57408839579803, 38.762215446372664], [-77.57408035083503, 38.76222773960932], [-77.57407229888138, 38.76223986071795], [-77.57406424931071, 38.762252153917125], [-77.57405620189579, 38.76226427956507], [-77.5740481545826, 38.762276397105076], [-77.57403966425078, 38.762288515650354], [-77.57403162148782, 38.7623006368288], [-77.57402357190337, 38.76231293002497], [-77.57401508616523, 38.76232504860476], [-77.57400703878028, 38.76233717064584], [-77.5739985552532, 38.76234911716964], [-77.57399050787437, 38.76236123830875], [-77.57398202212492, 38.76237335688601], [-77.57397353643067, 38.762385470958534], [-77.57396505284588, 38.76239742108303], [-77.57395656708792, 38.76240953965835], [-77.57394808354383, 38.76242148617831], [-77.57393959999698, 38.76243343269762], [-77.57393111424209, 38.762445550370195], [-77.57392263068958, 38.76245749688824], [-77.57391414713422, 38.76246944340561], [-77.57390522521915, 38.76248138645995], [-77.5738967416581, 38.76249333297607], [-77.57388825809426, 38.76250527949147], [-77.57387933612398, 38.762517226147025], [-77.57387084799865, 38.7625291690215], [-77.57386193287651, 38.76254094095489], [-77.5738530109439, 38.76255288400513], [-77.57383606589754, 38.76257506098575], [-77.57344261027339, 38.76303327259503], [-77.57343369484096, 38.76304470124969], [-77.57342433663229, 38.76305646874718], [-77.57341498062704, 38.76306806509008], [-77.57340606076124, 38.763079836951064], [-77.57339714090409, 38.763091607910525], [-77.57338778267177, 38.763103376305814], [-77.57337886280872, 38.76311514726385], [-77.57336994293115, 38.763126919122], [-77.57336102084399, 38.763138862133246], [-77.57335253933317, 38.76315063655358], [-77.57334361724023, 38.7631625795635], [-77.57333513350545, 38.763174526037176], [-77.57332621140661, 38.76318646904565], [-77.57331772766612, 38.763198415518], [-77.57330924392281, 38.7632103619897], [-77.57330075795824, 38.76322248051543], [-77.57329227420925, 38.76323442698586], [-77.57328378823902, 38.7632465455103], [-77.57327574063918, 38.763258666598], [-77.5732672546633, 38.763270785121165], [-77.57325920705796, 38.7632829062076], [-77.57325116288996, 38.763295028221606], [-77.57324311182752, 38.76330714927967], [-77.57317090723971, 38.7634045768198], [-77.57302566923958, 38.76364812524619], [-77.57296700570284, 38.76373534528989], [-77.5729040176982, 38.76382069687537], [-77.5728837970217, 38.76387134513291], [-77.5728748791886, 38.76388294489681], [-77.57286552077936, 38.76389471234761], [-77.57285616457484, 38.76390630864378], [-77.57284680836732, 38.7639179049392], [-77.57283745215678, 38.763929501233825], [-77.57282809815118, 38.76394092637385], [-77.57281830356875, 38.76395251920056], [-77.57280851465448, 38.76396393999903], [-77.57279872104168, 38.763975189588244], [-77.57278892865789, 38.76398661125857], [-77.57277870012452, 38.76399785740683], [-77.57276847158796, 38.7640091035542], [-77.57275868363418, 38.76402018111265], [-77.57274802016505, 38.764031424719626], [-77.57273778578465, 38.764042498745866], [-77.57272756289521, 38.76405357376304], [-77.5727169004042, 38.76406447323057], [-77.5727062379099, 38.764075372697086], [-77.57269557541242, 38.76408627216263], [-77.57268491287682, 38.764097174329585], [-77.57267381426084, 38.764107895569126], [-77.57266315396194, 38.76411862387782], [-77.57265205525802, 38.7641293514209], [-77.5726409588522, 38.764139900602636], [-77.57262986239657, 38.76415045338654], [-77.5726183275706, 38.76416100270221], [-77.57260723110842, 38.76417155548392], [-77.57259569848422, 38.76418193364348], [-77.57258416586832, 38.7641923109011], [-77.57257263545762, 38.764202517003696], [-77.57256110286997, 38.76421289155659], [-77.57254913403871, 38.76422309779274], [-77.57253716747083, 38.764233128369774], [-77.57252519867929, 38.76424333100022], [-77.57251323430172, 38.76425319132178], [-77.5725012677238, 38.764263221895085], [-77.57248930335125, 38.76427308131339], [-77.57247690060754, 38.7642829372627], [-77.57246493622839, 38.764292796678426], [-77.5724525356868, 38.76430248147135], [-77.57244013515351, 38.76431216536212], [-77.57242729623712, 38.764321846684524], [-77.57241489790601, 38.76433135941881], [-77.57240206120343, 38.76434086868373], [-77.57238922914618, 38.764350374380456], [-77.5723640005236, 38.764368541466816], [-77.57235116823743, 38.76437770751771], [-77.57233833372723, 38.7643870456218], [-77.57232593537304, 38.764396558346554], [-77.57231309864704, 38.76440606760165], [-77.57230070028628, 38.76441558032364], [-77.57228829971298, 38.764425264198124], [-77.57227589912473, 38.764434948972095], [-77.57226349632388, 38.76444480489851], [-77.5722515296792, 38.764454835445946], [-77.57223956301954, 38.7644648668929], [-77.57222759635654, 38.76447489833864], [-77.5722156274808, 38.76448510093696], [-77.5722040969708, 38.764495307002726], [-77.57219256424806, 38.76450568422108], [-77.57218103151037, 38.76451606233911], [-77.57216993715033, 38.76452644302405], [-77.57215883941532, 38.76453699575338], [-77.57214730223698, 38.76454771707641], [-77.57213976973699, 38.76455529801467], [-77.57213664180587, 38.76455844443541], [-77.57212554299034, 38.76456916922522], [-77.57211488033155, 38.76458006863677], [-77.57210421421779, 38.76459096802002], [-77.5720935550042, 38.76460186745691], [-77.57208332849584, 38.764612941488416], [-77.57207310197266, 38.76462401641987], [-77.57206198542451, 38.76463611313619], [-77.57197419812887, 38.764760313024354], [-77.57182758251197, 38.76495291928911], [-77.57090026770875, 38.766288311766054], [-77.57089729412534, 38.766292593611176], [-77.5709671397278, 38.76646046599922], [-77.57100845151145, 38.766559756400646], [-77.57101052682269, 38.76656861608846], [-77.57106947753964, 38.766820201201725], [-77.5712791397274, 38.76771495036778], [-77.57139316846397, 38.76820805522076]]]}, "properties": {"OBJECTID": 7, "ZoningDistrict": "M-2", "CaseNumber": "REZ2022-00022", "CaseName": "Devlin Technology Park", "EnergovID": "323d298e-a0ad-4dc7-accd-f6b27b404c50", "RemainingGFA": 3530000, "ChangeTrigger": 0, "GISAcreage": 184.68005696, "MagistDist": "Brentsville", "GlobalID": "{E47DD13E-C767-4E43-B277-9785EF7CBA04}", "CreateUser": null, "CreateDate": null, "LastEditUser": "RFH7157A", "LastEditDate": 1784557147000, "ProjectStatus": "Planned", "CampusName": "Devlin Technology Park", "PlannedGFA": 3530000, "DCOOD": "Yes", "Shape.STArea()": 8044669.898110592, "Shape.STLength()": 11643.09426451355}}, {"type": "Feature", "id": 9, "geometry": {"type": "Polygon", "coordinates": [[[-77.57876446609798, 38.784889412233476], [-77.57865647954613, 38.78512802505548], [-77.57892685892442, 38.78586917130532], [-77.57847559219992, 38.78682255887071], [-77.5782581223169, 38.78709988018764], [-77.57806424539255, 38.78726460243271], [-77.57785533514875, 38.78753269933511], [-77.57752812382861, 38.788387030938445], [-77.5775266259445, 38.78857174160871], [-77.5766617176501, 38.789444235136706], [-77.57652592752454, 38.789778401246146], [-77.57652706805666, 38.789944274183995], [-77.57675805720591, 38.790066616206566], [-77.57699845032651, 38.79014721758426], [-77.5773230138937, 38.790378848217514], [-77.57778493438148, 38.790965710837604], [-77.57788109369147, 38.791476951189914], [-77.5777638490271, 38.79198866958739], [-77.57776342098036, 38.79199053918355], [-77.57776122835021, 38.79200011287711], [-77.5777162865156, 38.79219626012556], [-77.57770792225493, 38.7922327644062], [-77.57767933679794, 38.79235752626301], [-77.57755417474029, 38.79290379181163], [-77.57623027847004, 38.79473944897161], [-77.5762267072057, 38.794744397391725], [-77.57663154084139, 38.79488121454286], [-77.57663302407558, 38.79488171180069], [-77.57704028566276, 38.79501729529363], [-77.57758661998905, 38.795195177957936], [-77.57758734339798, 38.79519541067188], [-77.57813605588372, 38.79536885182232], [-77.57813674040256, 38.79536906530844], [-77.5786881211217, 38.79553815007355], [-77.57868841583847, 38.79553823887414], [-77.57924194994118, 38.79570280191794], [-77.57924231465556, 38.79570290838353], [-77.57979752024944, 38.795862817068304], [-77.57979837248922, 38.79586305888719], [-77.58035621869517, 38.79601859015321], [-77.58035653072834, 38.79601867548177], [-77.58091622946516, 38.79616960420322], [-77.5809167296896, 38.796169736950354], [-77.58147819819126, 38.796316046236825], [-77.58147890846759, 38.79631622747272], [-77.58204237379319, 38.79645797853492], [-77.58204300380694, 38.79645813481517], [-77.58260866101685, 38.79659537059241], [-77.58260895712394, 38.79659544137601], [-77.5831760842582, 38.79672798592786], [-77.58317670754265, 38.796728128636], [-77.58374536405759, 38.79685600582838], [-77.58374619175662, 38.796856187967606], [-77.5843173476552, 38.79697960715043], [-77.58466090020444, 38.79705143827113], [-77.58500501934283, 38.797121589929155], [-77.5850767134831, 38.79713596162209], [-77.58522815473414, 38.7971659595559], [-77.58525424051797, 38.79717108004945], [-77.5852549685895, 38.79716932267799], [-77.58586034280512, 38.79570877051791], [-77.58611191157284, 38.7951021705412], [-77.58628836085352, 38.79467669700256], [-77.58653724563123, 38.79407654804658], [-77.58653727055922, 38.794076488781684], [-77.58655160465847, 38.794040923194245], [-77.58655594779947, 38.79404202547528], [-77.58808532730909, 38.794427596832065], [-77.58822129346439, 38.79446213097432], [-77.58822130649189, 38.79446210224695], [-77.58862064075359, 38.793493676986984], [-77.58859404880704, 38.79348598484752], [-77.58858185260078, 38.79348324055557], [-77.5885818066391, 38.79348323389221], [-77.58856927560106, 38.79348192932866], [-77.58855658914445, 38.79348207759921], [-77.58854411442779, 38.79348368335845], [-77.58854406827184, 38.79348369200876], [-77.58853204414294, 38.793486711167056], [-77.5885319886529, 38.793486729654695], [-77.58852060670966, 38.7934911222599], [-77.58848870322029, 38.79350321930371], [-77.58845474749735, 38.793511120242584], [-77.58845469558614, 38.793511128848166], [-77.5884195155722, 38.79351463200791], [-77.58841946834522, 38.79351463434355], [-77.58838407370803, 38.79351364126429], [-77.58838402427035, 38.793513636375614], [-77.5883493044176, 38.793508181897124], [-77.58834926998924, 38.793508173521495], [-77.58831611645518, 38.793498397004946], [-77.58828538039128, 38.7934845356959], [-77.58825792481652, 38.79346698008514], [-77.58825789516379, 38.7934669582332], [-77.58823444740533, 38.793446177936794], [-77.58823441558776, 38.79344614525731], [-77.5882244794348, 38.793434826586335], [-77.58821557430163, 38.79342268006208], [-77.58821555171527, 38.79342264565252], [-77.58820807160892, 38.79341020041343], [-77.58820179955939, 38.79339710471331], [-77.58820178953161, 38.793397078509436], [-77.5881969629448, 38.793383809239145], [-77.58819348646564, 38.79337012408051], [-77.58819139179127, 38.79335566916804], [-77.58499204674436, 38.792394383605824], [-77.58491455731618, 38.792373552228376], [-77.58483536369468, 38.7923571020674], [-77.5847548734469, 38.7923451173802], [-77.58467349443687, 38.79233765900422], [-77.58459164404607, 38.79233476352814], [-77.58450973758292, 38.792336449507665], [-77.58444071506949, 38.79234144408018], [-77.58437220363865, 38.79234969122788], [-77.58430445459476, 38.79236116228312], [-77.58423771367104, 38.79237581412101], [-77.58417475795254, 38.792391255829635], [-77.58415877990141, 38.79239633284463], [-77.5841440774709, 38.79240338376778], [-77.5841310421637, 38.792412218864946], [-77.5841200246433, 38.79242260123674], [-77.58411541033539, 38.79242822977158], [-77.58411132201542, 38.79243425122338], [-77.58413590575925, 38.7924642285544], [-77.58419754757684, 38.79269536229151], [-77.58425383271494, 38.792801657736554], [-77.58424245724274, 38.792829101169744], [-77.57868758072031, 38.79141875825013], [-77.57899446535218, 38.790678497048305], [-77.57898857685221, 38.79066381486257], [-77.57860401310383, 38.78970471366537], [-77.57867502216313, 38.78946475208243], [-77.57858775959829, 38.78919651856129], [-77.5791660254488, 38.788742352383814], [-77.5791796926972, 38.78839895795472], [-77.57927509704562, 38.78831013621386], [-77.57942998452053, 38.787937380993505], [-77.57941238547873, 38.787678861357755], [-77.57942435847909, 38.787668827455484], [-77.57943633031364, 38.787658794443715], [-77.5794805000203, 38.78762178093906], [-77.57952466969301, 38.78758476651668], [-77.57953664265048, 38.787574733503504], [-77.57954861561616, 38.7875646995883], [-77.57955135390219, 38.78755113916687], [-77.57955409104777, 38.78753757783553], [-77.57956629172305, 38.78747715227735], [-77.5795784912269, 38.787416726708074], [-77.57958122950166, 38.78740316628548], [-77.57958396664755, 38.7873896040522], [-77.57958260532388, 38.78737591686468], [-77.57958124516323, 38.7873622287853], [-77.57958117189644, 38.787361478664735], [-77.57957615099058, 38.78731098096957], [-77.57957105683671, 38.78725973225228], [-77.57956969666894, 38.78724604507324], [-77.57956833536225, 38.78723235698429], [-77.5795735552625, 38.78721924936684], [-77.57957877400987, 38.78720614174007], [-77.57962868135435, 38.78708079978884], [-77.57966216529313, 38.78699670621028], [-77.57967858967558, 38.78695545782188], [-77.57968380838469, 38.78694235018968], [-77.57968902708029, 38.78692924345803], [-77.57969876163384, 38.78691782170025], [-77.57970849502176, 38.78690640083343], [-77.57986011871925, 38.786728496743926], [-77.57998535229629, 38.78658155556844], [-77.58019750789047, 38.786332624397126], [-77.58020279225784, 38.78632642532905], [-77.58024302577898, 38.78627921675526], [-77.5803412306728, 38.78616398740379], [-77.58049143375143, 38.785987745219686], [-77.5805152611582, 38.78595978711354], [-77.58052499428659, 38.78594836617654], [-77.58053472857429, 38.785936944346915], [-77.58052073430902, 38.78592866801468], [-77.58050673889598, 38.7859203916718], [-77.58048562983457, 38.78590790822758], [-77.58005380285832, 38.78565252415977], [-77.57991010531977, 38.78556753883604], [-77.57976387659755, 38.785481057803885], [-77.57944394738844, 38.78529184630797], [-77.57938053225588, 38.78525434063183], [-77.57936653595465, 38.785246064142584], [-77.5793525419584, 38.78523778766976], [-77.57934509496067, 38.785233376081855], [-77.57933855499785, 38.78522950134058], [-77.57932456802897, 38.78522121591049], [-77.57894174067523, 38.78499443015682], [-77.57880552301877, 38.78491373459915], [-77.57879243747878, 38.78490598320871], [-77.57877845179831, 38.78489769682115], [-77.57876446609798, 38.784889412233476]]]}, "properties": {"OBJECTID": 9, "ZoningDistrict": "M-1", "CaseNumber": "REZ2023-00019", "CaseName": "University Business Park", "EnergovID": "dba835c0-d92e-4f81-aca7-df3546eddf60", "RemainingGFA": 3800000, "ChangeTrigger": 0, "GISAcreage": 117.21468295, "MagistDist": "Brentsville", "GlobalID": "{095F20E7-69BA-46E5-B973-0C912C5201F0}", "CreateUser": null, "CreateDate": null, "LastEditUser": "RFH7157A", "LastEditDate": 1784557147000, "ProjectStatus": "Pending", "CampusName": "University Business Park", "PlannedGFA": 3800000, "DCOOD": "Yes", "Shape.STArea()": 5105512.235655135, "Shape.STLength()": 14905.460248994932}}, {"type": "Feature", "id": 10, "geometry": {"type": "Polygon", "coordinates": [[[-77.53236620191501, 38.80012363055011], [-77.53373516398139, 38.80014526291647], [-77.53482707412967, 38.80010903281437], [-77.53613478312256, 38.79996248690178], [-77.53646853938992, 38.799944132335874], [-77.53651796626112, 38.79994141487699], [-77.53655218806013, 38.800008508330436], [-77.53659128847127, 38.8000058501752], [-77.53727691659519, 38.79995905466739], [-77.53727678943375, 38.799958750021254], [-77.53720229345079, 38.79978153652646], [-77.53704664750647, 38.799411281822564], [-77.53631578176785, 38.79946086559081], [-77.53609362976347, 38.79892536639326], [-77.53592596690474, 38.79852120691992], [-77.53662057419122, 38.798329380552616], [-77.5366139845909, 38.79831349224819], [-77.53634990648945, 38.797676866455255], [-77.53616569349761, 38.79723275783193], [-77.53616420259722, 38.79722915910499], [-77.53616320331606, 38.797226758107996], [-77.53612234760298, 38.79712825870571], [-77.53660703980309, 38.796994183889204], [-77.53463645304726, 38.795249254116506], [-77.53462097794845, 38.795247857394635], [-77.53444631713226, 38.79523209375358], [-77.53367466891345, 38.79588740228043], [-77.53356512226495, 38.79597722305403], [-77.53356497330361, 38.79597734254728], [-77.53345148201765, 38.796064108200255], [-77.53345132504691, 38.796064224023766], [-77.53333386370294, 38.79614794154254], [-77.53321292288237, 38.79622825640095], [-77.53321272197597, 38.79622838627645], [-77.53308823753784, 38.79630536009688], [-77.533088061131, 38.79630546584982], [-77.53296003096109, 38.79637908509029], [-77.53293438677647, 38.79646519242456], [-77.53294373262544, 38.79648090367309], [-77.53295011746354, 38.796491320251384], [-77.53297001258663, 38.79652228599978], [-77.53297688813491, 38.796532510225724], [-77.53298037106879, 38.796537602891036], [-77.53298742953392, 38.79654775114688], [-77.53299824072836, 38.7965628762732], [-77.53300559797269, 38.79657289365776], [-77.53300932062781, 38.79657788109124], [-77.53300791425062, 38.796578620847775], [-77.53272887519799, 38.79672536323634], [-77.53272772272223, 38.796725969948284], [-77.53273921936577, 38.79673934760069], [-77.53293997529887, 38.79697296444685], [-77.53294104319495, 38.796974193968545], [-77.53294202253085, 38.79697533176931], [-77.53294251103554, 38.796975901561], [-77.5329430029814, 38.79697647228191], [-77.53294397882763, 38.796977612756606], [-77.53294495466179, 38.79697875413209], [-77.53294593050809, 38.79697989460674], [-77.53294690290113, 38.79698103505296], [-77.53294739479861, 38.7969816093771], [-77.53294787869903, 38.796982179130815], [-77.53294884992891, 38.796983320468286], [-77.53294982112249, 38.79698446450815], [-77.53295079346721, 38.79698560855752], [-77.53295176005643, 38.7969867525594], [-77.53295224399332, 38.79698731961073], [-77.53295273125009, 38.796987896599305], [-77.53295369899053, 38.79698904061066], [-77.53295466553138, 38.79699018821571], [-77.53295562401465, 38.796991335754356], [-77.53295659520845, 38.79699247979415], [-77.53295707909689, 38.79699305044865], [-77.53295755829608, 38.796993627370725], [-77.53295852023273, 38.79699477493786], [-77.53295948332047, 38.79699592251439], [-77.53296044175532, 38.796997073656165], [-77.53296140484314, 38.79699822123271], [-77.53296236213917, 38.79699937146422], [-77.53296332057413, 38.79700052260598], [-77.53296427900919, 38.797001673747744], [-77.53296523285198, 38.79700282395075], [-77.5329657120392, 38.79700340177363], [-77.53296618207831, 38.79700397501656], [-77.53296797766222, 38.79700605107545], [-77.53296893144457, 38.797007205782414], [-77.53296988523903, 38.797008359588546], [-77.53297083446552, 38.79700951065433], [-77.53297131361644, 38.79701009117959], [-77.53297178480679, 38.79701066443204], [-77.53297273398483, 38.79701181910096], [-77.53297368773096, 38.797012976510324], [-77.53297463230471, 38.797014131141324], [-77.53297557799321, 38.79701528848418], [-77.53297652256703, 38.797016443115176], [-77.53297699250932, 38.79701702356448], [-77.5329774671045, 38.79701760044855], [-77.5329784081766, 38.797018758654225], [-77.53297935271415, 38.7970199159876], [-77.53298029379845, 38.797021073292456], [-77.53298123483425, 38.79702223420052], [-77.5329821747554, 38.7970233923967], [-77.53298311118694, 38.79702455326683], [-77.5329840476185, 38.79702571413689], [-77.53298451764582, 38.79702628828056], [-77.53298498750334, 38.79702687503544], [-77.53298591933061, 38.797028035867584], [-77.53298685575012, 38.79702919763842], [-77.5329877875289, 38.797030362073734], [-77.5329887239121, 38.79703152654698], [-77.53298965573948, 38.797032687379044], [-77.53299058751838, 38.79703385181431], [-77.53299105285654, 38.797034432225615], [-77.53299151469292, 38.79703501621162], [-77.53299244186753, 38.79703618060893], [-77.53299336904215, 38.797037345006224], [-77.5329942962168, 38.797038509403514], [-77.53299522335509, 38.79703967650322], [-77.53299614702803, 38.797040844475205], [-77.5329970695984, 38.79704200883452], [-77.53299753138643, 38.797042596423694], [-77.53299798866705, 38.797043176768526], [-77.5329989111526, 38.79704434743342], [-77.5329998336261, 38.797045518999134], [-77.53300074809044, 38.79704668689518], [-77.53300167057607, 38.79704785756003], [-77.53300258969338, 38.79704902189083], [-77.5330035075626, 38.79705019341852], [-77.53300442197856, 38.79705136491773], [-77.53300533180231, 38.797052535478194], [-77.53300625073781, 38.79705371332096], [-77.53300716400278, 38.797054884810656], [-77.53300807381451, 38.79705605627192], [-77.53300898824281, 38.797057226870315], [-77.53300990261044, 38.797058401972656], [-77.53301080778152, 38.79705957609829], [-77.53301171759337, 38.79706074755953], [-77.5330126181116, 38.797061925250375], [-77.53301353249152, 38.79706309945194], [-77.53301443761418, 38.79706427718077], [-77.53301533816892, 38.7970654521692], [-77.53301624329168, 38.797066629898026], [-77.53301714381011, 38.797067807588846], [-77.53301804547965, 38.79706898528923], [-77.53301894598597, 38.79707016388081], [-77.5330198430512, 38.79707134154318], [-77.53302074352125, 38.79707252283715], [-77.53302163943543, 38.79707370049005], [-77.53302253645225, 38.7970748817556], [-77.53302343231799, 38.79707606301161], [-77.5330243247305, 38.79707724423918], [-77.53302521714302, 38.79707842546672], [-77.53302610840447, 38.79707960668479], [-77.5330270007686, 38.79708079151552], [-77.53302789318124, 38.79708197274307], [-77.53302833646737, 38.79708256648591], [-77.53302878094102, 38.79708315753582], [-77.53302966754973, 38.79708434231912], [-77.53303055530955, 38.79708552711185], [-77.53303144308158, 38.797086711003836], [-77.53303233084146, 38.79708789579654], [-77.53303320939267, 38.797089080513345], [-77.53303364922564, 38.79708967422775], [-77.53303409249975, 38.79709026887134], [-77.53303497565535, 38.79709145362609], [-77.53303585877462, 38.797092641083275], [-77.53303673842855, 38.79709382941275], [-77.53303761694349, 38.797095016831946], [-77.53303849539786, 38.79709620875513], [-77.53303937390076, 38.79709739707509], [-77.53303980912949, 38.79709799075144], [-77.53304024896254, 38.797098584465786], [-77.53304112286112, 38.79709977274779], [-77.53304199787445, 38.797100963741705], [-77.53304287172462, 38.79710215562686], [-77.53304374563542, 38.79710334300805], [-77.53304461598387, 38.797104538467934], [-77.53304505116412, 38.797105135747536], [-77.53304548639291, 38.79710572942386], [-77.53304635214916, 38.79710692394499], [-77.53304722139511, 38.7971081157922], [-77.53304808715136, 38.79710931031329], [-77.53304895754844, 38.797110502169986], [-77.53304981870045, 38.79711169665315], [-77.53305025272974, 38.79711229392316], [-77.53305068330573, 38.79711289116477], [-77.5330515490136, 38.79711408928905], [-77.53305241016571, 38.79711528377217], [-77.53305327591008, 38.79711647919408], [-77.53305413245782, 38.79711767363923], [-77.53305498895709, 38.7971188716876], [-77.53305584660752, 38.79712006974545], [-77.53305627253076, 38.797120670552225], [-77.53305670310687, 38.79712126779379], [-77.53305755960622, 38.79712246584212], [-77.53305841610562, 38.79712366389048], [-77.5330592691518, 38.79712486191034], [-77.53306012099839, 38.797126063523926], [-77.53306097284499, 38.79712726513744], [-77.53306182584274, 38.797128466760505], [-77.5330626777379, 38.79712966477085], [-77.53306309900837, 38.79713026914285], [-77.53306420919328, 38.797131863875954], [-77.5330650529339, 38.79713306902623], [-77.53306590593176, 38.79713427064926], [-77.53306674511657, 38.79713547215839], [-77.53306759692703, 38.79713667647431], [-77.53306843606339, 38.797137881586615], [-77.53306928330588, 38.79713908316218], [-77.53307012709514, 38.797140284709265], [-77.5330709708481, 38.79714148895868], [-77.53307180998456, 38.79714269407099], [-77.53307264912108, 38.79714389918326], [-77.53307348361682, 38.797145106960016], [-77.53307432275338, 38.7971463120723], [-77.53307515724923, 38.797147519848984], [-77.53307599173293, 38.79714872852652], [-77.53307682622885, 38.79714993630323], [-77.5330772439978, 38.797150544249924], [-77.53307766181523, 38.79715114859342], [-77.53307849179164, 38.797152350026586], [-77.53307932163473, 38.79715356136848], [-77.53308015262898, 38.7971547727199], [-77.53308097790412, 38.79715598132147], [-77.53308180774728, 38.79715719266342], [-77.53308263413726, 38.79715840397685], [-77.53308345936397, 38.79715961618162], [-77.533084285754, 38.797160827495034], [-77.53308469891866, 38.797161435403744], [-77.53308510753963, 38.7971620387705], [-77.53308592816208, 38.797163250937295], [-77.53308675455213, 38.79716446225072], [-77.53308757168499, 38.797165677091414], [-77.53308839227115, 38.797166891960565], [-77.53308920940407, 38.79716810680123], [-77.53309002653698, 38.797169321641896], [-77.53309043509742, 38.79716992951265], [-77.53309084365785, 38.79717053738337], [-77.5330916608393, 38.797171748620855], [-77.53309247331947, 38.797172967026754], [-77.53309328579967, 38.797174185432645], [-77.53309409832836, 38.797175400235346], [-77.53309450690095, 38.79717600720526], [-77.53309491080861, 38.79717661864125], [-77.5330957198356, 38.79717783701868], [-77.53309653231591, 38.79717905542453], [-77.5330973401918, 38.79718027379244], [-77.5330981480678, 38.797181492160384], [-77.53309895250264, 38.797182709599], [-77.53309935180596, 38.79718332099701], [-77.53309975572577, 38.79718393153216], [-77.53310056014855, 38.79718514987159], [-77.53310136337174, 38.79718637180475], [-77.53310216774608, 38.79718759374733], [-77.53310296637707, 38.7971888147417], [-77.53310376614711, 38.79719003664638], [-77.53310416549901, 38.797190644441166], [-77.5331045659171, 38.79719125855101], [-77.53310536453611, 38.79719248044615], [-77.53310615966544, 38.79719370501526], [-77.53310695943559, 38.79719492691985], [-77.53310775456497, 38.79719615148891], [-77.53310814926407, 38.79719676284895], [-77.5331085450779, 38.797197376920835], [-77.53310934024374, 38.79719859878748], [-77.53311013076883, 38.79719982331864], [-77.53311092123333, 38.797201052353714], [-77.53311171175848, 38.79720227688482], [-77.53311250227154, 38.797203502316684], [-77.53311328814387, 38.79720473041299], [-77.53311368395777, 38.79720534448485], [-77.5331140740526, 38.79720595580692], [-77.53311486107609, 38.797207183912704], [-77.53311564234414, 38.797208411971106], [-77.53311642825297, 38.797209637364965], [-77.53311720601928, 38.79721086899806], [-77.53311840529747, 38.79721294374309], [-77.53311879185424, 38.79721356134228], [-77.53311918191278, 38.7972141753667], [-77.53311996433209, 38.79721540343453], [-77.53312074093532, 38.79721663595887], [-77.53312151875029, 38.79721786398871], [-77.53312229536566, 38.79721909561228], [-77.5331226819225, 38.7972197132114], [-77.53312307313219, 38.79722032724534], [-77.53312384629436, 38.79722155884037], [-77.53312461944442, 38.79722279133625], [-77.53312539255816, 38.7972240265345], [-77.5331261611645, 38.79722525448846], [-77.53312693307873, 38.79722649328037], [-77.53312770163664, 38.797227724837526], [-77.53312847014614, 38.79722895999777], [-77.5331292340512, 38.797230195120115], [-77.53312999910747, 38.797231430251934], [-77.53313076761698, 38.797232665412224], [-77.53313153152217, 38.79723390053454], [-77.53313229537885, 38.79723513926004], [-77.53313305467977, 38.7972363743444], [-77.53313381969973, 38.79723761217859], [-77.53313457434777, 38.7972388508282], [-77.5331353336487, 38.79724008591254], [-77.53313609405225, 38.797241324609566], [-77.53313684870038, 38.79724256325912], [-77.53313760446325, 38.79724380462059], [-77.53313836026256, 38.79724504327964], [-77.53313911030632, 38.79724628189129], [-77.53313986605714, 38.797247524153526], [-77.53314061726422, 38.79724876187382], [-77.5331414257345, 38.79725010727303], [-77.53314217227661, 38.797251349459366], [-77.5331429222842, 38.797252590773354], [-77.53314366882641, 38.79725383295967], [-77.53314441536864, 38.797255075145976], [-77.53314515727013, 38.797256319996706], [-77.5331459038124, 38.797257562183034], [-77.53314664686506, 38.79725880704324], [-77.53314738880297, 38.79726004919156], [-77.53314813070459, 38.79726129404236], [-77.53314886338534, 38.79726253971795], [-77.53314960528701, 38.79726378456865], [-77.53315034373536, 38.797265029390964], [-77.53315108102059, 38.7972662751045], [-77.53315181826943, 38.79726752352042], [-77.53315254750913, 38.7972687682668], [-77.53315328474595, 38.79727001758352], [-77.53315401854157, 38.79727126597101], [-77.53315474778134, 38.797272510717335], [-77.53315548042599, 38.79727375909529], [-77.53315620960521, 38.797275008345615], [-77.53315693879654, 38.797276256695156], [-77.533157662184, 38.79727750860041], [-77.53315839137538, 38.79727875694991], [-77.53315911596246, 38.79728000526144], [-77.53315947589925, 38.79728063345181], [-77.53315984050104, 38.79728125717618], [-77.53316056503967, 38.79728250909091], [-77.53316128497394, 38.79728376096767], [-77.53316200494461, 38.79728501014207], [-77.5331627294348, 38.79728626565995], [-77.53316909830781, 38.79729522443766], [-77.53316980899723, 38.79729647894087], [-77.53317051622123, 38.79729773431644], [-77.5331712233968, 38.79729899329519], [-77.53317192486543, 38.79730024862327], [-77.53317263205312, 38.797301506701224], [-77.5331733346244, 38.797302765642], [-77.53317403719564, 38.79730402458279], [-77.53317473517467, 38.7973052825848], [-77.53317543774602, 38.797306541525586], [-77.53317613571298, 38.79730780042838], [-77.53317683369208, 38.79730905843041], [-77.53317752695773, 38.79731032450167], [-77.53317822498536, 38.79731157890048], [-77.53317891829955, 38.7973128413685], [-77.5331796081726, 38.79731410290729], [-77.53317995885249, 38.797314734624884], [-77.5331803060912, 38.797315365413255], [-77.53318099481321, 38.797316626942546], [-77.53318168352313, 38.797317889372614], [-77.53318237339626, 38.79731915091138], [-77.53318306206985, 38.797320416043846], [-77.5331837519309, 38.79732167848338], [-77.53318443604869, 38.79732293997471], [-77.53318512125688, 38.79732420597952], [-77.5331858019214, 38.79732546744237], [-77.53318648599071, 38.79732673253684], [-77.53318716659462, 38.79732799850367], [-77.53318784721071, 38.797329263569694], [-77.53318852782682, 38.79733052863571], [-77.53318921188409, 38.797331794631], [-77.53318988324301, 38.797333063224286], [-77.53319055925478, 38.79733432825239], [-77.53319123521808, 38.79733559688364], [-77.53319191122993, 38.79733686191168], [-77.53319258374003, 38.797338130514454], [-77.53319325509902, 38.79733939910771], [-77.53319359308072, 38.79734003342335], [-77.53319392645804, 38.79734066770107], [-77.53319459780495, 38.7973419371951], [-77.53319526460812, 38.79734320214723], [-77.53319593246549, 38.79734447431527], [-77.53319659917173, 38.79734574647378], [-77.53319726592649, 38.797347015029125], [-77.53319759580211, 38.79734765288149], [-77.5331979245751, 38.79734828712119], [-77.5331985959343, 38.79734955571443], [-77.53319925918734, 38.797350827844504], [-77.53319991784817, 38.797352099035756], [-77.53320057995018, 38.79735337115635], [-77.53320123859889, 38.797354643248426], [-77.53320161442092, 38.79735537427202], [-77.5332018926433, 38.79735591530254], [-77.5332025512436, 38.79735719099779], [-77.53320320869283, 38.797358466683576], [-77.53320425215426, 38.79736048608955], [-77.53314509146874, 38.797379079535006], [-77.53308186005044, 38.797398953808816], [-77.5330802299351, 38.79739946559644], [-77.53307941946359, 38.797399722879376], [-77.5330786054782, 38.79739998463785], [-77.53307715098417, 38.79740044922447], [-77.53307698333552, 38.797400502797416], [-77.5330753587452, 38.797401031747555], [-77.53307374566582, 38.79740156079259], [-77.53307212908456, 38.797402093412316], [-77.53307051246696, 38.797402628734424], [-77.5330688991935, 38.797403172192126], [-77.53306729048803, 38.79740371839021], [-77.53306635255916, 38.797404036784485], [-77.53306568293362, 38.79740426459773], [-77.53306407414324, 38.79740481710133], [-77.53306246989658, 38.79740537414686], [-77.53306087021797, 38.79740593393274], [-77.53305927049077, 38.797406497321724], [-77.53305767527095, 38.797407067955135], [-77.53305608005108, 38.797407638588425], [-77.53305448815117, 38.797408219159045], [-77.5330528974508, 38.797408796135855], [-77.53305131015514, 38.79740937674431], [-77.53304972391362, 38.797409964568644], [-77.53304814107685, 38.797410556024644], [-77.53304655815519, 38.797411153786186], [-77.53304497978937, 38.79741175518884], [-77.53304379833538, 38.79741220490861], [-77.53304340607639, 38.79741235302626], [-77.53304182766209, 38.79741295803208], [-77.53304025376721, 38.79741356938141], [-77.53303868791784, 38.79741418169795], [-77.53303712309835, 38.79741480303198], [-77.53303633844702, 38.797415109176], [-77.53303555711555, 38.79741542525725], [-77.53303399573716, 38.7974160475205], [-77.53303243541282, 38.79741667699959], [-77.53303087850533, 38.7974173092095], [-77.53302932610524, 38.79741794866374], [-77.53302777707353, 38.79741859445201], [-77.53302622467339, 38.797419233906275], [-77.53302544904886, 38.79741955363807], [-77.53302467678061, 38.79741988060478], [-77.53302313230472, 38.797420530034124], [-77.53302225924836, 38.79742090391765], [-77.5330215934873, 38.797421186717344], [-77.53302005347022, 38.797421846994226], [-77.53301851806967, 38.79742250640823], [-77.53301698255991, 38.79742317392941], [-77.5330154516182, 38.7974238441909], [-77.53301392062792, 38.797424518055614], [-77.53301239879791, 38.797425195599374], [-77.53301087578033, 38.79742587583604], [-77.53300935380474, 38.79742656418935], [-77.53300783529454, 38.79742725167033], [-77.53300632134024, 38.79742794279242], [-77.53300480728885, 38.797428641120895], [-77.53300329785397, 38.797429338586504], [-77.53300179296282, 38.797430040594065], [-77.53300028798674, 38.79743074890717], [-77.53299878756656, 38.797431460861404], [-77.53299729059962, 38.79743217284409], [-77.53299700323582, 38.79743231101545], [-77.53299579354774, 38.79743289113235], [-77.53299567074328, 38.79743294867844], [-77.53299430215439, 38.797433616674404], [-77.53299281434765, 38.79743433233619], [-77.5329904919303, 38.7974354735493], [-77.53257023596349, 38.79764286294264], [-77.53256875137099, 38.797643595742635], [-77.53256726338584, 38.7976443240101], [-77.53256577994438, 38.79764505681953], [-77.532564291947, 38.79764578598778], [-77.53256280403453, 38.79764650885045], [-77.53256131600071, 38.797647240721034], [-77.53255982459847, 38.79764796625758], [-77.53255834013919, 38.79764868914862], [-77.53255684873696, 38.79764941468511], [-77.53255535623201, 38.79765013660886], [-77.53255386371497, 38.79765085943344], [-77.53255236660563, 38.797651581319194], [-77.53255087874143, 38.797652300578505], [-77.53254938283162, 38.7976530188705], [-77.53254789036299, 38.79765373809179], [-77.53254638984876, 38.79765445634579], [-77.53254489742851, 38.797655171963875], [-77.53254340040391, 38.79765588754393], [-77.5325418999381, 38.797656602194685], [-77.5325404029619, 38.79765731417151], [-77.53253890253241, 38.79765802611983], [-77.53253740095182, 38.79765873805862], [-77.53253590052223, 38.797659450006904], [-77.5325344001412, 38.79766015835199], [-77.53253289055134, 38.79766086662109], [-77.5325313936235, 38.79766157499457], [-77.53252988867436, 38.79766228059921], [-77.53252838373729, 38.797662985303056], [-77.53252687764913, 38.79766368999737], [-77.53252536819252, 38.797664388357546], [-77.53252386325542, 38.797665093061354], [-77.53252234914581, 38.79766579498677], [-77.5325208442571, 38.79766649608729], [-77.53251933014745, 38.79766719801265], [-77.53251782525874, 38.79766789911314], [-77.53251631585047, 38.79766859387005], [-77.53251556172798, 38.79766894080285], [-77.53251480178933, 38.79766929219213], [-77.53251328778873, 38.79766998601023], [-77.5325117784289, 38.79767067716388], [-77.53251026551874, 38.797671375495455], [-77.53250875150592, 38.79767207021427], [-77.5325072329372, 38.7976727612919], [-77.53250571897289, 38.797673452407494], [-77.53250420160373, 38.7976741398914], [-77.53250268307134, 38.79767482826663], [-77.53250116455105, 38.79767551574099], [-77.53249964718181, 38.79767620322483], [-77.53249812866144, 38.797676890699144], [-77.53249660672415, 38.79767757544261], [-77.53249508364787, 38.797678259275706], [-77.53249356175904, 38.797678940415885], [-77.53249203868272, 38.79767962424901], [-77.5324912800405, 38.79767996483805], [-77.53249051679383, 38.797680305389164], [-77.53248899034905, 38.797680982888096], [-77.53248746732115, 38.79768166311796], [-77.53248594087631, 38.79768234061688], [-77.53248441443142, 38.79768301811576], [-77.53248288688395, 38.79768369200199], [-77.53248136043902, 38.79768436950083], [-77.53247982943813, 38.79768504335853], [-77.53247906628849, 38.79768537670316], [-77.53247830309023, 38.79768571365096], [-77.53247677208935, 38.797686387508584], [-77.53247524113698, 38.797687057763035], [-77.53247371368634, 38.79768772444273], [-77.53247217816592, 38.797688391956704], [-77.53247064376009, 38.797689062182606], [-77.53246911170504, 38.79768972882423], [-77.53246757733561, 38.797690396347704], [-77.53246604187565, 38.79769105935767], [-77.53246527871373, 38.797691393602975], [-77.53246450635508, 38.797691726871555], [-77.53246297093148, 38.79769238717906], [-77.53246143552003, 38.7976930465857], [-77.532459895492, 38.7976937068552], [-77.53245836006829, 38.79769436716263], [-77.53245681194608, 38.79769503006803], [-77.53245527657093, 38.797695686772215], [-77.53245373774237, 38.797696343447925], [-77.53245219776275, 38.797697000114105], [-77.53245065322719, 38.7976976531391], [-77.53244911439856, 38.797698309814756], [-77.53244756989933, 38.79769896013728], [-77.53244602191043, 38.79769961313373], [-77.53244447747183, 38.79770025895224], [-77.53244293408719, 38.79770091198667], [-77.53244138958787, 38.797701562309115], [-77.53243984164732, 38.797702211702315], [-77.53243829374317, 38.797702858393045], [-77.53243674470001, 38.79770350417347], [-77.53243519684438, 38.797704147261], [-77.53243364898864, 38.797704790348526], [-77.53243209654063, 38.79770543249722], [-77.53243054753378, 38.79770607557515], [-77.53242899512206, 38.79770671502144], [-77.53242744271036, 38.797707354467676], [-77.53242589029863, 38.79770799391388], [-77.53242433328246, 38.79770863332211], [-77.53242278091922, 38.79770926916512], [-77.53242122395154, 38.797709904970105], [-77.53241967158824, 38.79771054081306], [-77.53241811466904, 38.79771117301477], [-77.53241655774976, 38.79771180521652], [-77.53241500081838, 38.797712438319024], [-77.53241343934322, 38.79771306687952], [-77.53241188246031, 38.7977136963788], [-77.53241110232253, 38.79771400886219], [-77.53241032218466, 38.797714321345566], [-77.53240876064879, 38.79771495441], [-77.53240719922205, 38.797715579367264], [-77.5324056377831, 38.79771620522528], [-77.53240407749529, 38.79771683109278], [-77.53240251151254, 38.79771745240876], [-77.53240095012215, 38.79771807466352], [-77.53239938527835, 38.79771869688979], [-77.53239781933195, 38.79771931550332], [-77.53239624993225, 38.797719934088356], [-77.53239468859019, 38.79772055273982], [-77.53239312379485, 38.79772117136279], [-77.53239155328033, 38.79772178723587], [-77.53238998388048, 38.79772240582084], [-77.53238920383956, 38.797722711097684], [-77.53238841457771, 38.79772301719934], [-77.53238684867964, 38.79772363220956], [-77.53238527941323, 38.797724240885664], [-77.53238370435484, 38.797724852216696], [-77.53238213508833, 38.797725460892735], [-77.53238056122952, 38.797726068629984], [-77.53237898731005, 38.7977266808712], [-77.53237741343906, 38.79772728950921], [-77.53237583502428, 38.797727893605284], [-77.53237504926418, 38.79772819613213], [-77.53237426465509, 38.797728498668505], [-77.53237269548553, 38.797729100138085], [-77.53237111245416, 38.79772970509683], [-77.53236953868007, 38.79773030652836], [-77.53236796030158, 38.79773090792185], [-77.53236638192307, 38.797731509315405], [-77.53236480359307, 38.797732107105666], [-77.53236322526301, 38.79773270489591], [-77.53236243609801, 38.79773300379105], [-77.53236164232857, 38.797733302648204], [-77.53236006403488, 38.79773389773601], [-77.53235848114889, 38.79773449188503], [-77.53235690285516, 38.79773508697278], [-77.53235531651579, 38.79773568109327], [-77.53235373367826, 38.79773627163904], [-77.5323521462242, 38.79773686304764], [-77.53235056802741, 38.797737450928885], [-77.5323489817365, 38.79773804144611], [-77.53234739433083, 38.79773862925139], [-77.53234581157811, 38.79773921349146], [-77.53234422532351, 38.797739801306236], [-77.53234263336195, 38.797740385470284], [-77.53234184084047, 38.79774067713039], [-77.53234104259992, 38.797740966040614], [-77.53233945984708, 38.79774155028059], [-77.53233786908507, 38.79774213085091], [-77.53233627717194, 38.797742711411665], [-77.53233469570358, 38.797743285752304], [-77.53233389282215, 38.79774357732689], [-77.5323330991374, 38.797743869878204], [-77.53233150381942, 38.79774444680726], [-77.5323299131543, 38.79774502017106], [-77.53232832127742, 38.79774559802933], [-77.53232672605638, 38.797746167751924], [-77.53232592781575, 38.79774645666201], [-77.53232512612175, 38.79774674554365], [-77.53232353895841, 38.79774731533263], [-77.53232193912073, 38.79774788591801], [-77.5323203438875, 38.79774845654128], [-77.5323187486542, 38.797749027164535], [-77.5323171534816, 38.79774959328376], [-77.53231635073351, 38.79774987494949], [-77.53231555369237, 38.7977501602658], [-77.53231395395164, 38.79775072364466], [-77.53231235416243, 38.79775129062665], [-77.53231075787498, 38.79775185403393], [-77.53230915468095, 38.79775241738421], [-77.53230755497653, 38.79775297806055], [-77.5323072288488, 38.79775308798259], [-77.5323049722239, 38.79775387296905], [-77.5323039809723, 38.79775421794437], [-77.53234710581776, 38.79782226812127], [-77.53237602380456, 38.79786789393968], [-77.53143976630729, 38.798134675809585], [-77.5319449992168, 38.79921845615737], [-77.53236620191501, 38.80012363055011]]]}, "properties": {"OBJECTID": 10, "ZoningDistrict": "PBD", "CaseNumber": "REZ2019-00025", "CaseName": "Westview 66", "EnergovID": "17be9cd0-9800-4877-8c96-5520b706db82", "RemainingGFA": 1145989, "ChangeTrigger": 0, "GISAcreage": 40.54649791, "MagistDist": "Gainesville", "GlobalID": "{8B8402BF-FB4E-400D-988B-352A4608E193}", "CreateUser": null, "CreateDate": null, "LastEditUser": "RFH7157A", "LastEditDate": 1784557147000, "ProjectStatus": "Planned", "CampusName": "Microsoft Azure Balls Ford Road", "PlannedGFA": 1145989, "DCOOD": "Yes", "Shape.STArea()": 1766240.7224947212, "Shape.STLength()": 6354.997996200622}}, {"type": "Feature", "id": 11, "geometry": {"type": "Polygon", "coordinates": [[[-77.58515542661348, 38.78160040761105], [-77.58515621235065, 38.78160079842305], [-77.58597053508296, 38.782005693518954], [-77.58597571209921, 38.78200198793735], [-77.58598844963188, 38.7819928701316], [-77.58797653007791, 38.78056918176313], [-77.5897614544227, 38.77948772493267], [-77.5909865171299, 38.77874544370757], [-77.59102692216759, 38.77871944258602], [-77.59113983586967, 38.77864678198777], [-77.59114222156524, 38.7786452473301], [-77.59114157482378, 38.7786439675491], [-77.59108775389629, 38.778530732034646], [-77.59104022959033, 38.77841578313975], [-77.59099908778988, 38.77829933505042], [-77.59096440627592, 38.77818160549255], [-77.59028660307136, 38.775630143894276], [-77.59025446801748, 38.77552164006347], [-77.5902544292008, 38.77552152444747], [-77.59021606104645, 38.775414392964045], [-77.59021601645331, 38.77541427910501], [-77.59017145993126, 38.77530862481392], [-77.59017144089313, 38.775308583224934], [-77.59012075050974, 38.77520455699185], [-77.5901206730128, 38.77520440594066], [-77.59006404750059, 38.77510240209085], [-77.59006400807989, 38.77510233421766], [-77.59000146215651, 38.77500237357741], [-77.59000140120261, 38.775002279411055], [-77.58993312535904, 38.77490467966419], [-77.58993302692129, 38.77490454646833], [-77.58985918306081, 38.77480951967146], [-77.58985916267827, 38.77480949338721], [-77.58977977887588, 38.774717095603506], [-77.58977968239783, 38.774716989449594], [-77.58969508767953, 38.77462759439164], [-77.58969499106485, 38.77462749904743], [-77.58960527974111, 38.77454120293144], [-77.58960492367977, 38.77454087494316], [-77.58951054034331, 38.7744581037302], [-77.5895103991357, 38.77445798551712], [-77.58941106880307, 38.774378461386256], [-77.58941100268822, 38.77437841132348], [-77.58930707008483, 38.77430244865003], [-77.58930699365918, 38.774302394903614], [-77.58919875857282, 38.774230221228436], [-77.58919861815151, 38.774230131849784], [-77.58908636258225, 38.77416192502667], [-77.58908628033471, 38.77416187664021], [-77.58897011043685, 38.774097705049854], [-77.58896996524184, 38.774097629147384], [-77.58885024441427, 38.77403769470033], [-77.58885010258038, 38.77403762603097], [-77.58872701617811, 38.77398201303959], [-77.58434501492431, 38.77210474195078], [-77.58422448984145, 38.77205573873584], [-77.58410135960226, 38.77201087990289], [-77.58397585669084, 38.771970252845435], [-77.58384821721368, 38.7719339314726], [-77.58371868308637, 38.771901985235345], [-77.5835874974884, 38.77187447458652], [-77.58345490944316, 38.77185145281841], [-77.58332117042353, 38.77183296153188], [-77.583186529669, 38.771819036905974], [-77.58305124347183, 38.77180970346438], [-77.58122829362887, 38.77171735482159], [-77.58106543234146, 38.771963606130065], [-77.58102149956567, 38.771943221348316], [-77.5811777732192, 38.771716542768075], [-77.58117849201084, 38.77171549885266], [-77.58112162808303, 38.77171254788554], [-77.58096949393006, 38.77170208993009], [-77.58096929390554, 38.77170207304719], [-77.58081806917967, 38.771686557167094], [-77.58081789337736, 38.771686535969266], [-77.5806676297066, 38.77166597698702], [-77.58051845251245, 38.77164037859225], [-77.58051828719336, 38.77164034756628], [-77.58037080850978, 38.77160981726495], [-77.58037062146602, 38.77160977525761], [-77.58022496399549, 38.77157434915326], [-77.57764393467913, 38.77089890965784], [-77.57763972884196, 38.770897809010016], [-77.57763938360077, 38.77089861620322], [-77.5776391296788, 38.77089921240331], [-77.57732910017377, 38.772048922133266], [-77.57668042505229, 38.77445433099587], [-77.57634658532372, 38.775730486652435], [-77.57611897187523, 38.776323331948134], [-77.5750967343723, 38.77631530487774], [-77.57428398613409, 38.77628057053948], [-77.57394721458648, 38.77626463963576], [-77.5739463957675, 38.77626611064413], [-77.57357384224952, 38.77693613874273], [-77.57358278551476, 38.77693652020154], [-77.57487933527895, 38.7769919353491], [-77.577270460076, 38.777743831810035], [-77.57727125737479, 38.77774421195604], [-77.5772774411957, 38.77774716871043], [-77.57817632290394, 38.77817698055794], [-77.57934527693551, 38.77873624056439], [-77.5798432458168, 38.77897447583544], [-77.5799902626499, 38.779045568637386], [-77.58064738032591, 38.77936333231722], [-77.58099289219284, 38.77953040818164], [-77.58129310650173, 38.77967971112487], [-77.58193087060579, 38.779996881637466], [-77.58213230027293, 38.78009705518689], [-77.58515542661348, 38.78160040761105]]]}, "properties": {"OBJECTID": 11, "ZoningDistrict": "M-2", "CaseNumber": "REZ2017-00023", "CaseName": "Aura Development", "EnergovID": "635db761-516c-4b17-8de3-4283b79a94da", "RemainingGFA": 2138607, "ChangeTrigger": 0, "GISAcreage": 253.92331949, "MagistDist": "Brentsville", "GlobalID": "{8EF763F4-B69E-4ED3-87C8-2A617AB66ED4}", "CreateUser": null, "CreateDate": null, "LastEditUser": "RFH7157A", "LastEditDate": 1784557147000, "ProjectStatus": "Planned", "CampusName": "Yondr Bristow", "PlannedGFA": 2427137, "DCOOD": "Yes", "Shape.STArea()": 11060795.534820756, "Shape.STLength()": 14353.825689198233}}, {"type": "Feature", "id": 12, "geometry": {"type": "Polygon", "coordinates": [[[-77.55710767194711, 38.779567223596885], [-77.55728839794453, 38.779720551073865], [-77.55720749503526, 38.77989485188856], [-77.55766005904326, 38.78027880400027], [-77.55794723397436, 38.78052243691639], [-77.55794789645887, 38.78052299899387], [-77.55835529562567, 38.77995726697872], [-77.56053081101496, 38.77692835206334], [-77.56059906831395, 38.77683335027723], [-77.56053147952667, 38.776819909759325], [-77.56042799857784, 38.776709859198824], [-77.55986011675371, 38.77608040214569], [-77.55940883873481, 38.77557436030786], [-77.55860292360008, 38.77558911339517], [-77.55831913728365, 38.77595250600599], [-77.55828341654181, 38.775999035365956], [-77.55768026363437, 38.77678464863248], [-77.55762837323562, 38.776852236140925], [-77.55707709865445, 38.777570261372844], [-77.55605097791411, 38.778906715650244], [-77.55602901302754, 38.7789353244187], [-77.55602664767137, 38.778938406278264], [-77.55603240415364, 38.77894352197812], [-77.55603727330437, 38.778947846752345], [-77.55603853273702, 38.7789489613932], [-77.55604481165373, 38.77895452183766], [-77.55604791754236, 38.778957272960774], [-77.5560504410471, 38.77895949957684], [-77.55605597272643, 38.778964381033795], [-77.55605724472385, 38.778965502982764], [-77.55605858383778, 38.778966684931326], [-77.55606237491509, 38.77897001994692], [-77.55606852573514, 38.77897543161144], [-77.55606926871452, 38.778976084437815], [-77.55606970449107, 38.77897646722425], [-77.55607433317823, 38.77898052339501], [-77.55607997335895, 38.77898546878709], [-77.55613701331428, 38.77903497287343], [-77.55615998266839, 38.77905466582437], [-77.55618303919742, 38.7790742946074], [-77.55672687634032, 38.77953568940949], [-77.55673237944143, 38.77953854628105], [-77.55687447128365, 38.779612320500526], [-77.55710292994667, 38.779563199890504], [-77.55710767194711, 38.779567223596885]]]}, "properties": {"OBJECTID": 12, "ZoningDistrict": "M-2", "CaseNumber": "REZ1989-0069", "CaseName": "Wellington South", "EnergovID": "3e7c27b9-d412-4ed3-9db7-33be4a5706d8", "RemainingGFA": 0, "ChangeTrigger": 0, "GISAcreage": 26.23555283, "MagistDist": "Brentsville", "GlobalID": "{DAD19FCA-4163-421F-94B1-30B00D4F9C95}", "CreateUser": null, "CreateDate": null, "LastEditUser": "RFH7157A", "LastEditDate": 1784557147000, "ProjectStatus": "Completed", "CampusName": "Amazon Wellington South", "PlannedGFA": 297160, "DCOOD": "Yes", "Shape.STArea()": 1142820.1992569156, "Shape.STLength()": 4640.452040530574}}, {"type": "Feature", "id": 13, "geometry": {"type": "Polygon", "coordinates": [[[-77.55654508512085, 38.77491796520981], [-77.55661965393926, 38.774955932671865], [-77.55670054370961, 38.77499711849783], [-77.55672778220126, 38.77501361146994], [-77.55672781070965, 38.775013631519066], [-77.5567512352055, 38.77503337218578], [-77.55675127042916, 38.77503340670336], [-77.55676126330877, 38.77504422785642], [-77.55677026963733, 38.775055882942965], [-77.55677029109944, 38.77505591374625], [-77.55677791264793, 38.77506789749684], [-77.55678436621099, 38.775080548575986], [-77.5567893894254, 38.77509336760679], [-77.55679310079945, 38.77510662603568], [-77.55679310736105, 38.775106652214596], [-77.55679539658145, 38.77511998446105], [-77.55679628951154, 38.77513348231279], [-77.55679629011841, 38.77513352375913], [-77.5567957632528, 38.77514703202576], [-77.55679383341705, 38.77516041210754], [-77.55679382727318, 38.77516044178786], [-77.5567904718941, 38.7751737667295], [-77.55678578698942, 38.77518668432628], [-77.5567756476339, 38.77520642980095], [-77.5567756241342, 38.775206466548894], [-77.55676228899809, 38.77522505839031], [-77.55674449267198, 38.77524350713999], [-77.55672357095106, 38.7752598235405], [-77.5567002876475, 38.775273509229656], [-77.55670024246102, 38.775273532289596], [-77.55667478550238, 38.77528456175073], [-77.55667471843988, 38.77528458553558], [-77.55664752542337, 38.77529276318819], [-77.55664748733048, 38.77529277189078], [-77.55661907138959, 38.77529793429407], [-77.55660491544505, 38.77530067266836], [-77.55660486002003, 38.77530068663691], [-77.55659144438776, 38.77530524267679], [-77.55657918519228, 38.775311478288664], [-77.55657915966302, 38.77531149429949], [-77.55656842652276, 38.775319219664524], [-77.55656838579726, 38.77531925357109], [-77.55655940758514, 38.775328304765175], [-77.55594973865261, 38.77606251099349], [-77.55546815235773, 38.776642458341556], [-77.55544316021418, 38.776672009295375], [-77.5554381383525, 38.77667782830574], [-77.55541265193057, 38.77670671851538], [-77.55541258298135, 38.77670679814015], [-77.55541101324664, 38.776708543153866], [-77.55537855651728, 38.77674386189612], [-77.55529372527873, 38.77682958304656], [-77.55529366233183, 38.77682964380072], [-77.55520342598336, 38.776911887111005], [-77.55520334333109, 38.77691195851718], [-77.55510794416556, 38.776990502503786], [-77.55510782554296, 38.776990596142575], [-77.55500745083481, 38.77706529005002], [-77.555007355571, 38.77706535775086], [-77.55490231566998, 38.77713596893246], [-77.55490219030814, 38.777136049904115], [-77.55479268960349, 38.77720243945438], [-77.55479259335446, 38.777202494534436], [-77.55467885239692, 38.777264520074674], [-77.55466614644172, 38.777271083418114], [-77.5546543024175, 38.7772785284828], [-77.55465427916496, 38.777278546313376], [-77.55464426745837, 38.77728747191275], [-77.5546442382979, 38.7772875014074], [-77.55464005116835, 38.77729238960348], [-77.5546363442509, 38.777297651283604], [-77.55463632543554, 38.777297681762526], [-77.55463327032587, 38.7773030837298], [-77.5546307829965, 38.77730876951365], [-77.55462896149733, 38.77731452671612], [-77.55462777283347, 38.777320447046996], [-77.55462725082225, 38.777326379860014], [-77.55462738741977, 38.77733233402722], [-77.55462739037436, 38.77733237188879], [-77.55462819105563, 38.77733830612913], [-77.55462963317055, 38.777344117893364], [-77.5546296453314, 38.777344155829255], [-77.55463175894036, 38.777349927039786], [-77.55463446177308, 38.77735544690474], [-77.55463783318801, 38.7773608683043], [-77.55464171485445, 38.7773659369015], [-77.55523575053884, 38.77807075611826], [-77.55536120403275, 38.77821595401049], [-77.55536129703594, 38.778216058363114], [-77.55549088877032, 38.7783588777304], [-77.5554910680976, 38.778359069264624], [-77.55562476392765, 38.77849948189027], [-77.55562499105643, 38.77849971434976], [-77.55576277972166, 38.778637702111254], [-77.55576300015956, 38.778637918300355], [-77.5559048737324, 38.77877347211054], [-77.55590502039865, 38.77877360932719], [-77.55605097791411, 38.778906715650244], [-77.55707709865445, 38.777570261372844], [-77.55762837323562, 38.776852236140925], [-77.55768026363437, 38.77678464863248], [-77.55828341654181, 38.775999035365956], [-77.55831913728365, 38.77595250600599], [-77.55860292360008, 38.77558911339517], [-77.55922114619268, 38.774780131553825], [-77.55828565484485, 38.774303922122705], [-77.55735421717239, 38.77382976018777], [-77.55654508512085, 38.77491796520981]]]}, "properties": {"OBJECTID": 13, "ZoningDistrict": "M-2", "CaseNumber": "REZ2020-00021", "CaseName": "South Point Phase II", "EnergovID": "50945ad4-3eb2-48ff-be0f-fbede2cfd419", "RemainingGFA": 399966, "ChangeTrigger": 0, "GISAcreage": 22.21686134, "MagistDist": "Brentsville", "GlobalID": "{390A3DDC-0294-4A94-9370-6F4B2BAF41B9}", "CreateUser": null, "CreateDate": null, "LastEditUser": "RFH7157A", "LastEditDate": 1784557147000, "ProjectStatus": "Planned", "CampusName": "South Point Phase II", "PlannedGFA": 530000, "DCOOD": "Yes", "Shape.STArea()": 967787.4432838135, "Shape.STLength()": 4691.730921472124}}, {"type": "Feature", "id": 14, "geometry": {"type": "Polygon", "coordinates": [[[-77.53738271019878, 38.77958134372794], [-77.53738861283074, 38.77958576515484], [-77.53762525400124, 38.77982251113036], [-77.53845641325957, 38.780665469025934], [-77.53995996125789, 38.78098711469424], [-77.54137281818198, 38.78128935735082], [-77.54349323485145, 38.7816114358117], [-77.54350230916786, 38.781612814323026], [-77.54379880439394, 38.7813928212219], [-77.54449419793627, 38.78087236892137], [-77.54456888411391, 38.780813817916744], [-77.54480839130883, 38.78042369131214], [-77.54232860196173, 38.777131214189346], [-77.54229170905411, 38.77708222816917], [-77.54227472923857, 38.77705619577859], [-77.54227135188526, 38.77705520603376], [-77.54057338548884, 38.776557555226304], [-77.54057191329952, 38.776558949490486], [-77.54055605496292, 38.776573964817544], [-77.53969217719808, 38.77739185469843], [-77.53958256945651, 38.7774500887322], [-77.53944857560452, 38.777521278803604], [-77.53944520597723, 38.777523070125675], [-77.53923374765175, 38.777635415591924], [-77.5392219568731, 38.777641679365345], [-77.5391813069308, 38.77766327609237], [-77.53912803736144, 38.77769157842781], [-77.53908844798984, 38.777712610838734], [-77.53890927774492, 38.77780780133432], [-77.53886281447785, 38.77783248725158], [-77.53886198801654, 38.77783292552391], [-77.53874490936863, 38.7778951272869], [-77.53873720103408, 38.7778992217681], [-77.53868190916143, 38.77788604240229], [-77.53857518834961, 38.77793973789786], [-77.53794983089865, 38.77825437125829], [-77.53794229803654, 38.77825816172123], [-77.5373095557627, 38.77804700420096], [-77.53636995171313, 38.77773219949462], [-77.53616185920768, 38.778138835183185], [-77.53611494626261, 38.7782305056236], [-77.53571861657329, 38.77900495778479], [-77.53568924054458, 38.77905750821538], [-77.53568918522377, 38.77905759965253], [-77.53565562965649, 38.779108640931135], [-77.53565559328034, 38.77910869288436], [-77.53561801460984, 38.779157974041205], [-77.53561796662893, 38.77915803310622], [-77.53557652181424, 38.77920535002254], [-77.5355764517624, 38.77920542422138], [-77.53553122032356, 38.77925068295243], [-77.53550011671894, 38.77927869386596], [-77.53586351809537, 38.779682306836335], [-77.53588441901978, 38.77966876512798], [-77.53607227621026, 38.779547051486404], [-77.53633989517647, 38.77937365686219], [-77.53675033879647, 38.77910772206044], [-77.53738271019878, 38.77958134372794]]]}, "properties": {"OBJECTID": 14, "ZoningDistrict": "M-2", "CaseNumber": "REZ2016-00024", "CaseName": "Bethlehem Technology Park Rezoning", "EnergovID": "b85539e6-a3d5-42c6-9c56-413bf113335d", "RemainingGFA": 0, "ChangeTrigger": 0, "GISAcreage": 61.61375528, "MagistDist": "Brentsville", "GlobalID": "{7421C1DA-30AF-42E4-A522-4DCA7AE9C69F}", "CreateUser": null, "CreateDate": null, "LastEditUser": "RFH7157A", "LastEditDate": 1784557147000, "ProjectStatus": "Completed", "CampusName": "Amazon Bethlehem Technology Park", "PlannedGFA": 740000, "DCOOD": "Yes", "Shape.STArea()": 2683907.234321001, "Shape.STLength()": 7352.4182363432665}}, {"type": "Feature", "id": 15, "geometry": {"type": "MultiPolygon", "coordinates": [[[[-77.53863623011196, 38.77397446697968], [-77.53871268204932, 38.77404872090009], [-77.53870354224742, 38.774059542399016], [-77.53744443753324, 38.775550319441436], [-77.53744188461775, 38.77555609669747], [-77.53740918920246, 38.77563008794341], [-77.53744161325965, 38.77563959194046], [-77.53744273325802, 38.775639920953836], [-77.54057338548884, 38.776557555226304], [-77.54227135188526, 38.77705520603376], [-77.54227472923857, 38.77705619577859], [-77.5390850416282, 38.77282065443813], [-77.53901430761287, 38.77285356948079], [-77.53870615414546, 38.77255427006243], [-77.53869381337776, 38.77256204729664], [-77.53610560474047, 38.774193045635634], [-77.53664706911515, 38.77471897370284], [-77.53831760217656, 38.77366499696204], [-77.53863623011196, 38.77397446697968]]], [[[-77.54527528801718, 38.779962278574025], [-77.54527935922937, 38.77996104144577], [-77.54563167368647, 38.7798540044529], [-77.5456795781207, 38.779839451025886], [-77.54568740707299, 38.77985069851762], [-77.54573570461955, 38.779920075309185], [-77.54573933828786, 38.77991729136133], [-77.54739100624496, 38.77865155835333], [-77.5488948059255, 38.77749908329341], [-77.548998573106, 38.77741955811308], [-77.54937105276481, 38.7771340887465], [-77.54986164799574, 38.77675809050345], [-77.55059559074107, 38.77619557667687], [-77.55060105057304, 38.776191392047366], [-77.548249263098, 38.775697113456445], [-77.54811110226666, 38.775665357830164], [-77.54811096117774, 38.77566532245067], [-77.54797497916996, 38.775628607767345], [-77.54797481752283, 38.77562856050909], [-77.5478411850853, 38.775586944018215], [-77.54784103269206, 38.77558689323126], [-77.54771001004137, 38.7755404545312], [-77.54770991041566, 38.77554041678522], [-77.54758173811982, 38.77548924162208], [-77.54755752132398, 38.77552007830521], [-77.54741933416794, 38.77545354503347], [-77.5467376881369, 38.77512524630052], [-77.54665477915061, 38.77508451822531], [-77.5465960745473, 38.77505468598511], [-77.54654946568519, 38.77503039710974], [-77.5465044615733, 38.7750064239664], [-77.54650324689443, 38.77500576904434], [-77.54646873834159, 38.77498702627445], [-77.54631049743251, 38.77489696822297], [-77.54615647303672, 38.774802536135475], [-77.54615586702016, 38.77480223931402], [-77.54614802533027, 38.77479840345462], [-77.54596289175876, 38.77470679915163], [-77.54583073440241, 38.774612289565454], [-77.5457025862259, 38.7745144565905], [-77.54553996537834, 38.77437644194362], [-77.54542975313446, 38.774278591575865], [-77.54542962577256, 38.77427847612456], [-77.5453233870304, 38.774178165200034], [-77.54532323022863, 38.77417801347286], [-77.54522096592987, 38.77407525732527], [-77.54522082630561, 38.77407511204412], [-77.54512258409167, 38.77396996242318], [-77.54512251149866, 38.77396988255269], [-77.54502833343547, 38.77386237764893], [-77.54505233999265, 38.77384991366367], [-77.54495575234675, 38.77373175572411], [-77.54486417687103, 38.77361117815862], [-77.5447777096481, 38.773488310590636], [-77.54448701289877, 38.77305868119447], [-77.54447766087884, 38.77304485902102], [-77.54431103160418, 38.77281130613343], [-77.5442855383296, 38.77277557487663], [-77.54378671061957, 38.77203832041427], [-77.5437072183056, 38.77192629717111], [-77.54366139733662, 38.771838443123166], [-77.54301342033077, 38.770880715852456], [-77.5429281221006, 38.7707605076929], [-77.5429159898539, 38.77074257529396], [-77.54285025346337, 38.770645414176414], [-77.54259524462276, 38.77026849809848], [-77.54232101254917, 38.76986315316887], [-77.54222522304372, 38.76972314610099], [-77.54222494534888, 38.769722741128994], [-77.54196533053201, 38.76983038461895], [-77.54196458646882, 38.769830692955246], [-77.54194225276113, 38.769807249158305], [-77.54159603777292, 38.76946018474722], [-77.54159576977518, 38.769459915889364], [-77.54147391960875, 38.76933534387113], [-77.54102230912636, 38.76866815203994], [-77.54140966244492, 38.76850755028287], [-77.5408911557632, 38.767741515954334], [-77.54088464869149, 38.76778166737063], [-77.5408776198428, 38.76782504515993], [-77.5408558777415, 38.76777665994647], [-77.54062690770132, 38.76743819735218], [-77.54062269962071, 38.76743197641459], [-77.5406068917584, 38.7674452588355], [-77.54059183107711, 38.76745791132947], [-77.53911024155613, 38.76657144020978], [-77.53910368765375, 38.76656751801841], [-77.53706198110677, 38.7685980586724], [-77.53686613245773, 38.76879283109161], [-77.53722454810745, 38.76927023738835], [-77.53789961183557, 38.76959746115932], [-77.53809557086038, 38.76969205108144], [-77.53809515168317, 38.76969224494086], [-77.53840615964155, 38.76984470434577], [-77.5385347745433, 38.76990878890194], [-77.53853514033237, 38.76990862883758], [-77.5387694921369, 38.7700278432879], [-77.53870734796114, 38.7702154398507], [-77.53874878795978, 38.770237027373796], [-77.53899303713405, 38.77036663243101], [-77.53899344958488, 38.770366855631714], [-77.5392351126839, 38.77049921286221], [-77.53923563243191, 38.77049950180612], [-77.53947494930425, 38.77063474832553], [-77.53947528049407, 38.770634938426305], [-77.5397123458419, 38.77077313628593], [-77.53988937806189, 38.771201124931345], [-77.5402735816225, 38.77142770934835], [-77.53963234650232, 38.772063874755325], [-77.53992268260787, 38.77261666975454], [-77.539827686625, 38.77272923278597], [-77.54171104529418, 38.7752300072984], [-77.54171117728126, 38.775230034503075], [-77.54275498816871, 38.77661602805316], [-77.5431480299528, 38.777137902872866], [-77.54365215672404, 38.77780725980273], [-77.54516320682158, 38.779813474176336], [-77.54527528801718, 38.779962278574025]]]]}, "properties": {"OBJECTID": 15, "ZoningDistrict": "M-2 PBD", "CaseNumber": "REZ2021-00022", "CaseName": "KH Data Capital Development", "EnergovID": "354103e8-94d2-4b21-951f-d2daa367973a", "RemainingGFA": 516428, "ChangeTrigger": 0, "GISAcreage": 153.16458695, "MagistDist": "Brentsville", "GlobalID": "{EE109240-3F72-4EDA-B37F-AF7DA8347DA1}", "CreateUser": null, "CreateDate": null, "LastEditUser": "RFH7157A", "LastEditDate": 1784557147000, "ProjectStatus": "Planned", "CampusName": "Iron Mountain", "PlannedGFA": 1953604, "DCOOD": "Yes", "Shape.STArea()": 6672005.208261375, "Shape.STLength()": 19648.742065199443}}, {"type": "Feature", "id": 16, "geometry": {"type": "MultiPolygon", "coordinates": [[[[-77.53750797101527, 38.76131601359816], [-77.53750789578514, 38.76131604631408], [-77.53745679778609, 38.76133847920668], [-77.53743089402897, 38.76134985039075], [-77.53735517465063, 38.76138309196997], [-77.5373423199799, 38.76138873510623], [-77.53726217441675, 38.76142391957425], [-77.53725210572418, 38.76142833962428], [-77.53718681370412, 38.76145700272849], [-77.53717582134692, 38.76146182870275], [-77.53709655761689, 38.76149662480232], [-77.53708496105426, 38.76150171607772], [-77.53699601161647, 38.76154076501891], [-77.53698362448884, 38.761546203847004], [-77.53696651379374, 38.761553714697925], [-77.53688526364796, 38.76158938353368], [-77.53687206977192, 38.7615951751845], [-77.5368717016963, 38.76159533702666], [-77.53686973169881, 38.76159620192982], [-77.53686806494926, 38.76159693418818], [-77.53686782999262, 38.76159703676315], [-77.53684924581981, 38.76160519495607], [-77.53683763880704, 38.76161029062589], [-77.53677482920511, 38.76163786397899], [-77.53676095355961, 38.76164395542344], [-77.53667085210289, 38.761683509072455], [-77.53666612849585, 38.761685582886024], [-77.53656579725667, 38.761729628103865], [-77.53655688478526, 38.761733540475554], [-77.53646603537125, 38.761773422959095], [-77.53644386642905, 38.76178315524079], [-77.53635823592376, 38.76182074538343], [-77.5363439030076, 38.76182703752618], [-77.5362451455378, 38.761870390898096], [-77.5362381532695, 38.76187346046636], [-77.53613597418368, 38.76191831626037], [-77.53612793208217, 38.76192184656351], [-77.53601830917073, 38.76196996900676], [-77.53507574670833, 38.762383735093685], [-77.5352707767943, 38.76266546934228], [-77.53580308261515, 38.763476986198036], [-77.53580363478947, 38.763477169118005], [-77.53598625532717, 38.76353743858196], [-77.53650187188495, 38.763331991039365], [-77.53664097270898, 38.7632804148916], [-77.5367822088089, 38.763235011121424], [-77.53692530644386, 38.76319586772948], [-77.53706998826506, 38.76316306058266], [-77.53721597385322, 38.763136653267104], [-77.53821900643989, 38.76297625559642], [-77.53823328589597, 38.76297362753035], [-77.53824704367693, 38.7629689871575], [-77.53825999775306, 38.76296242960391], [-77.53826812820839, 38.76295732486143], [-77.53827537784389, 38.762951031572584], [-77.53828157451049, 38.76294369917717], [-77.53828657106278, 38.762935501789485], [-77.53829024885313, 38.76292663406387], [-77.53829252054912, 38.76291730657241], [-77.53829333220729, 38.76290774080477], [-77.53829266455408, 38.76289816390868], [-77.53817487893889, 38.762446612703755], [-77.53814859079854, 38.76236122741722], [-77.53811557054568, 38.76227821310291], [-77.53807602893028, 38.762198099595125], [-77.5380302183245, 38.76212139821393], [-77.53750897337272, 38.7613155731756], [-77.53750797101527, 38.76131601359816]]], [[[-77.53645628193618, 38.764417940464845], [-77.53646527978977, 38.764431545999955], [-77.53652328708534, 38.76452385552093], [-77.53653942156475, 38.76455111164604], [-77.53659233352369, 38.76464627116573], [-77.53659955621279, 38.7646600251676], [-77.53666771378022, 38.76488869700089], [-77.5366677875727, 38.76488894355417], [-77.53666822429754, 38.76488958498295], [-77.53718088374978, 38.76564321705566], [-77.5387715075167, 38.76441775950263], [-77.53900436014696, 38.764719300998955], [-77.53900455934024, 38.76471911974787], [-77.5419499011365, 38.762043075066885], [-77.54186986451136, 38.76192942234316], [-77.5409079677612, 38.760563483898615], [-77.54050779230465, 38.75999520326339], [-77.54050766809462, 38.759995026570294], [-77.53987243047064, 38.76027459533525], [-77.53770255056637, 38.76122864542881], [-77.53769061137761, 38.761233895213685], [-77.53769043776262, 38.761233971266655], [-77.53821513064133, 38.76204579498451], [-77.53821787197138, 38.762050059834735], [-77.53826511049188, 38.762129647708484], [-77.53826975068517, 38.76213819211765], [-77.53826987734452, 38.76213844360825], [-77.53831027639455, 38.76222044384125], [-77.53831407987126, 38.76222900300729], [-77.538347617526, 38.76231350461718], [-77.5383505290287, 38.76232182223062], [-77.53837689944166, 38.76240829028064], [-77.53837797254086, 38.762412367569794], [-77.53847707714648, 38.762792695664], [-77.5396079206826, 38.7626121242164], [-77.53972640285666, 38.7626837553316], [-77.53996694653938, 38.763609648204444], [-77.53975463471228, 38.76378202662281], [-77.53897849277107, 38.763905689050574], [-77.53879114229107, 38.763813550227034], [-77.53876327976594, 38.763839748963484], [-77.53873155511123, 38.76386110874767], [-77.53869679970629, 38.763877069822996], [-77.53865992435468, 38.763887213911985], [-77.53862189541545, 38.763891275177635], [-77.53858370947867, 38.763889147190035], [-77.53858168377474, 38.76388892607465], [-77.5385789599034, 38.76388859653134], [-77.53857624214633, 38.763888240010964], [-77.53857352937716, 38.76388785470246], [-77.53857082502344, 38.7638874424358], [-77.53856812679614, 38.7638870022912], [-77.53856543698424, 38.763886535188405], [-77.5385627544614, 38.763886039316404], [-77.53856008035399, 38.76388551648613], [-77.53855741581262, 38.763884966707124], [-77.53855211545209, 38.76388378450116], [-77.53854947962088, 38.76388315297506], [-77.53854685566887, 38.76388249361822], [-77.53854424242147, 38.76388180822286], [-77.53854164104115, 38.763881095897595], [-77.53853905151604, 38.76388035754326], [-77.53853647500861, 38.76387959226845], [-77.53853391150692, 38.763878800974005], [-77.53853136217352, 38.76387798276848], [-77.53852882470727, 38.76387713763314], [-77.5385263036743, 38.76387626830804], [-77.53852379564702, 38.763875372963234], [-77.53852130522769, 38.763874451636596], [-77.53851882781406, 38.76387350429024], [-77.5385163679843, 38.763872532763656], [-77.53851392346137, 38.763871535236206], [-77.53851149653431, 38.763870512627754], [-77.53850908719109, 38.763869465838965], [-77.53850669544383, 38.76386839396907], [-77.53850432243091, 38.76386729792829], [-77.53850196585137, 38.76386617769784], [-77.53849963030729, 38.7638650333154], [-77.5384973123471, 38.76386386475264], [-77.53849501656099, 38.763862672948164], [-77.53849273834666, 38.76386145786422], [-77.53849048231842, 38.763860218637674], [-77.5384882461511, 38.7638589570514], [-77.53848603215783, 38.76385767222334], [-77.53848384031448, 38.76385636595515], [-77.53848166835616, 38.7638550355256], [-77.53847952083682, 38.76385368457558], [-77.53847739547953, 38.76385231128463], [-77.53847529343479, 38.763850915662175], [-77.53847321467855, 38.7638494995099], [-77.53847116037333, 38.76384806193633], [-77.53846912938073, 38.76384660203128], [-77.53846712396567, 38.76384512251605], [-77.53846514183905, 38.76384362247095], [-77.5384631864285, 38.763842103725906], [-77.53846125546904, 38.76384056355962], [-77.53845935238819, 38.76383900380199], [-77.5384574737344, 38.76383742442473], [-77.53845562179657, 38.763835826347545], [-77.53845379773749, 38.76383420867904], [-77.53845200038235, 38.763832573211424], [-77.53845023088176, 38.76383091995408], [-77.53844848809722, 38.763829247996824], [-77.53844677546836, 38.76382755826872], [-77.53844508953145, 38.76382585164229], [-77.53844343144908, 38.76382412722617], [-77.53844180466089, 38.76382238594948], [-77.53844020570314, 38.76382062868467], [-77.53843863688901, 38.76381885454987], [-77.53843709819441, 38.76381706534666], [-77.53843558849283, 38.763815259264014], [-77.53843411004934, 38.76381343902319], [-77.5384326605868, 38.76381160280376], [-77.53843124467133, 38.76380975334582], [-77.53842985773693, 38.76380788790928], [-77.53842850319897, 38.763806009224794], [-77.53842717876849, 38.76380411637273], [-77.53842588672251, 38.76380221117352], [-77.53842462708504, 38.76380029182566], [-77.53842339983208, 38.76379836013073], [-77.53842220496357, 38.76379641608864], [-77.53842104247948, 38.76379445969943], [-77.53841991353045, 38.76379249097259], [-77.53841881694171, 38.76379051170027], [-77.53841775271339, 38.763788521882454], [-77.53841672317063, 38.76378651973645], [-77.53841572712668, 38.76378450795518], [-77.53841476456958, 38.76378248743946], [-77.53841383438481, 38.76378045547749], [-77.53841293998799, 38.76377841479994], [-77.53841208024058, 38.76377636449655], [-77.53841125396791, 38.763774306359565], [-77.53841046118197, 38.7637722394882], [-77.53840970417188, 38.763770164802004], [-77.53840898293768, 38.763768082301105], [-77.5384082951541, 38.76376599376819], [-77.53840764315835, 38.763763896519755], [-77.53840702575181, 38.76376179414948], [-77.53840644409692, 38.76375968576612], [-77.53840589705528, 38.76375757045942], [-77.5384053857413, 38.76375545094112], [-77.53840491019108, 38.763753324508876], [-77.53840446920579, 38.763751194756544], [-77.53840406509876, 38.763749060802084], [-77.53840369671927, 38.76374692263612], [-77.53840336405537, 38.76374478115945], [-77.53840306711905, 38.763742635471225], [-77.5384028058742, 38.76374048827397], [-77.53840258034485, 38.76373833776596], [-77.53840239166959, 38.763736184857464], [-77.53840223753518, 38.76373403043041], [-77.53840212024275, 38.76373187450376], [-77.5384020397682, 38.763729718879], [-77.53840199499716, 38.76372756084436], [-77.53840198589337, 38.763725403102235], [-77.5384020136075, 38.763723245662064], [-77.53840207583839, 38.76372108850494], [-77.53840217487506, 38.76371893255058], [-77.53840231072962, 38.76371677689817], [-77.53840248222734, 38.763714623339894], [-77.53840269050677, 38.76371247278599], [-77.53840293214033, 38.7637103234065], [-77.53840321285671, 38.76370817705028], [-77.5384035280657, 38.76370603277876], [-77.53840387888172, 38.763703893303756], [-77.5384042664794, 38.76370175683311], [-77.53840468853357, 38.763699625149584], [-77.53840514620676, 38.763697497361804], [-77.53840564063758, 38.76369537437996], [-77.53840616951273, 38.76369325708606], [-77.53840673399493, 38.76369114458871], [-77.53840733404796, 38.76368903959024], [-77.53840796855744, 38.76368693937897], [-77.5384086386498, 38.76368484576579], [-77.53840934430096, 38.76368276055239], [-77.53841008437236, 38.76368068282852], [-77.53841085772557, 38.76367861168392], [-77.53841166778811, 38.763676548948496], [-77.53841251110828, 38.763674494593985], [-77.53841338882464, 38.76367244953055], [-77.53841430093712, 38.763670413758305], [-77.53841524630725, 38.76366838636695], [-77.538416227188, 38.76366637097856], [-77.53841724017579, 38.7636643639616], [-77.5384182096826, 38.7636625106428], [-77.53841920783279, 38.76366066656796], [-77.53842023577687, 38.7636588317465], [-77.53842129005115, 38.76365700705094], [-77.5384333758001, 38.76363936644501], [-77.53843370002406, 38.7636389564894], [-77.53843383227863, 38.763638790005665], [-77.53845459258636, 38.763616967363866], [-77.53845507588827, 38.76361653619015], [-77.53845998176324, 38.76361147803076], [-77.53846396421702, 38.76360566488639], [-77.53846402573309, 38.76360553926414], [-77.53846643654352, 38.76360019684766], [-77.53846654678134, 38.76359986982228], [-77.53846682483375, 38.76359904056715], [-77.53846687812153, 38.76359884190413], [-77.5384678751702, 38.76359467168305], [-77.53846791936203, 38.7635944648373], [-77.53846822276878, 38.76359208443164], [-77.53846835152326, 38.76358882511224], [-77.53846811195076, 38.76358514385153], [-77.53846777765304, 38.76358303839775], [-77.5384672970058, 38.76358094886104], [-77.53837184058666, 38.76321409135555], [-77.53837116571393, 38.763211726350164], [-77.53836909981914, 38.763206082353435], [-77.53836659836963, 38.76320091316514], [-77.5383639986195, 38.763196554886015], [-77.53836005079226, 38.7631911260861], [-77.5383570877713, 38.76318768825517], [-77.53835158039577, 38.76318228810576], [-77.53834917611326, 38.763180262971886], [-77.53834869130631, 38.763179860795574], [-77.53834140733775, 38.76317462895837], [-77.53833862592673, 38.76317292595789], [-77.53832979355697, 38.763168351693736], [-77.53832670348376, 38.76316701373064], [-77.5383175301293, 38.763163758296635], [-77.5383170441284, 38.76316361737286], [-77.53831372320847, 38.76316267661702], [-77.53830522156262, 38.76316081858978], [-77.53830002072858, 38.76316002818092], [-77.53829170198357, 38.76315929237878], [-77.53829124884786, 38.76315927514856], [-77.53828595412264, 38.76315913802609], [-77.53827889641596, 38.76315935581398], [-77.5382718878607, 38.76316002806084], [-77.53826841308958, 38.763160523886356], [-77.5372647817251, 38.76332059815657], [-77.53725765977221, 38.76332174508984], [-77.53713663850506, 38.76334371990412], [-77.53712292412239, 38.763346512700174], [-77.5370025578504, 38.76337378647458], [-77.53698986019904, 38.76337695697681], [-77.53687097544632, 38.76340941668355], [-77.5368592344027, 38.76341290043637], [-77.53674149615877, 38.76345072801462], [-77.53673267201577, 38.76345378706736], [-77.53673130210211, 38.763454261400895], [-77.5366157515952, 38.76349720775221], [-77.53661067430552, 38.76349921829704], [-77.53609495929472, 38.763704390732535], [-77.53609472328827, 38.763704485189194], [-77.53605820072545, 38.76379361509731], [-77.53617767980089, 38.76399355409476], [-77.53617778108047, 38.76399372429744], [-77.53645628193618, 38.764417940464845]]]]}, "properties": {"OBJECTID": 16, "ZoningDistrict": "PBD PMD", "CaseNumber": "REZ2026-00022", "CaseName": "Manassas Tech Center PRA", "EnergovID": "7bbe6460-60e2-41f9-99a4-a5e725b52010", "RemainingGFA": 696554, "ChangeTrigger": 0, "GISAcreage": 40.40779821, "MagistDist": "Brentsville", "GlobalID": "{B746BB11-45DF-43AB-80A8-177153173870}", "CreateUser": null, "CreateDate": null, "LastEditUser": "RFH7157A", "LastEditDate": 1784557147000, "ProjectStatus": "Pending", "CampusName": "Manassas Tech Center", "PlannedGFA": 696554, "DCOOD": "Yes", "Shape.STArea()": 1760195.1438713227, "Shape.STLength()": 9992.357285937076}}, {"type": "Feature", "id": 17, "geometry": {"type": "Polygon", "coordinates": [[[-77.51255804966097, 38.767532654531585], [-77.5125245166511, 38.767502768338225], [-77.51250482314485, 38.76748582129522], [-77.51103930818128, 38.76721328277089], [-77.50952811006792, 38.76718383898507], [-77.5082329222982, 38.7683121013275], [-77.50823663012251, 38.768317933629746], [-77.50824768053914, 38.7683343037838], [-77.5082756097905, 38.76837748354599], [-77.50830256954016, 38.76842103978884], [-77.50832855426982, 38.76846495534905], [-77.50835355373421, 38.76850922203263], [-77.50837756479069, 38.768553817290744], [-77.50840058174683, 38.768598736571484], [-77.50842258986648, 38.76864396353444], [-77.50844358584531, 38.76868948734138], [-77.50846356536489, 38.76873528723541], [-77.50848252395777, 38.7687813532694], [-77.50850044910182, 38.7688276754279], [-77.50851733994293, 38.76887423208243], [-77.50853318856143, 38.76892101325653], [-77.50854799173969, 38.76896800180618], [-77.50856174732355, 38.76901518690265], [-77.50857445322109, 38.76906255321329], [-77.5085860923447, 38.76911008798116], [-77.50859667186958, 38.76915777144744], [-77.50860618846599, 38.76920559457513], [-77.50861463779026, 38.7692535384087], [-77.50862216833227, 38.769296260924335], [-77.50863065213117, 38.769338870776735], [-77.50864007545549, 38.7693813624441], [-77.50865045237559, 38.76942371712609], [-77.50866177036013, 38.76946592570751], [-77.5086740319979, 38.76950796748905], [-77.5086872176921, 38.76954984500747], [-77.50870134392612, 38.76959153137458], [-77.50871639357845, 38.76963301653535], [-77.50873236679963, 38.76967428967974], [-77.50874925912517, 38.76971534085968], [-77.50876706275042, 38.769756151990705], [-77.50878577316114, 38.7697967167278], [-77.50880538597968, 38.76983701881725], [-77.50882589331428, 38.76987704648012], [-77.50884728959936, 38.76991678615525], [-77.50886957152069, 38.76995622790414], [-77.50888863757794, 38.76998845232981], [-77.5088927254084, 38.76999536170085], [-77.5089167526626, 38.77003416953849], [-77.50894163841284, 38.77007264498454], [-77.5089673758929, 38.77011077807126], [-77.5089939653646, 38.77014854988128], [-77.50902138737948, 38.77018595214147], [-77.50904964780345, 38.770222976792674], [-77.5090787169563, 38.77025960646632], [-77.50910860644468, 38.770295834052526], [-77.50913929568173, 38.77033165036766], [-77.50917077916313, 38.77036703734649], [-77.50920305002282, 38.77040199222768], [-77.50924600859126, 38.770446613138326], [-77.51066057768831, 38.77188190833707], [-77.51442094932487, 38.77569699923981], [-77.51444716280115, 38.775678965402186], [-77.51528100730297, 38.77652989194627], [-77.51528103000959, 38.7765299146596], [-77.51557511535971, 38.77635214594767], [-77.5157299667817, 38.77616012594747], [-77.51601965017973, 38.77598450477775], [-77.51601968732446, 38.7759844816659], [-77.51605985428615, 38.77602508192663], [-77.51624265988602, 38.77620984610809], [-77.51661031945902, 38.77658144571044], [-77.51661034330448, 38.77658146933391], [-77.51705347072638, 38.77631281291814], [-77.51705350206797, 38.77631279336093], [-77.51747262418168, 38.7760572035896], [-77.51592987044687, 38.77466802734547], [-77.51581617378606, 38.77474554925075], [-77.51039392871829, 38.7691910486057], [-77.51031624801563, 38.76870009603885], [-77.51146532505604, 38.7680376968914], [-77.51136026915003, 38.76783114402426], [-77.51255804966097, 38.767532654531585]]]}, "properties": {"OBJECTID": 17, "ZoningDistrict": "M/T", "CaseNumber": "REZ2022-00031", "CaseName": "Ashton Data Center", "EnergovID": "f322379d-0301-4028-9ba5-e23724a6cb51", "RemainingGFA": 600000, "ChangeTrigger": 0, "GISAcreage": 51.84681966, "MagistDist": "Brentsville", "GlobalID": "{02AA5D9A-1968-4398-91C8-FD4265598C62}", "CreateUser": null, "CreateDate": null, "LastEditUser": "RFH7157A", "LastEditDate": 1784557147000, "ProjectStatus": "Pending", "CampusName": "Ashton Data Center", "PlannedGFA": 600000, "DCOOD": "Yes", "Shape.STArea()": 2258447.4645885825, "Shape.STLength()": 10254.032468580459}}, {"type": "Feature", "id": 18, "geometry": {"type": "Polygon", "coordinates": [[[-77.5156979603823, 38.76434400557381], [-77.51530630797524, 38.76462283260419], [-77.5152582101082, 38.76465707395472], [-77.51860764591456, 38.76580334001613], [-77.51994828080957, 38.766262101831366], [-77.51958500805928, 38.76595281979954], [-77.52027785747259, 38.76520260171959], [-77.51957212510425, 38.76481687242466], [-77.5194729738686, 38.76476522496802], [-77.51947281612186, 38.76476514797265], [-77.51937097396888, 38.76471709506589], [-77.51937089505877, 38.76471705927056], [-77.5192663276825, 38.76467258440366], [-77.51926616860125, 38.7646725209105], [-77.51915924554797, 38.76463177942088], [-77.51915908751916, 38.764631723143594], [-77.51904994276578, 38.76459476209213], [-77.51904985111362, 38.764594732496334], [-77.51893863347019, 38.76456160807745], [-77.51893843858659, 38.76456155419424], [-77.5188255240106, 38.76453237315253], [-77.5187575256037, 38.76451611212353], [-77.5187493363591, 38.76451415258705], [-77.51756798998025, 38.764231621520366], [-77.51743241791452, 38.76411592886815], [-77.51728997774485, 38.764081873649374], [-77.51694884721822, 38.76400031352687], [-77.5166114564671, 38.76391964773951], [-77.51637382587884, 38.76386283158317], [-77.5156979603823, 38.76434400557381]]]}, "properties": {"OBJECTID": 18, "ZoningDistrict": "M-2", "CaseNumber": "REZ2023-00026", "CaseName": "Stoneview", "EnergovID": "3f012be5-4a81-4341-8710-e239efdb3b1e", "RemainingGFA": 326500, "ChangeTrigger": 0, "GISAcreage": 12.36843436, "MagistDist": "Brentsville", "GlobalID": "{AFDDBD37-8B17-4076-8EFB-503E0E0655EA}", "CreateUser": null, "CreateDate": null, "LastEditUser": "RFH7157A", "LastEditDate": 1784557147000, "ProjectStatus": "Planned", "CampusName": "Stack Northern Virginia NVA05", "PlannedGFA": 326500, "DCOOD": "Yes", "Shape.STArea()": 538739.0222057069, "Shape.STLength()": 3610.3971346029575}}, {"type": "Feature", "id": 19, "geometry": {"type": "Polygon", "coordinates": [[[-77.51218077806001, 38.763604196424765], [-77.514567738343, 38.7644203668798], [-77.51460454399151, 38.76439313456381], [-77.51551085651582, 38.763722561852326], [-77.5154097980692, 38.76368479589797], [-77.51540962981379, 38.763684730520616], [-77.51531080443229, 38.76364381113644], [-77.51531069806016, 38.763643764296795], [-77.51521404962266, 38.763599672998694], [-77.51521395245511, 38.76359962623632], [-77.5151196960276, 38.763552455827735], [-77.51511952467908, 38.7635523642977], [-77.5150279001566, 38.76350224292651], [-77.51500551900139, 38.76349303232201], [-77.51477046127953, 38.76339628826316], [-77.51474739710301, 38.76338679529075], [-77.51460902671276, 38.763305444509726], [-77.5145923505361, 38.76329994215768], [-77.51457269368453, 38.76328842732072], [-77.51456087701719, 38.76327737297146], [-77.5143790567181, 38.763174842158435], [-77.51437875064464, 38.763174673818526], [-77.51419428994443, 38.763075590813045], [-77.51419403059931, 38.7630754552982], [-77.51400667376251, 38.76297967199053], [-77.51400137888578, 38.76297703284995], [-77.51372833180838, 38.762801841374355], [-77.51343721419686, 38.762656702834015], [-77.51322801453384, 38.76255526415079], [-77.51322774700266, 38.762555138474866], [-77.51301564047407, 38.76245795245188], [-77.51301533855126, 38.7624578174769], [-77.51280022697736, 38.76236482561407], [-77.51267097788516, 38.76230153591846], [-77.51218735749427, 38.763586712082116], [-77.51218077806001, 38.763604196424765]]]}, "properties": {"OBJECTID": 19, "ZoningDistrict": "M-2", "CaseNumber": "REZ2024-00008", "CaseName": "8765 and 8819 Wellington Road PRA", "EnergovID": "55087cda-4790-4f98-be5d-2a054fe2c464", "RemainingGFA": 0, "ChangeTrigger": 0, "GISAcreage": 8.11394704, "MagistDist": "Brentsville", "GlobalID": "{CCDA0DF9-F1A5-4895-9503-8A7FD16883D8}", "CreateUser": null, "CreateDate": null, "LastEditUser": "RFH7157A", "LastEditDate": 1784557147000, "ProjectStatus": "Completed", "CampusName": "TPC Data Centers", "PlannedGFA": 361500, "DCOOD": "Yes", "Shape.STArea()": 353406.9650655712, "Shape.STLength()": 2570.51642106027}}, {"type": "Feature", "id": 20, "geometry": {"type": "Polygon", "coordinates": [[[-77.5440821060484, 38.7703014842623], [-77.54417827441725, 38.77025386806336], [-77.54427118257539, 38.77020243691665], [-77.54436058128995, 38.77014732663687], [-77.54444623500687, 38.77008868306052], [-77.54452791608544, 38.77002666289984], [-77.544605405985, 38.76996143104951], [-77.54467845906449, 38.76989666300318], [-77.54481368008614, 38.769882937495346], [-77.54484279158625, 38.76987998182641], [-77.5451212231534, 38.77002593810182], [-77.54530133884795, 38.77013460762596], [-77.54544253909252, 38.76999122615966], [-77.54626840398261, 38.76915259904868], [-77.54785409157856, 38.76857797322211], [-77.54786621088925, 38.768573581529076], [-77.54768151475585, 38.768496300406554], [-77.54768146211312, 38.76849627835736], [-77.54323093151112, 38.76664544781678], [-77.54278158170489, 38.766450514002244], [-77.54278126013716, 38.76645037984514], [-77.54278110450707, 38.76645031461048], [-77.54027706002651, 38.76540352954472], [-77.54027729457808, 38.76540328551758], [-77.54261141510311, 38.76298241496726], [-77.54261107293088, 38.76298192838751], [-77.5419499011365, 38.762043075066885], [-77.53900455934024, 38.76471911974787], [-77.53900436014696, 38.764719300998955], [-77.53910421177586, 38.76484860636204], [-77.53910425362464, 38.76484866075929], [-77.53947264684601, 38.76532571897298], [-77.53947269436388, 38.76532577972289], [-77.53985469453154, 38.76582045178379], [-77.53985483028002, 38.76582062676992], [-77.53967502726873, 38.765999486551095], [-77.5396747520331, 38.76599976087456], [-77.53971165599206, 38.76601730462237], [-77.5398173871534, 38.76598608026849], [-77.53998967400916, 38.76608077150954], [-77.54001202904527, 38.766168389106205], [-77.54002688453058, 38.76617780626039], [-77.54010973160487, 38.76623272164528], [-77.54013752394313, 38.76625210508724], [-77.54021833399962, 38.7663114451762], [-77.54024331737726, 38.76633074974376], [-77.5403212125854, 38.76639407132135], [-77.540343788732, 38.76641337328195], [-77.54041898247871, 38.766481069996104], [-77.54041943155455, 38.766481479078045], [-77.54043892762624, 38.76649997743202], [-77.54051073327318, 38.76657167880551], [-77.54052808992543, 38.7665899380149], [-77.54059655391362, 38.76666595795103], [-77.54061151292179, 38.7666834948243], [-77.5406760505518, 38.76676349791553], [-77.54068868989496, 38.766780073454356], [-77.54074921175092, 38.766864292311894], [-77.54074988100491, 38.766865276168794], [-77.54075467974666, 38.76687233256846], [-77.54078957886686, 38.76692391914849], [-77.54083718545935, 38.76702069901486], [-77.54112808204441, 38.76745069679385], [-77.54152485382616, 38.76802882100234], [-77.54153125411918, 38.76801149218057], [-77.54162959972197, 38.76815845594593], [-77.54208095070668, 38.767971319989556], [-77.54231094925008, 38.768311305157496], [-77.54236666173661, 38.76859917005589], [-77.54285158038553, 38.76930820249787], [-77.54284747361554, 38.76930990501702], [-77.54249484587336, 38.769456108536225], [-77.54250688500463, 38.76947392310863], [-77.54304496026157, 38.770270140167064], [-77.54304634163752, 38.77027218207609], [-77.54313963015687, 38.77041022658306], [-77.54325533513823, 38.770423031967525], [-77.54337333532894, 38.77059763925045], [-77.54398293004827, 38.77034515783461], [-77.5440821060484, 38.7703014842623]]]}, "properties": {"OBJECTID": 20, "ZoningDistrict": "PMD", "CaseNumber": "REZ2024-00018", "CaseName": "Wellington Glen Technology Park", "EnergovID": "3698201f-36be-463f-bc8c-a11881726c77", "RemainingGFA": 673198, "ChangeTrigger": 0, "GISAcreage": 49.89558355, "MagistDist": "Brentsville", "GlobalID": "{794EB7A6-C7E5-4922-86A8-E264BB3C6DAE}", "CreateUser": null, "CreateDate": null, "LastEditUser": "RFH7157A", "LastEditDate": 1784557147000, "ProjectStatus": "Planned", "CampusName": "Wellington Glen Technology Park", "PlannedGFA": 673198, "DCOOD": "Yes", "Shape.STArea()": 2173481.666495253, "Shape.STLength()": 9714.995295355498}}, {"type": "Feature", "id": 21, "geometry": {"type": "Polygon", "coordinates": [[[-77.5167632562402, 38.7608157511544], [-77.51848158295205, 38.76235460204037], [-77.51948451565877, 38.7616408532665], [-77.5194978906774, 38.76163133531891], [-77.5195008070965, 38.7616292623955], [-77.52037350696627, 38.76100661036281], [-77.52092233532163, 38.76008105910788], [-77.51837214362072, 38.75915480961229], [-77.51784246504565, 38.75896241631536], [-77.51780393296832, 38.75901919848075], [-77.51746508685102, 38.75951851647218], [-77.51750137515778, 38.75961135913575], [-77.51753854064175, 38.75962681843989], [-77.51743651491978, 38.75977715293384], [-77.5172610358846, 38.75981920327129], [-77.5171443941581, 38.759991070124904], [-77.51711661158092, 38.760033190706324], [-77.5170965913962, 38.76006510960917], [-77.5170772969998, 38.76009729855921], [-77.51705871245792, 38.760129744810435], [-77.51704085629021, 38.760162440410305], [-77.51702373438545, 38.7601953754985], [-77.51700734923028, 38.76022853658261], [-77.51699170318824, 38.76026191917812], [-77.51697680217274, 38.76029551162319], [-77.51696265789923, 38.760329298700775], [-77.51694926580365, 38.76036327767028], [-77.51681885565972, 38.760704683212026], [-77.51681407813999, 38.76071680090066], [-77.51680906094658, 38.76072877513673], [-77.51680377770856, 38.760740683177126], [-77.516798228586, 38.760752513311374], [-77.51679242044493, 38.76076426829974], [-77.51678634760653, 38.76077594268908], [-77.51678002052391, 38.76078752935981], [-77.51677343225697, 38.76079903095635], [-77.51676658638029, 38.76081043849962], [-77.5167632562402, 38.7608157511544]]]}, "properties": {"OBJECTID": 21, "ZoningDistrict": "M-2", "CaseNumber": "REZ1989-0022", "CaseName": "Amazon AWS IAD - Freedom Campus", "EnergovID": "3ce1ec8d-e4fb-4b8b-9387-14d85dccd570", "RemainingGFA": 0, "ChangeTrigger": 0, "GISAcreage": 18.75256232, "MagistDist": "Brentsville", "GlobalID": "{426FC4B2-7A71-49F1-8502-CF3EAF186E46}", "CreateUser": null, "CreateDate": null, "LastEditUser": "RFH7157A", "LastEditDate": 1784557147000, "ProjectStatus": "Completed", "CampusName": "Amazon Freedom Boulevard", "PlannedGFA": 409252, "DCOOD": "Yes", "Shape.STArea()": 816861.6147765482, "Shape.STLength()": 3595.538645823992}}, {"type": "Feature", "id": 22, "geometry": {"type": "Polygon", "coordinates": [[[-77.51472279642816, 38.762594347539086], [-77.51503171099385, 38.76274405583281], [-77.5148151383113, 38.7630733000179], [-77.51481448846532, 38.76307428645688], [-77.51481884104346, 38.763076836561126], [-77.51481955624604, 38.76307578310322], [-77.51483933316528, 38.76304663644479], [-77.51591843878886, 38.761456274708934], [-77.51590028997221, 38.76140985536082], [-77.51586312504446, 38.761394397354564], [-77.51596513346581, 38.7612440550809], [-77.51608132743362, 38.76121620477268], [-77.51634583917603, 38.760826357239914], [-77.51635649962176, 38.760799133853105], [-77.51643862279187, 38.76058407068026], [-77.51644133457317, 38.760577111392855], [-77.51646257303136, 38.76052943423051], [-77.51646260972007, 38.76052935976289], [-77.51648801222218, 38.760483033752855], [-77.51648806166506, 38.76048295218501], [-77.51651752590443, 38.76043813772898], [-77.51654630260099, 38.76039403822472], [-77.51657071244851, 38.760348352523614], [-77.51659061490834, 38.76030134521734], [-77.51659350086881, 38.760293595489074], [-77.51661467060171, 38.76023957442858], [-77.5166178306515, 38.76023189096298], [-77.51666052832395, 38.7601359258009], [-77.51666057336152, 38.7601358297815], [-77.51670854125632, 38.76004151331943], [-77.51670859437193, 38.76004141556594], [-77.51676178295551, 38.75994883477032], [-77.51676183119787, 38.759948756795914], [-77.51682014740868, 38.7598580685384], [-77.51740400266138, 38.75899752295063], [-77.51735028228487, 38.758860129278595], [-77.51731311836363, 38.75884467172351], [-77.51741512013382, 38.758694328105946], [-77.51759059419182, 38.758652265798005], [-77.51814100347343, 38.75784098707065], [-77.51814139567666, 38.75784040836851], [-77.5157158418708, 38.75774676765486], [-77.51524296860407, 38.75772850654574], [-77.51499792905527, 38.75771904173466], [-77.51459205528816, 38.75770336521564], [-77.51459044186116, 38.75770330300578], [-77.51425411430742, 38.75773890936529], [-77.5142541360087, 38.75773908882861], [-77.514375188519, 38.75871429051815], [-77.51438001706619, 38.758753180985906], [-77.51405729704793, 38.759268614232944], [-77.51402622269838, 38.759285699905554], [-77.51383160849443, 38.75939270996858], [-77.51367468811203, 38.759466425728455], [-77.51364964452107, 38.75947818991925], [-77.51289734207707, 38.760024165863506], [-77.51275077686239, 38.7600864377522], [-77.51274565556182, 38.760437676809865], [-77.51274565718212, 38.76043781015791], [-77.51256932037386, 38.760399254626215], [-77.51256334352311, 38.76039794752258], [-77.51252266529922, 38.760514098679224], [-77.51251633709633, 38.76053216715197], [-77.51252261791078, 38.76008279290757], [-77.51252916736568, 38.76006436232954], [-77.5126131695743, 38.759827956999594], [-77.51252067458913, 38.7596997066686], [-77.5125118710578, 38.75969778836189], [-77.51250543301921, 38.75969638637849], [-77.51186977721132, 38.75955791618749], [-77.51199597115787, 38.75920278114005], [-77.51199613873847, 38.759202308674304], [-77.51199623571651, 38.759202033813494], [-77.51154688909035, 38.75910414643196], [-77.51153745126135, 38.75913070493167], [-77.51147282488246, 38.75931257334558], [-77.51121440084515, 38.75925627660641], [-77.51110606350638, 38.75956219166032], [-77.51109828091286, 38.7595841712527], [-77.5108735977369, 38.760218623727525], [-77.51086399180836, 38.76024574652237], [-77.51070286838255, 38.76070070897746], [-77.51067166467371, 38.760703933100196], [-77.51069930237473, 38.76086791632711], [-77.51092894662794, 38.76096473386077], [-77.51095832588614, 38.760977119633836], [-77.51088857592595, 38.76116208682803], [-77.51098439760793, 38.761196871268645], [-77.51107903452458, 38.761234760661], [-77.51162942286983, 38.761465718781665], [-77.51188462277884, 38.76153542168103], [-77.51285858491876, 38.76194411095011], [-77.5129669350634, 38.76200406142793], [-77.51297228522925, 38.76200702360724], [-77.51314650183373, 38.76210342145234], [-77.51332805108548, 38.76218438512261], [-77.5133332962564, 38.76218678333401], [-77.51350298813946, 38.76226608387111], [-77.51350342139672, 38.7622662911216], [-77.51367156392881, 38.76234834235968], [-77.51370823218876, 38.76236662302711], [-77.51426361935071, 38.76264351278136], [-77.51441681492543, 38.76272139129048], [-77.51456821894557, 38.76280138878843], [-77.51471782519425, 38.762591938179], [-77.51472279642816, 38.762594347539086]]]}, "properties": {"OBJECTID": 22, "ZoningDistrict": "PBD", "CaseNumber": "REZ2024-00009", "CaseName": "NVA05A & NVA05B Proffer Amendment", "EnergovID": "19004ff1-7e88-4661-9d3f-ad33ecaa1da2", "RemainingGFA": 440878, "ChangeTrigger": 0, "GISAcreage": 46.17848808, "MagistDist": "Brentsville", "GlobalID": "{A78D2487-2A09-49E3-AF76-D75566F90E6E}", "CreateUser": null, "CreateDate": null, "LastEditUser": "RFH7157A", "LastEditDate": 1784557147000, "ProjectStatus": "Planned", "CampusName": "George Mason Research Park", "PlannedGFA": 711418, "DCOOD": "Yes", "Shape.STArea()": 2011585.4289534136, "Shape.STLength()": 7842.51472910474}}, {"type": "Feature", "id": 23, "geometry": {"type": "Polygon", "coordinates": [[[-77.51473620942309, 38.75477738855336], [-77.51629082143045, 38.75542434809029], [-77.51631240596217, 38.75541862193872], [-77.5163346528888, 38.7554147689251], [-77.51635730737694, 38.7554128301546], [-77.5163800940213, 38.75541283664983], [-77.51640274366181, 38.75541478344995], [-77.51642498964878, 38.755418650299596], [-77.51644656687726, 38.755424388127814], [-77.51646721972885, 38.7554319272222], [-77.51648508678703, 38.755440329437036], [-77.51650179979546, 38.755450080538445], [-77.51651718864811, 38.75546108360359], [-77.51653110289428, 38.75547323466725], [-77.51654392917557, 38.75548703427508], [-77.51655485294577, 38.75550180621926], [-77.51656331761889, 38.75551652059722], [-77.51657227976153, 38.755536586041465], [-77.51657911405951, 38.75554676237775], [-77.51659255515605, 38.755559523884614], [-77.51660951639485, 38.75556938335952], [-77.51745690860976, 38.75592205878817], [-77.51764598544598, 38.75599452402793], [-77.51891834311908, 38.756523998917245], [-77.5190606290584, 38.756489904528365], [-77.51915903058416, 38.756344957226375], [-77.51964351667745, 38.755631280982854], [-77.51965166937897, 38.755620409424324], [-77.51966848455909, 38.75559798497686], [-77.51969568109095, 38.75556578238463], [-77.51972475581222, 38.7555350612686], [-77.51978908597253, 38.755472352662174], [-77.51981426332974, 38.75544393589521], [-77.51983778578288, 38.7554145350086], [-77.5198387293328, 38.75541267171006], [-77.51998750272423, 38.755118584997554], [-77.52000219930747, 38.75510807532591], [-77.52000223886378, 38.75510804322383], [-77.52001500420062, 38.755096144422374], [-77.52001504040398, 38.75509610508504], [-77.52002569711351, 38.755083000357935], [-77.52014645419781, 38.75491114876113], [-77.52014751712761, 38.754909642316726], [-77.5201863201838, 38.75482314425856], [-77.5202212342583, 38.75473563710048], [-77.5202522176506, 38.75464722680455], [-77.52027381037507, 38.754581093170465], [-77.52012215290958, 38.75438064649452], [-77.51983903626486, 38.75432270996112], [-77.51969883403969, 38.75429133563753], [-77.51955374625497, 38.754253756269144], [-77.51955358119879, 38.754253710744216], [-77.51941080577254, 38.754211435179], [-77.51941064653, 38.754211385197976], [-77.51927026360892, 38.75416444384451], [-77.51927012162258, 38.754164394007645], [-77.51913237176879, 38.754112865464165], [-77.51913218523666, 38.7541127918308], [-77.5189973682902, 38.754056794832536], [-77.5189447721725, 38.75403189142644], [-77.5189446967747, 38.75403185205642], [-77.51889453411327, 38.754004163560865], [-77.51889442567357, 38.75400410049062], [-77.5188468961315, 38.7539737502023], [-77.51884682433258, 38.75397370005139], [-77.51880209784571, 38.7539407975048], [-77.51874687862625, 38.75390081065836], [-77.51868748680506, 38.75386467808248], [-77.518560799468, 38.7537908772895], [-77.51856073898892, 38.75379084074685], [-77.51843837843047, 38.75371278771323], [-77.51843828038213, 38.75371272202685], [-77.51832045866422, 38.75363055908342], [-77.5183203322253, 38.75363046613193], [-77.51820727041269, 38.75354435009973], [-77.51820712587534, 38.75354423447383], [-77.51809903228873, 38.753454328373955], [-77.51809889130132, 38.75345420557041], [-77.51799595247415, 38.753360666836144], [-77.517995830933, 38.75336055230349], [-77.5178982309468, 38.753263549158575], [-77.51789813451757, 38.753263449250746], [-77.51780605731491, 38.75316315982768], [-77.517805981396, 38.753163074506176], [-77.51771960721875, 38.753059694924474], [-77.51771956538076, 38.75305964142026], [-77.51763905163192, 38.75295335499513], [-77.51762571681886, 38.7529375530196], [-77.51760968029069, 38.752923373463055], [-77.5175912603509, 38.75291109737262], [-77.51757082182216, 38.752900969248095], [-77.51754876811684, 38.75289318796664], [-77.51748509436393, 38.75279308224741], [-77.51742651692055, 38.7526910867537], [-77.51737312216915, 38.75258736167816], [-77.51731958005223, 38.752469937012634], [-77.5173195254202, 38.75246980952643], [-77.51727265752432, 38.752350788512544], [-77.51727260438763, 38.75235063581348], [-77.51723244807116, 38.75223014489985], [-77.51723240296262, 38.752229994069836], [-77.51719902673383, 38.75210823744345], [-77.51719900822444, 38.75210816071095], [-77.51717245931178, 38.75198530003648], [-77.51714823727787, 38.751874100412685], [-77.51711744379551, 38.75176390245193], [-77.51708014697664, 38.75165494365912], [-77.51706270800588, 38.751600068988324], [-77.51706269054853, 38.75159999947191], [-77.5170510895332, 38.751544259324135], [-77.51704108749821, 38.751494761470404], [-77.51704107116662, 38.75149469376524], [-77.51702650497505, 38.75144596575581], [-77.51702647173302, 38.75144587268344], [-77.51700741548673, 38.751398133158105], [-77.51700738754074, 38.751398073463754], [-77.51698392256331, 38.75135151769869], [-77.51692991024798, 38.75126000803881], [-77.51692983033433, 38.75125987853859], [-77.51687115976253, 38.75117030908397], [-77.51687107065852, 38.751170178605726], [-77.51680776691654, 38.75108256667707], [-77.51680770814545, 38.751082489606816], [-77.51673983547201, 38.75099693393457], [-77.51673975963058, 38.7509968432075], [-77.51666748086498, 38.750913551458005], [-77.5166673538987, 38.75091341345472], [-77.51659082541926, 38.75083256080721], [-77.51659070515818, 38.75083243727463], [-77.51651000078276, 38.75075409461109], [-77.51649819120337, 38.75074416480746], [-77.51648034798691, 38.750732339319306], [-77.51606278406078, 38.75045560921155], [-77.51606238740332, 38.75045533831207], [-77.51605740607728, 38.75045204331678], [-77.5159550397553, 38.750389802385115], [-77.51595491307845, 38.75038972744719], [-77.51584944484242, 38.75033096221977], [-77.51584933291062, 38.75033090272097], [-77.51574080047969, 38.750275630623605], [-77.51574069763976, 38.75027557930919], [-77.515629296307, 38.750223904677156], [-77.51562912706821, 38.750223829381454], [-77.5155151324633, 38.7501758707388], [-77.51551174912098, 38.75017451258239], [-77.51541575643773, 38.75013786729525], [-77.51541555153891, 38.750137791699764], [-77.51531821180109, 38.750103830540745], [-77.5153180514819, 38.75010377604042], [-77.51521923088082, 38.75007244022402], [-77.51499177478776, 38.750003862811404], [-77.51493280895127, 38.749984113989], [-77.51493271851915, 38.74998408079635], [-77.51487584446569, 38.7499610431821], [-77.51487575183172, 38.749961002763605], [-77.51482118333413, 38.74993477635611], [-77.51476652224247, 38.749908509504515], [-77.51476641360267, 38.749908461744106], [-77.51470955785781, 38.7498854395172], [-77.51470946169896, 38.74988540447442], [-77.51465059219599, 38.749865690552376], [-77.51179157256213, 38.74900364799437], [-77.51178005824046, 38.74900017611834], [-77.51171821808289, 38.74908460435465], [-77.5112229406858, 38.74980317618168], [-77.51134125556898, 38.74986692878727], [-77.51103072871456, 38.75021454837344], [-77.51082902247516, 38.75044035437855], [-77.50914458443417, 38.75232593480741], [-77.50889657939837, 38.752603614267024], [-77.5080431682484, 38.75355101068066], [-77.50782407334873, 38.75380759623011], [-77.50801739798692, 38.75390881430209], [-77.50810447668862, 38.75395161908054], [-77.50819455596019, 38.75399043021806], [-77.50828733726485, 38.7540251199562], [-77.50838251384917, 38.75405557217935], [-77.50847976951842, 38.75408168781037], [-77.50857878216264, 38.75410337943474], [-77.50867922485745, 38.75412057491373], [-77.50878076356368, 38.75413321736492], [-77.50888306402992, 38.75414126522083], [-77.50887306138343, 38.75425081869201], [-77.50850211544497, 38.755215908815636], [-77.51274152122711, 38.756214907161116], [-77.51284790333794, 38.75609639915526], [-77.51166693451624, 38.755818180254664], [-77.51083177478515, 38.755081695596616], [-77.51212581758766, 38.754182079134935], [-77.51242200203515, 38.753976168023385], [-77.5124230141258, 38.75396346651664], [-77.51280285899254, 38.75398204870811], [-77.51359093446422, 38.75402060860438], [-77.5143625956753, 38.75425277205861], [-77.51482081949479, 38.75331887784422], [-77.51508423174424, 38.75337158080682], [-77.51526145843404, 38.75387412565683], [-77.5148824292737, 38.75444145203358], [-77.5148598584286, 38.75462627939639], [-77.51473620942309, 38.75477738855336]]]}, "properties": {"OBJECTID": 23, "ZoningDistrict": "M-2 PBD", "CaseNumber": "REZ1980-0030", "CaseName": "IBM", "EnergovID": "81cc348e-ba85-4c9b-9dc9-2a31c19aa522", "RemainingGFA": 515582, "ChangeTrigger": 0, "GISAcreage": 109.36086079, "MagistDist": "Brentsville", "GlobalID": "{8D03F24F-CD1B-480F-A7F7-84711317EC1B}", "CreateUser": null, "CreateDate": null, "LastEditUser": "RFH7157A", "LastEditDate": 1784557147000, "ProjectStatus": "Planned", "CampusName": "QTS Manassas 1", "PlannedGFA": 1356387, "DCOOD": "Yes", "Shape.STArea()": 4763790.104168053, "Shape.STLength()": 12626.544482068242}}, {"type": "Feature", "id": 24, "geometry": {"type": "Polygon", "coordinates": [[[-77.51815404629065, 38.74922069020487], [-77.51812270665185, 38.7492276034605], [-77.51812266054046, 38.749227610281544], [-77.51809024889799, 38.74923029558856], [-77.51808862064846, 38.7492303215902], [-77.51807539401487, 38.74923123693778], [-77.51807534560285, 38.749231243739516], [-77.51806244281623, 38.74923371766972], [-77.5180624001066, 38.749233728122874], [-77.51805008404291, 38.74923771869312], [-77.51804257147363, 38.749241094537204], [-77.51803406697064, 38.749245919744034], [-77.5180263608205, 38.749251507501235], [-77.51795076449524, 38.74931339647854], [-77.51795082712326, 38.749313443850454], [-77.51838985275162, 38.749643893481476], [-77.5184277460965, 38.749672413756535], [-77.51944369643596, 38.750302199580766], [-77.51973319448874, 38.75048164312541], [-77.51973338877835, 38.750481569073656], [-77.521204467945, 38.74990336978773], [-77.5212617513119, 38.74988085414792], [-77.52169301610908, 38.74971134243228], [-77.5216931190525, 38.74971130184953], [-77.52169293456411, 38.74971107868617], [-77.52155561923765, 38.749545039205806], [-77.52155563293341, 38.74954496274282], [-77.5215846064966, 38.74938948866892], [-77.52190213172172, 38.74925757405126], [-77.52207865438568, 38.74927979739998], [-77.52211661090152, 38.74926054897944], [-77.5221167406324, 38.74926048429521], [-77.52228526044726, 38.749464259411276], [-77.52228557397925, 38.74946463770545], [-77.52224262176642, 38.74960469790609], [-77.52225261480018, 38.749618221921295], [-77.52246922314662, 38.749520030118674], [-77.52256137117014, 38.7494782557369], [-77.52440316711628, 38.748643319891244], [-77.52436272257297, 38.74857945206409], [-77.5243623800538, 38.748578920379586], [-77.52436049163319, 38.74857548481089], [-77.52435189385871, 38.7485598401345], [-77.5242363419133, 38.748354319676814], [-77.52422622711867, 38.748336699280955], [-77.5242220034637, 38.74832935414463], [-77.52421248680066, 38.748312843241216], [-77.52409352114663, 38.74811088253204], [-77.52408273321979, 38.74809293759655], [-77.52407714712396, 38.7480836693819], [-77.52406634458228, 38.74806578468397], [-77.52394528675208, 38.74786935779362], [-77.52393350203322, 38.74785060904012], [-77.52392728897078, 38.747840749105016], [-77.52391546923855, 38.74782203789615], [-77.52379153709259, 38.747629608557254], [-77.52377881759982, 38.74761023397803], [-77.52377206133053, 38.747599968605385], [-77.52375932596468, 38.74758066236086], [-77.5236324623788, 38.74739194810009], [-77.52361864709256, 38.74737177607895], [-77.52361169344655, 38.74736164689134], [-77.52359791407628, 38.747341626519535], [-77.52346816750975, 38.74715653313171], [-77.52345329828077, 38.74713570185264], [-77.52344595195447, 38.74712543514751], [-77.5234310452438, 38.747104654004076], [-77.5232985937467, 38.74692328656347], [-77.52328271374608, 38.74690192160881], [-77.52327492589266, 38.746891471932166], [-77.52325891001338, 38.74687003286815], [-77.5231241140604, 38.746692701575604], [-77.52310700431684, 38.74667057859202], [-77.52309867069366, 38.74665982885604], [-77.52308132763045, 38.746637521940215], [-77.52294418579571, 38.746464078120816], [-77.5229260624989, 38.74644154305318], [-77.52291893629399, 38.74643269708018], [-77.52290761803079, 38.74641868548247], [-77.52278412681461, 38.74626790772244], [-77.52265840848747, 38.74611826261763], [-77.52264610226787, 38.74610381752632], [-77.52264322725397, 38.74610044397204], [-77.52264317631212, 38.74610038318633], [-77.5226427471428, 38.7460998805039], [-77.5226080386584, 38.74611804535246], [-77.52260781388854, 38.74611816239845], [-77.52260776290997, 38.746118104315144], [-77.52260305656058, 38.74611269204643], [-77.52258022709385, 38.74608643836541], [-77.52257080375567, 38.746075804729614], [-77.52254558484735, 38.746047864434026], [-77.5225455009886, 38.746047770941026], [-77.52253920826745, 38.74604091840012], [-77.52251065000173, 38.74601042229759], [-77.52250528969029, 38.74600479646123], [-77.52247382491096, 38.74597240041757], [-77.52247094350435, 38.74596949798149], [-77.52243787993305, 38.74593666156377], [-77.5224358635822, 38.745934693377315], [-77.52240019426918, 38.74590051178106], [-77.52240004769719, 38.745900377224004], [-77.52236273439253, 38.74586586478496], [-77.52232450484226, 38.74583173208303], [-77.5222995718599, 38.745810103189804], [-77.52228551921351, 38.74579812910335], [-77.52224579002471, 38.74576506585956], [-77.52223822492805, 38.74575889638946], [-77.52223063540748, 38.74575274653513], [-77.52222302032506, 38.745746615386224], [-77.52221537850592, 38.7457405047347], [-77.52220771111264, 38.74573441368933], [-77.5222000192955, 38.74572834225973], [-77.52219230075393, 38.74572229042672], [-77.52218455663824, 38.74571625819991], [-77.52217678807412, 38.74571024739041], [-77.52216899393584, 38.7457042561871], [-77.52216117422344, 38.745698284589956], [-77.52215333123745, 38.74569233261817], [-77.5221454615025, 38.7456864020445], [-77.52213756734369, 38.74568049108658], [-77.52212964874876, 38.74567460064518], [-77.52212170456741, 38.74566873071072], [-77.52211373711246, 38.74566288040161], [-77.52202860822473, 38.74560271373962], [-77.52194087652784, 38.745544885681554], [-77.52186734843082, 38.74549943656353], [-77.52186067534142, 38.74549543669593], [-77.52125223435434, 38.74513203898714], [-77.52121125870447, 38.7451128534077], [-77.52053281318844, 38.74479520745375], [-77.520246953736, 38.74466136666428], [-77.51995853854595, 38.74457685567946], [-77.51918525743109, 38.744350270226995], [-77.51832210981628, 38.74423771930406], [-77.51832066636737, 38.744239131555595], [-77.51514470698392, 38.74735324613519], [-77.51635501333291, 38.74811029536486], [-77.51745363317218, 38.748797460772764], [-77.51789360171362, 38.74907264311539], [-77.51789489326264, 38.74906064936463], [-77.51789738163608, 38.74904884571462], [-77.51790109082431, 38.749037136342196], [-77.51790591246888, 38.749025839474335], [-77.5179059290533, 38.74902580447775], [-77.51791196683166, 38.749014689852736], [-77.51791898774479, 38.74900416861537], [-77.51791901119424, 38.74900413637905], [-77.51793627542821, 38.74898438981973], [-77.51793630107984, 38.74898436480914], [-77.51795734190655, 38.748967000359], [-77.51798167154568, 38.748952438258485], [-77.5180086091495, 38.74894108361709], [-77.51800865423347, 38.7489410677784], [-77.51803751602836, 38.748933203157854], [-77.51803755755053, 38.74893319539754], [-77.51806766574356, 38.748929002508326], [-77.51809825267641, 38.748928588434104], [-77.5181007151462, 38.7489287198718], [-77.51813284369342, 38.748932769196365], [-77.51813289417211, 38.7489327795292], [-77.5181637322358, 38.74894101717769], [-77.51819233525491, 38.74895319379624], [-77.51819237638344, 38.748953214861636], [-77.51821795518066, 38.74896899140673], [-77.51821797909129, 38.748969009625185], [-77.51823979781396, 38.748987933084635], [-77.51823981936249, 38.74898795578783], [-77.51824902813742, 38.74899832090781], [-77.5182572526787, 38.749009483083604], [-77.51825727299078, 38.749009512082836], [-77.51826413869664, 38.74902097325208], [-77.5182698411341, 38.749033055409356], [-77.51827414796738, 38.74904527999712], [-77.51827715598027, 38.74905788718623], [-77.51827716456779, 38.74905793230362], [-77.51827878980109, 38.7490706230239], [-77.51827904039257, 38.74908341493416], [-77.518277903673, 38.74909617269736], [-77.5182754112026, 38.7491087361461], [-77.5182754002715, 38.749108778397314], [-77.51827151594556, 38.749121268963], [-77.51826636804522, 38.74913329399279], [-77.5182598402406, 38.74914511148075], [-77.51825220543388, 38.74915624588603], [-77.51825217848437, 38.74915628169673], [-77.51824319182046, 38.749167082483105], [-77.51823328061646, 38.749177041657255], [-77.51823325615214, 38.74917706397514], [-77.5182101453026, 38.74919504447702], [-77.5181835155344, 38.749209715289425], [-77.51818347268949, 38.74920973565151], [-77.51815404629065, 38.74922069020487]]]}, "properties": {"OBJECTID": 24, "ZoningDistrict": "PBD", "CaseNumber": "PLN2007-00749", "CaseName": "Eli Lilly at Innovation", "EnergovID": "8faefd73-d028-45e0-8b57-2c5d46df942d", "RemainingGFA": 201000, "ChangeTrigger": 0, "GISAcreage": 78.38514118, "MagistDist": "Brentsville", "GlobalID": "{890866B8-AD58-4E26-A347-A02DAA040D6F}", "CreateUser": null, "CreateDate": null, "LastEditUser": "RFH7157A", "LastEditDate": 1784557147000, "ProjectStatus": "Planned", "CampusName": "Amazon Innovation Drive", "PlannedGFA": 1087901, "DCOOD": "Yes", "Shape.STArea()": 3414405.876323753, "Shape.STLength()": 7707.278462315133}}, {"type": "Feature", "id": 25, "geometry": {"type": "Polygon", "coordinates": [[[-77.52399378234057, 38.75258219721108], [-77.52399392600206, 38.752583564184604], [-77.5239940696025, 38.75258493566216], [-77.52399420866251, 38.752586302597415], [-77.52399435232407, 38.752587669570936], [-77.52399449252223, 38.75258903741654], [-77.52399463153334, 38.752590407954976], [-77.5239947659919, 38.75259177485189], [-77.52399490499079, 38.752593146291154], [-77.52399504059974, 38.75259451319764], [-77.52399517965982, 38.75259588013286], [-77.52399530945566, 38.752597251495494], [-77.52399544506459, 38.75259861840199], [-77.52399557942532, 38.75259999250537], [-77.52399571048167, 38.752601355770295], [-77.5239958402776, 38.75260272713293], [-77.52399597123613, 38.752604097604355], [-77.52399610109322, 38.75260546446294], [-77.52399623205176, 38.75260683493436], [-77.52399635729506, 38.75260820265545], [-77.52399648365211, 38.75260957308851], [-77.52399660996022, 38.75261094712482], [-77.52399673640285, 38.75261231125229], [-77.52399686160953, 38.75261368167581], [-77.52399698336502, 38.752615052070546], [-77.52399710516951, 38.75261641886214], [-77.52399722691284, 38.75261779015772], [-77.52399734406686, 38.752619160514165], [-77.52399747047286, 38.75262052734406], [-77.52399758766356, 38.752621894998114], [-77.52399770937025, 38.75262326899611], [-77.52399782652425, 38.75262463935256], [-77.52399793907679, 38.75262600967073], [-77.52399805627981, 38.752627376423995], [-77.52399817803536, 38.752628746818736], [-77.52399828712453, 38.75263011800896], [-77.52399839967713, 38.75263148832714], [-77.52399851222968, 38.7526328586453], [-77.52399862593259, 38.752634228973015], [-77.52399873388364, 38.752635599252855], [-77.52399884757439, 38.752636970481404], [-77.52399895557438, 38.75263833715798], [-77.5239990646758, 38.75263970744744], [-77.52399916802538, 38.752641077689], [-77.52399927711458, 38.7526424488792], [-77.52399938046416, 38.75264381912074], [-77.52399948036259, 38.752645189333506], [-77.52399958946404, 38.75264655962297], [-77.52399969281362, 38.7526479298645], [-77.52399979730134, 38.752649301016405], [-77.52399989715087, 38.7526506748324], [-77.52399999704932, 38.75265204504521], [-77.52400009694772, 38.75265341525801], [-77.52400019684619, 38.75265478547083], [-77.52400029554536, 38.752656159277244], [-77.52400039202938, 38.752657526758924], [-77.52400048732635, 38.75265889693339], [-77.52400058262327, 38.7526602671079], [-77.52400067787131, 38.75266164088561], [-77.52400077776979, 38.75266301109838], [-77.5240008638637, 38.75266438119627], [-77.52400095914844, 38.75266575227153], [-77.52400104984387, 38.75266712240773], [-77.52400113703929, 38.752668496118375], [-77.52400122773473, 38.752669866254564], [-77.52400131843022, 38.75267123639074], [-77.5240014056745, 38.7526726064982], [-77.52400149171957, 38.75267398019926], [-77.52400157896388, 38.75267535030673], [-77.52400166504565, 38.752676721305384], [-77.52400174768844, 38.752678091374534], [-77.52400182913195, 38.752679465037325], [-77.52400191637632, 38.75268083514474], [-77.52400199441762, 38.75268220517556], [-77.52400207586112, 38.752683578838344], [-77.52400215850398, 38.752684948907465], [-77.52400223649634, 38.75268632254152], [-77.52400231337506, 38.752687693463564], [-77.52400239141643, 38.75268906349439], [-77.52400246940886, 38.75269043712839], [-77.52400254745015, 38.752691807159266], [-77.52400262084103, 38.75269318075497], [-77.52400269428087, 38.75269455074747], [-77.52400276772069, 38.75269592074], [-77.52400284111158, 38.75269729433573], [-77.52413135019525, 38.75279742534454], [-77.52418352885138, 38.75279890292861], [-77.5241820319657, 38.75283128353775], [-77.52417890945149, 38.75289891758205], [-77.52417679990357, 38.75294456257294], [-77.52417373875129, 38.753010811528945], [-77.52417229872664, 38.75304196917609], [-77.5240341042571, 38.7531424917279], [-77.5240013502713, 38.75382665002188], [-77.52400122273328, 38.75382926429723], [-77.52400114657354, 38.75383063664758], [-77.52400107156419, 38.75383200900749], [-77.52400099198994, 38.7538333786267], [-77.52400090662702, 38.75383475090045], [-77.52400081781293, 38.753836123145476], [-77.52400072899874, 38.753837495390485], [-77.52400063218074, 38.75383886396522], [-77.52400053876504, 38.75384023617193], [-77.52400043729651, 38.7538416083116], [-77.52400033127529, 38.753842976809715], [-77.52400022405477, 38.753844348901474], [-77.52400011338305, 38.75384572096451], [-77.52399999935795, 38.753847085792415], [-77.52399988408463, 38.753848457817085], [-77.52399976424644, 38.75384982710109], [-77.5239996444204, 38.753851195484316], [-77.5239995118911, 38.75385256736537], [-77.5239993794107, 38.753853935643214], [-77.52399924693027, 38.75385530392106], [-77.52399910984826, 38.75385667216059], [-77.52399896930288, 38.75385804127218], [-77.52399882301762, 38.75385940943513], [-77.5239986778828, 38.75386077760759], [-77.52399852699604, 38.753862145732185], [-77.52399837265804, 38.7538635138281], [-77.52399821375509, 38.75386487918323], [-77.52399805481545, 38.75386624724075], [-77.52399788322144, 38.753867615192995], [-77.52399771972917, 38.75386897960903], [-77.5239975527245, 38.753870348500364], [-77.5239973765778, 38.75387171281101], [-77.52399720043108, 38.753873077121675], [-77.52399701962165, 38.75387444589805], [-77.52399683427168, 38.75387581013213], [-77.5239966489218, 38.75387717436615], [-77.52399645550683, 38.753878539434], [-77.5239962609537, 38.753879903591454], [-77.52399606293712, 38.75388126862096], [-77.52399586493283, 38.753882632749644], [-77.5239956577253, 38.75388399680175], [-77.5239954505544, 38.75388535815137], [-77.52399523874527, 38.75388672216515], [-77.5239950281232, 38.75388808348607], [-77.52399480826121, 38.753889447432826], [-77.52399458728557, 38.753890808667514], [-77.5239943582693, 38.75389216893443], [-77.5239941338424, 38.75389353014041], [-77.5239939048139, 38.7538948913081], [-77.52399367234648, 38.75389625154622], [-77.52399343411473, 38.75389761263733], [-77.52399319244408, 38.75389897279882], [-77.52399295076114, 38.75390033386116], [-77.52399270452555, 38.75390169128195], [-77.52399244905004, 38.75390305132856], [-77.5239921982128, 38.75390440871106], [-77.52399193817236, 38.75390576601689], [-77.52399167924567, 38.753907126034754], [-77.52399141460364, 38.75390848330232], [-77.52399114651034, 38.75390984054112], [-77.5239908738644, 38.75391119413839], [-77.52399060116954, 38.75391255133895], [-77.5239903238364, 38.75391391120352], [-77.52399004318654, 38.75391526113055], [-77.52398976128843, 38.75391661825441], [-77.52398947138649, 38.75391797170806], [-77.52398918148447, 38.75391932516169], [-77.52398888698087, 38.753920678576975], [-77.52398859707884, 38.75392203203058], [-77.52398828877045, 38.75392338533095], [-77.5239879850636, 38.75392473866965], [-77.5239876779545, 38.753926088376396], [-77.52398737429657, 38.75392743811184], [-77.5239870533337, 38.753928791306855], [-77.52398673702132, 38.75393014093696], [-77.52398641725779, 38.75393149053833], [-77.52398609634379, 38.75393284013012], [-77.52398576626331, 38.75393418694286], [-77.52398543729653, 38.7539355364676], [-77.52398510257768, 38.75393688594445], [-77.5239847644566, 38.75393823178936], [-77.52398442632327, 38.75393957853507], [-77.52398408360054, 38.753940924341656], [-77.5239837362762, 38.7539422701099], [-77.52398339009002, 38.753943616788554], [-77.52398303356247, 38.75394496248021], [-77.523982678222, 38.753946305479026], [-77.52398231829213, 38.75394764753874], [-77.52398195371174, 38.75394899316333], [-77.52398158916796, 38.753950336085474], [-77.52398121546997, 38.75395167532784], [-77.52398084173524, 38.753953017272615], [-77.52398046910203, 38.75395436283015], [-77.52398008740006, 38.753955698402216], [-77.52397970449879, 38.75395703756794], [-77.5239793181463, 38.7539583767049], [-77.52397892719222, 38.75395971580358], [-77.52397853740071, 38.753961054011], [-77.523978141845, 38.753962393071355], [-77.523977742887, 38.75396372849977], [-77.52397733812802, 38.75396506748347], [-77.52397693458057, 38.75396640197277], [-77.52397652641933, 38.75396773732452], [-77.52397611374207, 38.75396906633231], [-77.52397569634086, 38.753970404309904], [-77.52397528362685, 38.75397173602012], [-77.52397485820951, 38.75397307122823], [-77.5239744328778, 38.753974400130666], [-77.5239740029077, 38.7539757316972], [-77.52397357178728, 38.75397706325421], [-77.52397313376437, 38.75397839475369], [-77.52397269924163, 38.753979722678714], [-77.52397225551564, 38.753981050527116], [-77.52397181292777, 38.753982379285894], [-77.52397137375446, 38.75398371077582], [-77.52397093923162, 38.75398503870081], [-77.52397050926146, 38.75398637026736], [-77.52397008274244, 38.75398770186266], [-77.52396965737383, 38.75398903346749], [-77.52396924005804, 38.753990365139366], [-77.52396882384366, 38.75399170042407], [-77.52396841108053, 38.75399303573748], [-77.52396799831733, 38.75399437105093], [-77.5239675947573, 38.753995706440925], [-77.52396719004695, 38.7539970418214], [-77.5239667956412, 38.75399838089126], [-77.52396640013394, 38.75399971634836], [-77.52396600459002, 38.75400105450781], [-77.52396561823704, 38.754002393644775], [-77.52396523648562, 38.754003732819996], [-77.52396485474645, 38.754005071094404], [-77.52396447639734, 38.75400641390159], [-77.52396410380017, 38.754007756756664], [-77.52396373461752, 38.75400910234291], [-77.52396336552047, 38.75401044162344], [-77.52396300558992, 38.754011783683076], [-77.52396264564715, 38.754013126643514], [-77.52396228911884, 38.75401447233507], [-77.52396193839151, 38.75401581447129], [-77.52396159105416, 38.75401716114026], [-77.5239612402778, 38.754018506879724], [-77.5239609010055, 38.75401985271496], [-77.52396057202562, 38.7540212031404], [-77.52396023390362, 38.754022548985205], [-77.52395990378554, 38.75402389850029], [-77.52395957941945, 38.75402524806325], [-77.52395925390294, 38.75402659761661], [-77.52395893757745, 38.75402794814742], [-77.52395862122741, 38.75402930047983], [-77.52395830840196, 38.754030647436146], [-77.52395800124293, 38.75403200074598], [-77.5239576941328, 38.754033350452595], [-77.52395739502656, 38.7540347038295], [-77.52395709592022, 38.75403605720636], [-77.52395680141554, 38.75403741062156], [-77.5239565115125, 38.75403876407508], [-77.52395622962551, 38.75404012029802], [-77.52395594432396, 38.75404147378985], [-77.52395566242475, 38.75404283091362], [-77.52395538977767, 38.75404418451079], [-77.52395511708157, 38.75404554171118], [-77.52395484898713, 38.75404689894986], [-77.52395458085599, 38.754048258890954], [-77.52395432086324, 38.75404961259345], [-77.52395406542317, 38.75405096993752], [-77.52395381108461, 38.75405233089436], [-77.52395356025833, 38.75405368737592], [-77.52395331397257, 38.75405504839982], [-77.52395307115022, 38.75405640855164], [-77.52395283411653, 38.75405776604894], [-77.52395259588349, 38.754059127139854], [-77.52395236686594, 38.75406048740663], [-77.52395213898652, 38.75406184858373], [-77.52395191337119, 38.75406321248248], [-77.5239516935446, 38.75406457372664], [-77.52395147833175, 38.75406593410834], [-77.52395125730584, 38.75406729894613], [-77.52395105469853, 38.754068663036406], [-77.52395084867669, 38.75407002439552], [-77.52395064606938, 38.75407138848575], [-77.52395044690101, 38.754072753505575], [-77.52395024889526, 38.7540741176341], [-77.52395006009277, 38.75407548183933], [-77.52394987012758, 38.75407684693575], [-77.52394968937787, 38.754078211207954], [-77.52394950857918, 38.754079579083424], [-77.52394933241884, 38.754080944294756], [-77.52394915627069, 38.7540823086053], [-77.52394898812645, 38.75408367658611], [-77.52394882116933, 38.75408504187407], [-77.52394866222825, 38.75408640993148], [-77.52394850328719, 38.75408777798893], [-77.52394834434615, 38.75408914604637], [-77.5239481946083, 38.7540905141804], [-77.52394804835832, 38.754091879640754], [-77.52394790322208, 38.75409324781312], [-77.52394776613863, 38.754094616052534], [-77.52394762900632, 38.754095987895155], [-77.52394749652447, 38.75409735617287], [-77.52394736859527, 38.754098728092124], [-77.52394724420297, 38.754100093734486], [-77.52394712087543, 38.75410146569203], [-77.52394700104797, 38.75410283407508], [-77.52394688582217, 38.754104202496464], [-77.52394677514901, 38.75410557455939], [-77.52394666912639, 38.75410694305739], [-77.52394656769319, 38.75410831249452], [-77.52394646967444, 38.75410968466274], [-77.5239463716557, 38.75411105683102], [-77.523946279389, 38.75411242904716], [-77.52394619062241, 38.75411379768885], [-77.52394610640852, 38.75411516997206], [-77.52394602564581, 38.75411654228399], [-77.52394595063511, 38.75411791464382], [-77.52394587452294, 38.75411928339079], [-77.52394576632807, 38.7541214897155], [-77.52392807161233, 38.75449901307169], [-77.52395366880727, 38.754500537905834], [-77.52394640261296, 38.75457531135661], [-77.5241040534803, 38.75474739994202], [-77.5247119636615, 38.75486915874726], [-77.52480091142166, 38.754885928525006], [-77.52485617945617, 38.75489530903488], [-77.52491164646207, 38.75490393260888], [-77.52496729866954, 38.75491179642938], [-77.52502311539371, 38.754918898522455], [-77.5250790782507, 38.75492523693308], [-77.52507962520112, 38.75492528922956], [-77.52513518725092, 38.75493081076026], [-77.52518977830049, 38.754935480039954], [-77.52519140216474, 38.754935616966605], [-77.52524771613675, 38.754939651891306], [-77.52530411532345, 38.754942918121905], [-77.52536057675148, 38.75494541276457], [-77.52541708431313, 38.75494713568534], [-77.5254736196121, 38.754948085830314], [-77.52553016997986, 38.75494826399506], [-77.52558671820715, 38.75494766643294], [-77.52564324118607, 38.754946300159204], [-77.52569972637022, 38.75494415696144], [-77.52575614717604, 38.754941245627855], [-77.52581250824007, 38.7549375634944], [-77.52586877157232, 38.75493311204729], [-77.52592493031736, 38.75492788762615], [-77.52598095898112, 38.754921903532896], [-77.526036848444, 38.754915153385625], [-77.52609257800894, 38.754907636111696], [-77.52614813373505, 38.75489936150555], [-77.52620349378707, 38.75489032758425], [-77.52625864888685, 38.75488053967648], [-77.52631356912187, 38.75486999753409], [-77.52636825438067, 38.75485870926469], [-77.52642267705185, 38.754846674639296], [-77.5264768209547, 38.75483389892937], [-77.5265306722706, 38.754820382921444], [-77.52658421710764, 38.754806132807], [-77.52663743580982, 38.75479115563051], [-77.52669030765597, 38.75477545212124], [-77.52674282681956, 38.75475902763683], [-77.52679496903076, 38.75474189008444], [-77.52718121190807, 38.75461181631694], [-77.52758888591651, 38.75431612766528], [-77.52640331061335, 38.752157155043506], [-77.5252595459466, 38.75254292519175], [-77.52518352476345, 38.75256856537819], [-77.52511872168074, 38.75259042129293], [-77.5239910889262, 38.7525565277201], [-77.52399106201099, 38.75255757795553], [-77.5239912229281, 38.75255894507271], [-77.52399138384521, 38.75256031218992], [-77.52399153669741, 38.75256168014092], [-77.52399169301302, 38.75256304721979], [-77.52399184587755, 38.752564414269976], [-77.52399200218088, 38.75256578224965], [-77.52399215504538, 38.75256714929981], [-77.52399230674725, 38.7525685172412], [-77.52399245961176, 38.75256988429135], [-77.52399260787475, 38.752571251303216], [-77.52399275957667, 38.75257261924462], [-77.52399290783964, 38.75257398625644], [-77.52399305605375, 38.75257535687153], [-77.52399320430452, 38.75257672478419], [-77.52399334796601, 38.752578091757705], [-77.52399349506648, 38.75257945966079], [-77.52399363872797, 38.75258082663429], [-77.52399378234057, 38.75258219721108]]]}, "properties": {"OBJECTID": 25, "ZoningDistrict": "PBD", "CaseNumber": "REZ2023-00001", "CaseName": "Innovation on the Parkway PRA", "EnergovID": "005eaa9c-a822-4dad-b14e-35d804a4f532", "RemainingGFA": 576952, "ChangeTrigger": 0, "GISAcreage": 17.72836489, "MagistDist": "Brentsville", "GlobalID": "{A02D22DB-9111-436B-ABD9-D425132B32AC}", "CreateUser": null, "CreateDate": null, "LastEditUser": "RFH7157A", "LastEditDate": 1784557147000, "ProjectStatus": "Planned", "CampusName": "Innovation on the Parkway", "PlannedGFA": 576952, "DCOOD": "Yes", "Shape.STArea()": 772247.5745172048, "Shape.STLength()": 3508.3174730721616}}, {"type": "Feature", "id": 26, "geometry": {"type": "Polygon", "coordinates": [[[-77.529800879202, 38.74666737922044], [-77.52991989461944, 38.74700724115847], [-77.52998100108952, 38.747412073904506], [-77.53005904940088, 38.748169830066686], [-77.53022567868797, 38.74839966021765], [-77.53042638195096, 38.74848728241247], [-77.5307253723591, 38.748528937292214], [-77.53096056319932, 38.74856391893282], [-77.5311846161941, 38.74857811778318], [-77.53200945853203, 38.74866279370174], [-77.53227487039106, 38.748746138863005], [-77.53252301164548, 38.74882406516313], [-77.53259723431752, 38.74884010485874], [-77.53259730884587, 38.74884012349196], [-77.53266950931682, 38.74886101766542], [-77.53266960208057, 38.748861049061794], [-77.53273937685658, 38.74888668988208], [-77.53280604813426, 38.74891683572296], [-77.53280612242037, 38.7489168723722], [-77.53286930277031, 38.74895133265365], [-77.53286936669143, 38.74895137011823], [-77.53292865511987, 38.74898993613053], [-77.53305658696887, 38.749041201768875], [-77.53306028414191, 38.749042683628204], [-77.53310136703614, 38.74899553110529], [-77.53312503190307, 38.748840359234876], [-77.53312458474274, 38.74843429088436], [-77.53306623768577, 38.748298906685804], [-77.53301395389303, 38.748136734402294], [-77.53300774604628, 38.748039070652155], [-77.5330237861409, 38.747864967244865], [-77.53329867680877, 38.74735767063456], [-77.53331414521331, 38.7473110581522], [-77.53356523082185, 38.747129800744915], [-77.533607547147, 38.746975468989625], [-77.53367863323398, 38.74683163663148], [-77.53376639628647, 38.74661344464613], [-77.53380045405474, 38.7465220398832], [-77.5334032157907, 38.74639091523564], [-77.53328527746567, 38.74642990068934], [-77.53325142355877, 38.7464195259129], [-77.53312277324638, 38.746380104149964], [-77.53307314099952, 38.74636489463131], [-77.5330423845895, 38.74630752420604], [-77.53293049304988, 38.746263276460766], [-77.5329303786643, 38.74626322776891], [-77.53282128559603, 38.74621509125817], [-77.53282110039027, 38.74621500504467], [-77.53271498517476, 38.746163072248024], [-77.53271486294358, 38.74616300817579], [-77.53261181243033, 38.74610732306166], [-77.53261177133555, 38.746107299298885], [-77.53259856596773, 38.74609976773043], [-77.53227085321727, 38.745993940201586], [-77.53218533982655, 38.74596296366885], [-77.53218523227083, 38.74596292043814], [-77.53210263480995, 38.74592761652805], [-77.53210254906095, 38.74592757708093], [-77.53202310539018, 38.745888052269216], [-77.53202302429092, 38.74588800925681], [-77.53194710242903, 38.74584444316702], [-77.53194701002118, 38.74584438564662], [-77.53187494663564, 38.745796979266004], [-77.53180699162546, 38.74574588421646], [-77.5318069097038, 38.74574581687256], [-77.53174350379656, 38.74569136563344], [-77.53174343332914, 38.74569130198771], [-77.5316847685649, 38.745633670928974], [-77.53168474701312, 38.74563364822821], [-77.53163105287847, 38.74557305186729], [-77.53163098157648, 38.74557296479096], [-77.5315825854931, 38.74550977701417], [-77.53158255725819, 38.745509738041804], [-77.53153958353784, 38.74544412384826], [-77.5315395497944, 38.74544406681216], [-77.53150223750113, 38.74537638314114], [-77.53150219494398, 38.745376297203194], [-77.53147070442651, 38.74530685169419], [-77.53146608299136, 38.74529526205139], [-77.53146061640587, 38.74549310429997], [-77.53145774742391, 38.74559693020111], [-77.53144635611918, 38.7462899478181], [-77.5298040363486, 38.74666666660504], [-77.52980094491409, 38.74666736895337], [-77.529800879202, 38.74666737922044]]]}, "properties": {"OBJECTID": 26, "ZoningDistrict": "PBD", "CaseNumber": "PLN2007-00535", "CaseName": "Innovation at PW", "EnergovID": "65a47980-e01f-4e3d-bc5c-e3f7c6c096f4", "RemainingGFA": 0, "ChangeTrigger": 0, "GISAcreage": 19.43915002, "MagistDist": "Brentsville", "GlobalID": "{E7A7B7C9-75F0-4FFD-AA1D-32E9DCE1FF09}", "CreateUser": null, "CreateDate": null, "LastEditUser": "RFH7157A", "LastEditDate": 1784557147000, "ProjectStatus": "Planned", "CampusName": "CloudHQ Manassas Hornbaker", "PlannedGFA": 247608, "DCOOD": "Yes", "Shape.STArea()": 846860.9416069933, "Shape.STLength()": 4189.493151600892}}, {"type": "Feature", "id": 27, "geometry": {"type": "Polygon", "coordinates": [[[-77.5011580578714, 38.7381384969769], [-77.5011986438011, 38.73816288102082], [-77.50129798750726, 38.73821937788566], [-77.50129818043038, 38.73821948403551], [-77.50140020662813, 38.73827309101421], [-77.50140032999313, 38.73827315332738], [-77.50150478524502, 38.73832373131534], [-77.501504958979, 38.73832381117488], [-77.50161174382706, 38.73837131517372], [-77.50161191878644, 38.73837138963801], [-77.50172105844979, 38.738415825261725], [-77.50232094044237, 38.738649053291525], [-77.50248065645334, 38.73867436616206], [-77.50358768113416, 38.73910475122488], [-77.5045756069117, 38.738288008874214], [-77.50853006108629, 38.73566359350491], [-77.50770414483705, 38.73490018242603], [-77.5077797574224, 38.73484799839712], [-77.50567076384348, 38.732973219520765], [-77.50706479411666, 38.73201113552553], [-77.50479622028014, 38.72999437831193], [-77.50474574346721, 38.73005389113345], [-77.50464157998596, 38.7301767048242], [-77.50459085151063, 38.73023651544623], [-77.50298607206989, 38.73212549651013], [-77.50289459183159, 38.7323412594057], [-77.5026981572531, 38.732804562689786], [-77.50261970305519, 38.732989599693404], [-77.50253649679131, 38.73318584321479], [-77.50245329002327, 38.73338209027242], [-77.50237008290102, 38.733578330056545], [-77.50227409217466, 38.733804721769204], [-77.50217079715561, 38.734048340660166], [-77.50215369856967, 38.734088667766265], [-77.50215567463047, 38.73409049182461], [-77.50246258842566, 38.734373819460224], [-77.50243860378221, 38.73452572119217], [-77.50250542437486, 38.7346720064936], [-77.50248765809849, 38.734708728807675], [-77.50244538861259, 38.734796101880676], [-77.50222397305659, 38.73487213811085], [-77.50215623653435, 38.73489539962879], [-77.5021763757112, 38.73514232249548], [-77.50202175877288, 38.735413258728116], [-77.50207339158351, 38.735508907875825], [-77.5018207177446, 38.7360218512051], [-77.50172446242107, 38.736128752806614], [-77.50178402354547, 38.73622211640659], [-77.50170430549524, 38.736377864950114], [-77.50174139533615, 38.73649459967108], [-77.50163617258845, 38.73658380474254], [-77.50151957170932, 38.73685669113992], [-77.50158903510749, 38.73691854232389], [-77.50175889322848, 38.73693177757469], [-77.50191541125537, 38.73730252125758], [-77.50158273174559, 38.7375519725541], [-77.50149480925565, 38.73769462923141], [-77.50128623453334, 38.737864577169816], [-77.50111397243303, 38.737955587129406], [-77.50103075863464, 38.738043374692204], [-77.50102954453854, 38.738044656254914], [-77.50106181114762, 38.73806915232705], [-77.5011580111535, 38.73813846504678], [-77.5011580578714, 38.7381384969769]]]}, "properties": {"OBJECTID": 27, "ZoningDistrict": "M-1", "CaseNumber": "REZ2018-00002", "CaseName": "Brickyard", "EnergovID": "5b9b1adb-eadd-43e0-aa7f-4fe0a600d4f2", "RemainingGFA": 0, "ChangeTrigger": 0, "GISAcreage": 82.57738664, "MagistDist": "Coles", "GlobalID": "{00A5EBBF-A427-4FF7-A56F-EEF2ED801B6A}", "CreateUser": null, "CreateDate": null, "LastEditUser": "RFH7157A", "LastEditDate": 1784557147000, "ProjectStatus": "Completed", "CampusName": "Amazon Tanner Way", "PlannedGFA": 1798534, "DCOOD": "Yes", "Shape.STArea()": 3597046.9947960963, "Shape.STLength()": 8974.2403786944}}, {"type": "Feature", "id": 28, "geometry": {"type": "Polygon", "coordinates": [[[-77.50385514619497, 38.739238451690525], [-77.50388046719276, 38.73924845080319], [-77.50388051298707, 38.7392484665079], [-77.50390747507316, 38.73925533897778], [-77.50390752785584, 38.739255348435485], [-77.5039355625933, 38.73925894168107], [-77.50394859136357, 38.739259819076935], [-77.50398020552463, 38.73926351750539], [-77.50401098362387, 38.73927027372785], [-77.50404044746962, 38.739279980977535], [-77.5040521611425, 38.73928453462525], [-77.5040874464811, 38.7393011472784], [-77.5041188739903, 38.7393219767506], [-77.50416848474431, 38.73936062941217], [-77.50418465442905, 38.73937168045278], [-77.50420251957432, 38.739380993619136], [-77.5042118759944, 38.7393849055937], [-77.5044589424311, 38.73948024074235], [-77.50478572605773, 38.73960727969913], [-77.50480638820214, 38.73961398225049], [-77.50481351097982, 38.739615720227164], [-77.50483169051378, 38.73961895119804], [-77.5048502181273, 38.7396205535677], [-77.50490178749861, 38.73962270582946], [-77.50493538209933, 38.73962586494827], [-77.50493543490735, 38.73962587260393], [-77.5049681870213, 38.739632473256435], [-77.5049682546444, 38.73963249094782], [-77.50499967087552, 38.739642444260376], [-77.50500585580983, 38.739644789587594], [-77.5050387543519, 38.739660925826506], [-77.50506815754471, 38.73968077297733], [-77.50514036238091, 38.73973753436168], [-77.50516078727284, 38.739751162857445], [-77.50516082152868, 38.739751181166476], [-77.50518383715884, 38.73976204872674], [-77.50523719123339, 38.73978279011165], [-77.50549901720909, 38.73985088126435], [-77.5055596697576, 38.739874311487846], [-77.5055874001611, 38.739883713542845], [-77.50558748722537, 38.739883739507064], [-77.50561636125332, 38.73989096384078], [-77.50567115508531, 38.73990235315065], [-77.50567721394467, 38.73990391988453], [-77.5057172107313, 38.73991618816441], [-77.50571727369189, 38.7399162103204], [-77.50575533004061, 38.73993179730655], [-77.50575539632712, 38.73993182849986], [-77.50579113349026, 38.73995058953824], [-77.5057998191461, 38.739955520933606], [-77.505824080342, 38.739969909789124], [-77.50585201939509, 38.739985856881155], [-77.50588208191166, 38.73999922644613], [-77.50600757049176, 38.740047886824804], [-77.50623447677019, 38.740135634501584], [-77.50625780255076, 38.740143724260115], [-77.50628191019273, 38.74015025845968], [-77.50634937668124, 38.74016610449391], [-77.50638171443644, 38.740174913876814], [-77.50638180836508, 38.74017494260134], [-77.50641314271527, 38.74018594079591], [-77.50672843059641, 38.74030975695275], [-77.50673055748013, 38.74031059300498], [-77.50676567061124, 38.7403261790417], [-77.50679857905051, 38.74034448065654], [-77.50682893683387, 38.74036531113367], [-77.50685643178672, 38.74038845251178], [-77.50685924941162, 38.74039108092432], [-77.5068882728403, 38.74041466137713], [-77.50692114179844, 38.740434910395486], [-77.50695723921228, 38.74045144796847], [-77.50703823069696, 38.74048293091274], [-77.5075144277703, 38.74020508195567], [-77.50828981903075, 38.73975265066288], [-77.51259738069149, 38.73724061948021], [-77.51259751984537, 38.73724053776855], [-77.51258713776303, 38.73723130964453], [-77.51155260005947, 38.73631180807924], [-77.51059098992963, 38.73514560022337], [-77.50917379582327, 38.733885889690534], [-77.5077797574224, 38.73484799839712], [-77.50770414483705, 38.73490018242603], [-77.50853006108629, 38.73566359350491], [-77.5045756069117, 38.738288008874214], [-77.50358768113416, 38.73910475122488], [-77.50358773147903, 38.73910477057201], [-77.50361803608311, 38.73911655177186], [-77.50385514619497, 38.739238451690525]]]}, "properties": {"OBJECTID": 28, "ZoningDistrict": "M-1", "CaseNumber": "REZ2018-00002", "CaseName": "Brickyard", "EnergovID": "5b9b1adb-eadd-43e0-aa7f-4fe0a600d4f2", "RemainingGFA": 1602558, "ChangeTrigger": 0, "GISAcreage": 61.4653551, "MagistDist": "Coles", "GlobalID": "{B352A664-D875-423B-B6BC-4A9311638F70}", "CreateUser": null, "CreateDate": null, "LastEditUser": "RFH7157A", "LastEditDate": 1784557147000, "ProjectStatus": "Planned", "CampusName": "Digital Realty", "PlannedGFA": 1602558, "DCOOD": "Yes", "Shape.STArea()": 2677438.2073337925, "Shape.STLength()": 7473.861544460055}}, {"type": "Feature", "id": 29, "geometry": {"type": "Polygon", "coordinates": [[[-77.50606075652014, 38.72825667165621], [-77.50573508469525, 38.72879626178549], [-77.50613055449129, 38.729147600083095], [-77.50609347068601, 38.729280735411514], [-77.50657165852684, 38.73059820104458], [-77.50647964725393, 38.73066177790053], [-77.50820688840324, 38.7321961798066], [-77.50983447856267, 38.73364197061164], [-77.50987921956592, 38.73368171221563], [-77.51001488034228, 38.733802211245305], [-77.51068728547808, 38.73439946217999], [-77.51077683530646, 38.734479004723404], [-77.51111762654466, 38.734781719887984], [-77.51254013974687, 38.73563006264748], [-77.51365576242132, 38.73662093532444], [-77.5136576579625, 38.736622617964855], [-77.51483011944283, 38.735938655377296], [-77.51420187371316, 38.73452034055538], [-77.51291539393469, 38.7321882949799], [-77.5126894945404, 38.73149663008861], [-77.5126868649902, 38.731493800689016], [-77.512335619398, 38.731115997017476], [-77.51048549898204, 38.72912591997263], [-77.50973282657965, 38.72872262127871], [-77.50973236076847, 38.72872237139296], [-77.50964678498616, 38.72850845581245], [-77.50953304992973, 38.72822416505439], [-77.50966918191249, 38.726986011645906], [-77.50966927128785, 38.726985200676786], [-77.50961738676436, 38.72699205061142], [-77.5096172979936, 38.72699206607768], [-77.50956641638336, 38.727002838040086], [-77.50936704116229, 38.72709012541484], [-77.50925583992914, 38.72713646447539], [-77.50925565607872, 38.7271365358952], [-77.50914209552488, 38.72717922511617], [-77.50914191176113, 38.72717929023013], [-77.50902613995248, 38.72721826869349], [-77.50902600248527, 38.72721831257681], [-77.50890812586675, 38.72725353522966], [-77.50888870802422, 38.727258920646236], [-77.50886924213293, 38.727264203849856], [-77.5088497339678, 38.7272693830875], [-77.50884092352045, 38.72727168248318], [-77.50883996318092, 38.72727193292357], [-77.50882038701135, 38.72727695572294], [-77.50869172367487, 38.727307149011594], [-77.50869161756704, 38.727307170636934], [-77.50856147504723, 38.72733286201151], [-77.50856127211803, 38.727332899034096], [-77.50842976804545, 38.72735406696192], [-77.50842959980162, 38.727354090763995], [-77.50829698437755, 38.72737069141093], [-77.50829686228165, 38.72737070479234], [-77.50816331653618, 38.72738270635274], [-77.50808954567458, 38.7274492082553], [-77.50806949624602, 38.72745017911288], [-77.50797080365875, 38.72745347711497], [-77.50797054135279, 38.72745348300277], [-77.50787150308275, 38.72745432660514], [-77.50787131217463, 38.72745432588985], [-77.50777248038108, 38.72745270805478], [-77.50776238316718, 38.72745240454239], [-77.50772810289436, 38.727422659774476], [-77.50759554145341, 38.72741515970715], [-77.5075954472426, 38.72741515260294], [-77.50746351441151, 38.727403190972176], [-77.5074633605389, 38.72740317345247], [-77.50733227222605, 38.727386774611716], [-77.50733210809078, 38.72738675069853], [-77.50720205255475, 38.72736594237177], [-77.5072018598071, 38.72736590830599], [-77.50707310100475, 38.72734073327405], [-77.50707295651873, 38.72734070231962], [-77.50694565618276, 38.72731119348911], [-77.50694559544579, 38.727311177658876], [-77.50681995541999, 38.727277378187075], [-77.50668934955497, 38.727215672081755], [-77.50668910959178, 38.72721555923526], [-77.50668896952259, 38.727215791385035], [-77.50606075652014, 38.72825667165621]]]}, "properties": {"OBJECTID": 29, "ZoningDistrict": "M-2", "CaseNumber": "REZ2018-00001", "CaseName": "Ashwood Addition", "EnergovID": "bac2c975-6f9e-462c-a9f0-d855015bd869", "RemainingGFA": 1644498, "ChangeTrigger": 0, "GISAcreage": 85.39522666, "MagistDist": "Coles", "GlobalID": "{1B038B80-B2B9-4BDA-940B-EE9F72528033}", "CreateUser": null, "CreateDate": null, "LastEditUser": "RFH7157A", "LastEditDate": 1784557147000, "ProjectStatus": "Planned", "CampusName": "CloudHQ Manassas Data Center (MDC)", "PlannedGFA": 1644498, "DCOOD": "Yes", "Shape.STArea()": 3719899.778144842, "Shape.STLength()": 9409.961046320812}}, {"type": "Feature", "id": 30, "geometry": {"type": "MultiPolygon", "coordinates": [[[[-77.50183207569145, 38.72322714520249], [-77.50178901013504, 38.72336956371577], [-77.50189648662563, 38.72351098611061], [-77.5018967508536, 38.7235113379167], [-77.50200141425383, 38.7236540389726], [-77.50200167603302, 38.723654401568574], [-77.50210376197639, 38.72379872114328], [-77.50222494930942, 38.72397322990136], [-77.50224057868452, 38.72399675977301], [-77.50309286298227, 38.72382767790219], [-77.50309283594626, 38.72382763713098], [-77.50008740857075, 38.7194435209301], [-77.50011015628361, 38.71939836466247], [-77.50166626680074, 38.71630965226211], [-77.50115790680917, 38.71454781534899], [-77.50113846181473, 38.71448042757633], [-77.50113850766776, 38.71448043787737], [-77.50169263343601, 38.71460987002753], [-77.50223250410485, 38.71434711033579], [-77.50224249057351, 38.71434224933592], [-77.50236281363996, 38.71394765553085], [-77.50238579830983, 38.713030721011194], [-77.50256058011105, 38.71220129206833], [-77.50258560978924, 38.7120825127406], [-77.50275750753022, 38.711881893644126], [-77.5029597996946, 38.711604458471136], [-77.5029277901934, 38.7115984733509], [-77.50110963185668, 38.71125849112984], [-77.49782724773901, 38.71329007785435], [-77.49753006451853, 38.71347400503101], [-77.49779151415392, 38.71372635560134], [-77.49723037459746, 38.714712677602776], [-77.49719931807772, 38.71476726423381], [-77.49719927444352, 38.71476734224027], [-77.49688127308856, 38.714617807403776], [-77.496880977196, 38.71461766883183], [-77.49622881002601, 38.71431099393189], [-77.49559901075317, 38.714014831610804], [-77.49480912093162, 38.7136433775337], [-77.49480879900061, 38.713643868475415], [-77.49429466532204, 38.71442631198993], [-77.49395525183618, 38.714942844603215], [-77.49391839217255, 38.714998939147016], [-77.49326030630611, 38.71600041298735], [-77.49332630925707, 38.716017295702336], [-77.49486208200321, 38.716410113633444], [-77.4951458535821, 38.7164826930638], [-77.49694602025714, 38.716944554541286], [-77.49660904134126, 38.717139155149525], [-77.49660697665543, 38.717140347402115], [-77.49576378559607, 38.71732174643971], [-77.4957620946911, 38.71732211033353], [-77.49537613466912, 38.71765622454619], [-77.49537407084163, 38.71765801139068], [-77.49521855389271, 38.718539026331385], [-77.4949716276098, 38.71993783609903], [-77.494971049355, 38.719941114083916], [-77.49220815967523, 38.71841908985482], [-77.49192585095133, 38.71805557245393], [-77.49114181328235, 38.717045970652414], [-77.49113308532492, 38.71703473131968], [-77.49045906357557, 38.7166883940339], [-77.49044944258806, 38.716699741999996], [-77.48999449744181, 38.71724276021672], [-77.48997756582206, 38.71726297053141], [-77.49029634285064, 38.717685211811684], [-77.49059872295761, 38.71808573390632], [-77.49091943444532, 38.71851052700923], [-77.4913778111126, 38.719117661792104], [-77.49137825479997, 38.71911825030728], [-77.48960348776475, 38.72044990629804], [-77.48960452024083, 38.72045033142496], [-77.4909186825457, 38.7209919161783], [-77.49092383351994, 38.72098428741591], [-77.4914267695638, 38.72023956155184], [-77.49144111631584, 38.720245507668984], [-77.49383113647741, 38.721236050727896], [-77.4938738886538, 38.72125376858428], [-77.49404657351434, 38.72119323467605], [-77.49414591873126, 38.72116080757711], [-77.49414603422241, 38.72116077253176], [-77.49424727569749, 38.72113245809726], [-77.49424745228286, 38.72113241276514], [-77.49435037197513, 38.72110826137195], [-77.49435044579359, 38.72110824578898], [-77.49445493176621, 38.72108828620248], [-77.4944550159083, 38.72108827250985], [-77.49456067372621, 38.72107258692856], [-77.49456084767145, 38.721072565898076], [-77.49466731097624, 38.721061202527814], [-77.49466742496452, 38.72106119269474], [-77.49477456021383, 38.72105416300049], [-77.49488621289406, 38.721051478342964], [-77.49499772737411, 38.72105349788658], [-77.49499788943024, 38.72105350468193], [-77.4951091116997, 38.72106022350233], [-77.49510926448139, 38.72106023562347], [-77.49521987512466, 38.721071634765856], [-77.49522001519483, 38.721071651282514], [-77.49532972020617, 38.721087703902924], [-77.49532982233072, 38.72108772009409], [-77.49543832559254, 38.7211083858178], [-77.4954383645749, 38.72110839426027], [-77.49554529557939, 38.72113360685032], [-77.49554533109952, 38.72113361616399], [-77.49565032312661, 38.72116328509229], [-77.49565040785228, 38.72116331194505], [-77.49575315171144, 38.72119734447504], [-77.49575329360376, 38.72119739524151], [-77.495853534109, 38.72123570180309], [-77.49585368847401, 38.721235765289165], [-77.49595118081137, 38.72127825460001], [-77.49595130191824, 38.72127831149455], [-77.49604576484042, 38.72132486583433], [-77.49604585388924, 38.72132491254405], [-77.49613706686354, 38.721375430929776], [-77.49682890802494, 38.72178093508669], [-77.497079848409, 38.7217526176548], [-77.49708092677855, 38.721751488124816], [-77.4981789194363, 38.7206017854302], [-77.49791922652432, 38.72040774428359], [-77.497837473102, 38.72034949091686], [-77.49783735119684, 38.720349408791726], [-77.49775229921697, 38.72029432721192], [-77.49775218407305, 38.72029425505461], [-77.49766389520997, 38.72024237551257], [-77.49757061367505, 38.72019021444866], [-77.4973097848378, 38.72000388305446], [-77.49718322390716, 38.719933112236866], [-77.49706846825394, 38.71994799075403], [-77.49706788759762, 38.71994806686679], [-77.49697660892419, 38.720026601461356], [-77.49697651934268, 38.72002667547072], [-77.49688021759319, 38.72010139665411], [-77.49688009676436, 38.7201014848106], [-77.49677898123733, 38.72017222769273], [-77.49677887560765, 38.7201722979609], [-77.49667312531906, 38.72023892532098], [-77.49663397710826, 38.72035169130694], [-77.49663339359974, 38.72035337282823], [-77.49653508220733, 38.72040442563405], [-77.49653115061109, 38.72040646858078], [-77.49638110608525, 38.72039038420151], [-77.49633006051512, 38.720412596964], [-77.49631299339771, 38.72041976622958], [-77.49628716931639, 38.72043037676574], [-77.4962870502019, 38.72043042439501], [-77.49627852787496, 38.720433863172545], [-77.49619563631505, 38.72046572849922], [-77.49611136801578, 38.72049529544423], [-77.49611101794798, 38.720495411366294], [-77.49605748244403, 38.72051276565284], [-77.49605706084576, 38.7205128980793], [-77.49600311544677, 38.72052929746039], [-77.49600262124352, 38.72052944097657], [-77.49589582966712, 38.72055878775792], [-77.49589570501661, 38.72055882002378], [-77.49578743120236, 38.720584528713246], [-77.49578727316803, 38.72058456339561], [-77.49567770634975, 38.72060658966413], [-77.49567752649315, 38.72060662235749], [-77.4955668177716, 38.72062493506337], [-77.49556666796224, 38.72062495720309], [-77.49545502948229, 38.720639518521345], [-77.4954549039458, 38.72063953185986], [-77.49534244181376, 38.72065032107541], [-77.4953410626161, 38.720650428171794], [-77.49524484468604, 38.72065657449405], [-77.49524465135794, 38.72065658364734], [-77.4951482203454, 38.72065995413783], [-77.49514801558159, 38.72065995868835], [-77.49505128762067, 38.72066054812256], [-77.49504953296642, 38.72066053037167], [-77.49503989733529, 38.72066043151825], [-77.4950398018966, 38.720660430699745], [-77.4949435451665, 38.720657912316724], [-77.49494327507439, 38.720657900990965], [-77.49484747067737, 38.72065264041151], [-77.49484546698993, 38.72065250340206], [-77.49476725286375, 38.72064610262773], [-77.49476696230086, 38.72064607490946], [-77.49468931954593, 38.72063787805001], [-77.49465417453342, 38.72063128451867], [-77.4946541309897, 38.72063127333405], [-77.4946209880809, 38.72062007706362], [-77.49462094806239, 38.72062006050377], [-77.49459083118866, 38.7206046423603], [-77.4945907308823, 38.72060457843543], [-77.4945643278312, 38.720585261445606], [-77.49456429831264, 38.720585234164815], [-77.49455290894866, 38.72057444378811], [-77.49454252671829, 38.72056268117216], [-77.4945425074729, 38.72056265938499], [-77.49453363154316, 38.72055048293652], [-77.49452597601865, 38.72053750445545], [-77.4945198780141, 38.72052427952387], [-77.49451518487396, 38.72051049333838], [-77.4945151750164, 38.72051045811798], [-77.49451205026637, 38.72049656547352], [-77.49451044843609, 38.720482416135276], [-77.49451040864714, 38.72046823176473], [-77.4945119214882, 38.7204541282452], [-77.49451499782448, 38.720440092922246], [-77.49451955209034, 38.72042646527395], [-77.49451956635467, 38.7204264320624], [-77.49452568196358, 38.72041298667756], [-77.49453311864015, 38.720400224432936], [-77.49453313277851, 38.720400200229484], [-77.4945421197444, 38.720387745010086], [-77.49455222848485, 38.72037618164498], [-77.49457629282676, 38.72035507691442], [-77.49457632770034, 38.72035505018612], [-77.4946046295861, 38.72033749538812], [-77.49463639283559, 38.72032397936502], [-77.4946706167427, 38.72031492867186], [-77.49467066633773, 38.72031491828631], [-77.49470632949331, 38.72031059533436], [-77.49474242170325, 38.7203111184854], [-77.49474246306038, 38.72031112154294], [-77.49477789322991, 38.72031647332825], [-77.4947779459723, 38.72031648459173], [-77.49481173625476, 38.720326525990686], [-77.4948118426502, 38.72032656564284], [-77.49484279291006, 38.72034093500405], [-77.49484282941597, 38.720340956038314], [-77.49487027853452, 38.72035931525456], [-77.49487031039067, 38.720359339852564], [-77.49488231764258, 38.720369735042915], [-77.49489337135839, 38.72038113896538], [-77.49490926262156, 38.720402325214806], [-77.49491560843178, 38.720413471082374], [-77.49492095448885, 38.720425129527605], [-77.49492325249166, 38.72043012085426], [-77.49492598968303, 38.720434885509775], [-77.4949260054286, 38.72043491087056], [-77.49493288160035, 38.72044393848483], [-77.49493290989366, 38.720443971160535], [-77.49494147343208, 38.72045207088714], [-77.49494150298855, 38.7204520954654], [-77.49495158381937, 38.72045909376995], [-77.49496287100156, 38.720464775368576], [-77.49496291786888, 38.7204647955907], [-77.49497517369143, 38.72046905393776], [-77.49497522982055, 38.720469069734776], [-77.49498818534965, 38.72047181062982], [-77.49498823470556, 38.72047181735958], [-77.495001621792, 38.72047297273561], [-77.49504884284076, 38.72047380926032], [-77.49505249676932, 38.72047123063837], [-77.49515689825218, 38.72039756600366], [-77.49515762667964, 38.72039753170878], [-77.49527934037704, 38.720391749117354], [-77.49539836500041, 38.72045720323193], [-77.49552050322102, 38.72044178060619], [-77.49552067146551, 38.72044175592179], [-77.4956414612925, 38.72042143143065], [-77.49564156506922, 38.720421411599034], [-77.49576091073881, 38.720396206048235], [-77.49576101226612, 38.72039618259358], [-77.49587853665727, 38.72036617113589], [-77.49587868789256, 38.72036612918782], [-77.49599402043316, 38.7203314122592], [-77.49610705266512, 38.72029201416289], [-77.4961071937023, 38.72029196131613], [-77.49621733277573, 38.72024808869583], [-77.49621744730312, 38.72024804012639], [-77.49632456241407, 38.72019975313236], [-77.49632466544277, 38.720199704464335], [-77.49642845690455, 38.72014713387399], [-77.4964285913186, 38.72014706114991], [-77.4965287381969, 38.720090377199824], [-77.49654007765551, 38.720083580484], [-77.49663591887084, 38.72002243966961], [-77.49663603961186, 38.720022357819055], [-77.49672760857787, 38.719957498297966], [-77.4968148716951, 38.71988893781092], [-77.49681499269956, 38.71988883704318], [-77.49689750454806, 38.71981693215349], [-77.49689757211894, 38.719816869667724], [-77.49697527329288, 38.719741674832875], [-77.49697535843791, 38.719741589073635], [-77.49704797614613, 38.71966336954069], [-77.4970480485925, 38.719663287276326], [-77.49711541126489, 38.71958222447239], [-77.49711548267433, 38.71958213409087], [-77.49717740427968, 38.7194984570676], [-77.49717747233989, 38.719498359450064], [-77.49723378647253, 38.71941229202127], [-77.49723383705883, 38.719412210470615], [-77.4972844074754, 38.719323957788475], [-77.4972844689, 38.7193238411948], [-77.49732913289495, 38.71923369196961], [-77.49732915656998, 38.71923364352264], [-77.49736784095055, 38.71914173497512], [-77.49736788508956, 38.719141620936234], [-77.49740043633506, 38.71904832563935], [-77.49742681404197, 38.71895373874949], [-77.49742684823407, 38.718953595796116], [-77.49744692377428, 38.71885820181136], [-77.49764333206998, 38.71774664315685], [-77.49765712665362, 38.71765020798232], [-77.49765714105922, 38.71765008197702], [-77.49766453461734, 38.71755334248955], [-77.49766453640748, 38.71755329655805], [-77.49766552133882, 38.71745630494685], [-77.49766551929548, 38.71745620402656], [-77.49766009236393, 38.717359359370555], [-77.49766008230961, 38.717359255679], [-77.49764826137519, 38.71726276353916], [-77.4976482508689, 38.71726269227676], [-77.49763005581461, 38.71716677805059], [-77.49763002768984, 38.71716665078052], [-77.49760553308133, 38.71707165925344], [-77.49748548737395, 38.71700736796061], [-77.49744940607138, 38.71691552056689], [-77.4975025419366, 38.7168094731569], [-77.49750526393706, 38.71680864147408], [-77.49760564302241, 38.71677796990697], [-77.49761111385637, 38.71677347337864], [-77.49761211964669, 38.71677267746304], [-77.49761565683893, 38.71677012118687], [-77.49764043201287, 38.71675479319206], [-77.4976404760569, 38.71675476834313], [-77.49766760004259, 38.71674219922663], [-77.49767017261243, 38.71674119779013], [-77.49767275976558, 38.71674022260487], [-77.49767536267689, 38.71673927187916], [-77.49767798020913, 38.71673834470233], [-77.49768061232466, 38.71673744377682], [-77.49768325673647, 38.71673656818216], [-77.49768591689383, 38.71673571794781], [-77.49769349219326, 38.71673344306322], [-77.49769860233687, 38.71673205341482], [-77.49773066063426, 38.716725841927754], [-77.49773610658546, 38.71672519300208], [-77.49777062326321, 38.7167236981175], [-77.4978049320177, 38.716726643871596], [-77.49780498595794, 38.71672665154026], [-77.49783823454669, 38.7167339657779], [-77.49783826546582, 38.71673397505153], [-77.49786956644601, 38.71674547090093], [-77.49789800111269, 38.71676081167149], [-77.49789803530551, 38.71676083358594], [-77.49792287227375, 38.716779608512624], [-77.49792290861559, 38.71677964125648], [-77.49794350362451, 38.71680137635446], [-77.49795195883077, 38.71681306312362], [-77.4979592933411, 38.716825483914434], [-77.49796518807135, 38.71683810670242], [-77.49796980472209, 38.7168512508706], [-77.49796981463105, 38.71685128248745], [-77.49797299822765, 38.71686453224777], [-77.49797479595344, 38.71687804000917], [-77.49797479882555, 38.71687808147596], [-77.49797516827024, 38.71689162190232], [-77.49797411843439, 38.71690512662298], [-77.49797411453314, 38.71690515902268], [-77.49797163065473, 38.71691863401122], [-77.49796777655034, 38.71693178280764], [-77.49796249466657, 38.716944779734746], [-77.49795597015888, 38.71695719944528], [-77.49795595131023, 38.71695723171714], [-77.49794800963242, 38.71696939387646], [-77.49793899500246, 38.716980783556544], [-77.49793896460547, 38.71698081933332], [-77.4979172865664, 38.71700189921181], [-77.4978914709678, 38.71701992922892], [-77.49788099933257, 38.71702721008207], [-77.49787214846324, 38.71703569310686], [-77.49787212506546, 38.71703572173611], [-77.4978684144831, 38.717040304356814], [-77.49786512099932, 38.71704519534838], [-77.49786510451294, 38.717045223135834], [-77.49786237314628, 38.71705021245262], [-77.49786012323598, 38.71705543658408], [-77.49786010767345, 38.71705548059593], [-77.49785842190373, 38.71706076383432], [-77.49785726760638, 38.717066188041635], [-77.49785726126737, 38.71706623033059], [-77.49785666998609, 38.71707168571281], [-77.49785663616424, 38.717077172940236], [-77.49785663695006, 38.71707719907359], [-77.49785716879725, 38.71708269302016], [-77.4978582535987, 38.717088104999114], [-77.49787499105422, 38.71716105853931], [-77.49788836363724, 38.71723443646009], [-77.49789835772063, 38.71730814314878], [-77.49800264049286, 38.71739622759525], [-77.49804018495642, 38.71742793932851], [-77.49804134767324, 38.71742892136136], [-77.49804120767195, 38.71755246574363], [-77.49789794440686, 38.7176730438177], [-77.49788274262974, 38.717776326571624], [-77.49778253493506, 38.71834320543496], [-77.49776245087759, 38.718456829480814], [-77.4978370783274, 38.71855500472627], [-77.49782025385377, 38.718650186939975], [-77.49771437684376, 38.7187287783367], [-77.4976871717722, 38.71888268094409], [-77.49766656856787, 38.7189814678139], [-77.49766653557623, 38.71898160717394], [-77.49763981383686, 38.719079529972646], [-77.49763978369722, 38.71907962971668], [-77.49760699364343, 38.71917646634331], [-77.49760697454286, 38.7191765166313], [-77.49756823604527, 38.71927191584763], [-77.4975681826073, 38.71927203701433], [-77.49752353956983, 38.71936590008943], [-77.49752350644505, 38.71936596647394], [-77.49747310706108, 38.719457973041585], [-77.49747304462498, 38.71945807971659], [-77.49741699491172, 38.71954804779039], [-77.49741692091422, 38.71954815887108], [-77.49735527275456, 38.719635995191666], [-77.49737468934492, 38.719726300839326], [-77.49787972720063, 38.720008745110356], [-77.49798177781301, 38.720068717995844], [-77.49798190323017, 38.72006879564629], [-77.49808023375385, 38.72013248535016], [-77.49808034197362, 38.72013255924981], [-77.49817482919572, 38.72019989535718], [-77.49818528078976, 38.7202077055752], [-77.49840226424084, 38.72036985348302], [-77.49951957846265, 38.7212047836473], [-77.49951715880553, 38.721206770231696], [-77.49969894653934, 38.72134517689249], [-77.49969923666266, 38.72134540189563], [-77.49987767864329, 38.72148644822488], [-77.4998779663678, 38.72148668041438], [-77.50005305684581, 38.721630366378086], [-77.50005328762859, 38.72163055844089], [-77.50022513675152, 38.72177698499554], [-77.50022523450173, 38.72177706781296], [-77.50040908237604, 38.72194013278721], [-77.5004092391069, 38.72194027466719], [-77.50058873917725, 38.72210618158942], [-77.50058895825129, 38.722106388866834], [-77.50076402651881, 38.72227505775974], [-77.50076431241106, 38.72227533948182], [-77.50093499769723, 38.7224468149262], [-77.50093523354616, 38.72244705658075], [-77.5011015198034, 38.72262133395427], [-77.5011016467274, 38.72262146927275], [-77.50126348624742, 38.722798504943455], [-77.50126693911967, 38.72280236326738], [-77.50126701046239, 38.72280244315608], [-77.50126706369444, 38.72280250216931], [-77.50131679681138, 38.72285857654508], [-77.50134045148558, 38.72288552094535], [-77.50143106125648, 38.72299040482505], [-77.50143142563348, 38.72299083226175], [-77.50152078861267, 38.72309698834825], [-77.50170313518325, 38.72312840459148], [-77.50170325794787, 38.723128425457475], [-77.50173876644463, 38.72311095466998], [-77.50173887067375, 38.72311090240384], [-77.50183207569145, 38.72322714520249]]], [[[-77.49747187328002, 38.72346887231186], [-77.49753127968602, 38.72352953654896], [-77.49753136933597, 38.72352962290299], [-77.49759577650329, 38.72358721631648], [-77.4976647347959, 38.7236413242343], [-77.49766483838319, 38.72364140079736], [-77.49773824755076, 38.72369195478525], [-77.49886512558513, 38.72441836385081], [-77.49916039418176, 38.72460869736122], [-77.49921203201224, 38.724598453496995], [-77.50185779728297, 38.724073551828425], [-77.50188029795876, 38.7240690884439], [-77.50182612691299, 38.72395574311665], [-77.50180808888148, 38.723929770107176], [-77.50166031031681, 38.72372268336294], [-77.50166011730822, 38.72372242045287], [-77.50150653100856, 38.723518293982266], [-77.50132298642657, 38.72348289599364], [-77.50128529744003, 38.72350142286626], [-77.50119321205457, 38.723386579291976], [-77.50123261796725, 38.72324003873464], [-77.50109668089183, 38.7230914928073], [-77.50096411450728, 38.72294108802922], [-77.50083496298537, 38.72278887253689], [-77.50079898681612, 38.72274729568816], [-77.50079892914756, 38.72274722492492], [-77.5007667948623, 38.72270385736927], [-77.50076674751793, 38.72270378849588], [-77.50073854288885, 38.72265876882513], [-77.50070846429443, 38.7226123025107], [-77.50070841916231, 38.72261223996255], [-77.50067376443046, 38.7225678571746], [-77.50067370671213, 38.72256779001459], [-77.50063466250148, 38.72252571396648], [-77.50046632554985, 38.72235940775391], [-77.50029368365765, 38.722195833078516], [-77.5001058078544, 38.722182984877975], [-77.50007177566894, 38.72220627237827], [-77.49995782069084, 38.72210406210298], [-77.49996748237758, 38.721954431987136], [-77.49980883325112, 38.72181933504393], [-77.49964715338095, 38.721686462495036], [-77.49948249047476, 38.721555857078535], [-77.49931801826257, 38.72139406870657], [-77.49871162285383, 38.720940985153796], [-77.49846483379399, 38.720962385553975], [-77.49762733677184, 38.721839323456386], [-77.49762708469318, 38.72183958707067], [-77.49755053062445, 38.72191974537501], [-77.49752812431376, 38.72194320727548], [-77.49747617396791, 38.72199760166626], [-77.4974312900621, 38.72204459869993], [-77.49749007961431, 38.72207905633462], [-77.49743574670053, 38.72213985566502], [-77.49743571977591, 38.72213988966954], [-77.49738640919246, 38.722203227486474], [-77.49738636696758, 38.72220328658576], [-77.49734226958317, 38.722268918578145], [-77.49734222017, 38.722268998336965], [-77.49730349345866, 38.72233668351133], [-77.49730345326968, 38.722336761547226], [-77.49727026111019, 38.72240621211658], [-77.49727022070759, 38.722406305466244], [-77.49724269107013, 38.72247725225502], [-77.49724265631642, 38.72247735286035], [-77.49722089056212, 38.72254953817655], [-77.49722086868324, 38.72254962267551], [-77.49720495830273, 38.72262275450702], [-77.4972049446992, 38.72262282286034], [-77.49719495202241, 38.722696638674954], [-77.4971949493332, 38.72269666658036], [-77.4971909212454, 38.72277085686522], [-77.49719288813861, 38.72284522277812], [-77.49719288886142, 38.7228452534155], [-77.49720084923685, 38.72291932646635], [-77.4972008596807, 38.72291940223274], [-77.49721478131401, 38.72299293799585], [-77.49721479758273, 38.72299300840659], [-77.49723461944417, 38.723065683829205], [-77.4972346491852, 38.72306577777905], [-77.49726029126792, 38.7231373110873], [-77.49726033348215, 38.72313741775673], [-77.49729170508985, 38.72320755140933], [-77.49729174981745, 38.723207642784686], [-77.49732871485895, 38.72327607560717], [-77.49732876989809, 38.723276169773484], [-77.49737120067581, 38.723342658321236], [-77.49737124801742, 38.72334272719599], [-77.49741898147352, 38.72340700700033], [-77.49741901311833, 38.723407046911404], [-77.49747187328002, 38.72346887231186]]]]}, "properties": {"OBJECTID": 30, "ZoningDistrict": "M/T PBD", "CaseNumber": "PLN2011-00437", "CaseName": "Airport Gateway Commerce Center I", "EnergovID": "9ad88838-f931-4013-b253-716e33117c14", "RemainingGFA": 1518452, "ChangeTrigger": 0, "GISAcreage": 178.44594229, "MagistDist": "Coles", "GlobalID": "{832B1012-C98E-4FF5-A346-A935DB31C9D1}", "CreateUser": null, "CreateDate": null, "LastEditUser": "RFH7157A", "LastEditDate": 1784557147000, "ProjectStatus": "Planned", "CampusName": "CloudHQ Manassas Corporate Center (MCC)", "PlannedGFA": 2326576, "DCOOD": "Yes", "Shape.STArea()": 7773170.095701173, "Shape.STLength()": 29362.42986873327}}, {"type": "Feature", "id": 31, "geometry": {"type": "Polygon", "coordinates": [[[-77.52864192398522, 38.74518688728083], [-77.52876081723929, 38.74533339545548], [-77.52879183877151, 38.745547043708314], [-77.52886811142194, 38.74568302375471], [-77.52906848146526, 38.74585494373339], [-77.52933139374942, 38.745940068729006], [-77.52972338769251, 38.74637039276243], [-77.52979068981952, 38.74649119597118], [-77.529800879202, 38.74666737922044], [-77.52980094092082, 38.74666732387487], [-77.52981890347999, 38.74665087058673], [-77.52985929769179, 38.745158440522744], [-77.52986223856678, 38.74515849008745], [-77.53146638548805, 38.74518511307784], [-77.53146906651546, 38.745185152347005], [-77.53146912632903, 38.745185152841216], [-77.53146976567147, 38.745118739487985], [-77.53148180100077, 38.74468316007953], [-77.5314562914435, 38.744581195195636], [-77.53145626545157, 38.744581075159935], [-77.5314371676638, 38.74447837945593], [-77.53143715704725, 38.74447831360183], [-77.53142448046833, 38.74437495292538], [-77.53142447244359, 38.74437486547088], [-77.53141826098748, 38.74427116451457], [-77.53141825514457, 38.744271000500746], [-77.53141851390748, 38.74416726201346], [-77.53143788959225, 38.743591923811984], [-77.5314260855306, 38.74359168122907], [-77.5314256921137, 38.743591680681], [-77.531443979597, 38.74304723462103], [-77.53144623428784, 38.7429147123182], [-77.53144623451428, 38.74291443934442], [-77.5314441119008, 38.74278218897966], [-77.53144410530822, 38.74278199522962], [-77.53143761128302, 38.74264975198382], [-77.53125358777648, 38.7425570375576], [-77.53125001842415, 38.74252825462124], [-77.52998228008741, 38.74255452569506], [-77.5299819717073, 38.742554532152184], [-77.52988681474424, 38.74255787621991], [-77.52987727871204, 38.74255836216734], [-77.52986774461546, 38.742558875157336], [-77.52985821245449, 38.7425594151899], [-77.52984868336725, 38.7425599831753], [-77.52983915851605, 38.742560578222296], [-77.52983015950912, 38.742561163206275], [-77.52982260518125, 38.742561674560434], [-77.52982116362443, 38.74256177253991], [-77.529785208996, 38.74256445425362], [-77.52965622574138, 38.74257736689256], [-77.52965607710782, 38.74257738458125], [-77.52952808196623, 38.7425953242288], [-77.52952792978463, 38.74259534909527], [-77.52940108741807, 38.74261830180276], [-77.52927602280155, 38.74264615563173], [-77.52927586929928, 38.74264619309966], [-77.52915270944432, 38.74267891126943], [-77.52915258587194, 38.742678947183244], [-77.52903154424048, 38.74271648011627], [-77.52891318333006, 38.74275865770292], [-77.52891305151125, 38.742758707962714], [-77.52879751481943, 38.742805465633474], [-77.52879739910355, 38.742805516026586], [-77.52868487270031, 38.74285678866426], [-77.52857589013497, 38.742912335651944], [-77.52857576382335, 38.74291240397522], [-77.52847043876828, 38.742972155092865], [-77.52847033555831, 38.742972216400226], [-77.52836885218056, 38.743036077687705], [-77.52827167337087, 38.74310376019667], [-77.52827157345294, 38.743103833242955], [-77.52817884806858, 38.74317521749609], [-77.52817873639245, 38.74317530936394], [-77.52809057122768, 38.74325032418425], [-77.52799276246249, 38.74333784288177], [-77.52815145789194, 38.74369535419218], [-77.52815148359241, 38.743695410261694], [-77.52822250375236, 38.74385540425541], [-77.52825318046949, 38.744062311972584], [-77.52832847675852, 38.744282341024075], [-77.52841402350238, 38.744694906405236], [-77.52864192398522, 38.74518688728083]]]}, "properties": {"OBJECTID": 31, "ZoningDistrict": "PBD", "CaseNumber": "PLN2007-00535", "CaseName": "Innovation at PW", "EnergovID": "65a47980-e01f-4e3d-bc5c-e3f7c6c096f4", "RemainingGFA": 0, "ChangeTrigger": 0, "GISAcreage": 21.14218871, "MagistDist": "Brentsville", "GlobalID": "{DB1E8CA1-CDFB-43F9-B551-A8D79EBBEC84}", "CreateUser": null, "CreateDate": null, "LastEditUser": "RFH7157A", "LastEditDate": 1784557147000, "ProjectStatus": "Completed", "CampusName": "Amazon Thomasson Barn", "PlannedGFA": 352530, "DCOOD": "Yes", "Shape.STArea()": 920879.4723041202, "Shape.STLength()": 4396.873574635842}}, {"type": "Feature", "id": 32, "geometry": {"type": "Polygon", "coordinates": [[[-77.40917795205227, 38.6336787381887], [-77.41170302532781, 38.634538585492685], [-77.41245403920281, 38.63479456341003], [-77.41340353317649, 38.63511818589942], [-77.41340378422055, 38.635117762985814], [-77.41370776541252, 38.63460119565797], [-77.41421287466984, 38.63374282499217], [-77.41476368023247, 38.632805007394104], [-77.4147847010601, 38.63276925654481], [-77.4149257742078, 38.63252932574196], [-77.41557177297119, 38.631430624576176], [-77.4156304409335, 38.631330836606075], [-77.41586708765881, 38.63092834130962], [-77.41593708970451, 38.630809278920374], [-77.4160726291771, 38.630578745443636], [-77.4161016017613, 38.63052946648518], [-77.41610197658413, 38.63052883028793], [-77.41594995626578, 38.63047716318312], [-77.41529185695286, 38.630222001760444], [-77.41527924342824, 38.63021803332251], [-77.41491604439966, 38.6300803692324], [-77.41465040401083, 38.62998755316656], [-77.41452343831365, 38.62994160147729], [-77.4142613296529, 38.62985868529384], [-77.4142582413574, 38.629864385733434], [-77.41424068911427, 38.6298585902003], [-77.41416007347269, 38.62983050495818], [-77.41351558864885, 38.62958630436721], [-77.4132202681843, 38.62946367927502], [-77.41295649233517, 38.62935552907413], [-77.41291768072342, 38.62933557215942], [-77.41282438644944, 38.62928761054392], [-77.41207806663054, 38.62890391250314], [-77.4112845009168, 38.6285004178293], [-77.41114940262743, 38.629051173915464], [-77.41057380647382, 38.62982810645598], [-77.4104099377982, 38.63028989601564], [-77.41026522137253, 38.63026674845759], [-77.4100498231127, 38.6302279759917], [-77.41004775223243, 38.63022759722854], [-77.40987692765361, 38.630905410530346], [-77.40984977386603, 38.631013153572816], [-77.40983707840263, 38.63106354034782], [-77.40975881583499, 38.631374062594915], [-77.40967935247187, 38.631689353091495], [-77.40960110426481, 38.631999823090815], [-77.40944370155314, 38.632624348314216], [-77.4093697186679, 38.63291789042663], [-77.40932274891722, 38.63310424867025], [-77.40917795205227, 38.6336787381887]]]}, "properties": {"OBJECTID": 32, "ZoningDistrict": "M-2 M/T", "CaseNumber": "REZ2024-00006", "CaseName": "Mid-County Industrial Park", "EnergovID": "3dd0c08d-d7fa-483c-8e0f-1913eb303cd0", "RemainingGFA": 664715, "ChangeTrigger": 0, "GISAcreage": 64.10638864, "MagistDist": "Coles", "GlobalID": "{9CEEB08C-7246-4713-A1CB-BFD6FD509C54}", "CreateUser": null, "CreateDate": null, "LastEditUser": "RFH7157A", "LastEditDate": 1784557147000, "ProjectStatus": "Planned", "CampusName": "Amazon Colchester Industrial Park", "PlannedGFA": 664715, "DCOOD": "Yes", "Shape.STArea()": 2792474.09396783, "Shape.STLength()": 6817.602153727249}}, {"type": "Feature", "id": 33, "geometry": {"type": "Polygon", "coordinates": [[[-77.43542476336636, 38.64411156430903], [-77.43834211434233, 38.645849736488394], [-77.43805724766227, 38.646384760423985], [-77.43801927973415, 38.646452390751286], [-77.43738070851212, 38.64758978892244], [-77.44009232015391, 38.647223867132375], [-77.44011106851526, 38.64722133588131], [-77.44317382920492, 38.64684649436837], [-77.44318465108636, 38.646845170393455], [-77.4436620162479, 38.64678276844113], [-77.44393115608719, 38.646747583697106], [-77.44383233626603, 38.6464225281037], [-77.44381010518441, 38.64619412669636], [-77.44378193228988, 38.6459043548422], [-77.44353086534242, 38.645149721739344], [-77.44334039815347, 38.644789073969726], [-77.4426971234267, 38.64403658346692], [-77.4421640571321, 38.643509407703995], [-77.4418891471559, 38.6434387274205], [-77.44186759011815, 38.64345836397156], [-77.44170319321289, 38.64360811079182], [-77.44169934546164, 38.64360658134913], [-77.44149905023491, 38.64352696264384], [-77.44116409159179, 38.64325228893993], [-77.44097672331617, 38.64273412542902], [-77.43998090738256, 38.64204161816863], [-77.43985118283184, 38.641991952143], [-77.43956373556112, 38.642089405500634], [-77.43925615734052, 38.64177896012404], [-77.4392010274441, 38.641617044950934], [-77.438899250174, 38.64147185966505], [-77.43843089057626, 38.64105538523546], [-77.43809592221541, 38.640834493717705], [-77.43794853623538, 38.640737301210514], [-77.43793318353242, 38.64075162195425], [-77.43777954788648, 38.64089492739937], [-77.43776768773947, 38.640890763745034], [-77.43754690265627, 38.64081326038132], [-77.43733252410807, 38.64067188871946], [-77.4373985903225, 38.64048226540601], [-77.43722440972697, 38.640367400967826], [-77.43662131809492, 38.63990327929566], [-77.4364098409986, 38.639740531357546], [-77.43598157480432, 38.63947790212003], [-77.4357875986982, 38.63985022071631], [-77.43416410520767, 38.6420620663172], [-77.4341059681368, 38.642141270823316], [-77.4341032270536, 38.64214500547601], [-77.43346924589385, 38.64291503175907], [-77.43347369621264, 38.642914256960104], [-77.43347702934726, 38.64291367649452], [-77.43392256862498, 38.64283610935993], [-77.43392242570181, 38.64283676213905], [-77.43384938264563, 38.643172878220966], [-77.43542476336636, 38.64411156430903]]]}, "properties": {"OBJECTID": 33, "ZoningDistrict": "PBD", "CaseNumber": "REZ2023-00028", "CaseName": "Parson Business Park", "EnergovID": "f202a52f-d21d-48eb-ab3e-8577eaaaff93", "RemainingGFA": 1096340, "ChangeTrigger": 0, "GISAcreage": 96.89923712, "MagistDist": "Coles", "GlobalID": "{BDCF10A0-3133-4111-8F05-D19737BC1F2B}", "CreateUser": null, "CreateDate": null, "LastEditUser": "RFH7157A", "LastEditDate": 1784557147000, "ProjectStatus": "Planned", "CampusName": "Amazon Parsons Business Park", "PlannedGFA": 1876409, "DCOOD": "Yes", "Shape.STArea()": 4220930.768736515, "Shape.STLength()": 9819.647616100885}}, {"type": "Feature", "id": 34, "geometry": {"type": "MultiPolygon", "coordinates": [[[[-77.61438423767973, 38.799091500157154], [-77.61446096291242, 38.79909807117695], [-77.61479423000335, 38.798890205085314], [-77.61479735662235, 38.7988882548273], [-77.6146637186628, 38.79883733791364], [-77.61466359374464, 38.798837291926375], [-77.61452721271856, 38.79879131355549], [-77.61452702922622, 38.79879125631525], [-77.61438813109473, 38.79875028214692], [-77.6143879784943, 38.79875024045478], [-77.61424677201599, 38.79871433061453], [-77.61424667789005, 38.79871430828247], [-77.61410343958273, 38.79868353602085], [-77.61393709509302, 38.79865098007001], [-77.61438423767973, 38.799091500157154]]], [[[-77.60744620510826, 38.80071227026349], [-77.60744240876933, 38.80071435757224], [-77.60729470378023, 38.80161822794192], [-77.6072921431642, 38.8016338974667], [-77.60734289171472, 38.801649741107404], [-77.60850917972316, 38.80207619940966], [-77.60879907160331, 38.80219058082783], [-77.60937049608096, 38.80249949329034], [-77.60970343921112, 38.802649081729655], [-77.60972916374793, 38.80267695769687], [-77.6102554475673, 38.80289924585438], [-77.61025585871515, 38.802899421042554], [-77.61077880120666, 38.803126081422015], [-77.61077942870705, 38.803126357346116], [-77.61129937574923, 38.80335754215788], [-77.61129981541487, 38.803357739179724], [-77.61181695247978, 38.803593538154686], [-77.61233033849578, 38.8038335270983], [-77.61233077689351, 38.80383373401646], [-77.6128405403289, 38.80407795628825], [-77.6128412315904, 38.80407829124112], [-77.6133477707669, 38.804326940885076], [-77.61334825594798, 38.80432718238673], [-77.61385179169908, 38.804580375525326], [-77.61391108270526, 38.80448854885622], [-77.61391112256902, 38.80448849059951], [-77.61397642799439, 38.804399274154115], [-77.61397650520821, 38.80439917473853], [-77.61404765185739, 38.80431279422333], [-77.61404775814034, 38.8043126716041], [-77.61412455560827, 38.80422934809052], [-77.6141246442339, 38.80422925686905], [-77.61420693149913, 38.80414916300223], [-77.6142070409575, 38.80414906292906], [-77.614294553466, 38.804072457958355], [-77.61429463257048, 38.804072391889726], [-77.61438718174504, 38.80399944284647], [-77.61438723867649, 38.80399940093444], [-77.61448456287252, 38.80393031844185], [-77.61464858501789, 38.80381752087054], [-77.61475403582214, 38.80370826936342], [-77.61475424685517, 38.80370805474231], [-77.61486229306784, 38.80360071098597], [-77.61494003518328, 38.80352860203116], [-77.61502147944677, 38.80345904164049], [-77.61510649089625, 38.803392144102254], [-77.6151949265353, 38.803328021842496], [-77.61686559039693, 38.802195180414316], [-77.61711815883979, 38.802024466488845], [-77.61737140925217, 38.80185437065858], [-77.61737541878422, 38.80185168554326], [-77.61772756020244, 38.80161593284687], [-77.61773794952605, 38.801527618393095], [-77.61640026667101, 38.80024224924849], [-77.61594289223689, 38.79980207531185], [-77.6155249142273, 38.80006824491964], [-77.61551752508565, 38.80007295041345], [-77.614952668882, 38.79953919385599], [-77.61538677495436, 38.799256097630995], [-77.61522096085275, 38.79909330309823], [-77.61521158112107, 38.79908409552419], [-77.61513746029347, 38.799011324693], [-77.61510052887768, 38.799027463042854], [-77.61510040937881, 38.799027537816215], [-77.61435372007121, 38.799493262379634], [-77.61417110496905, 38.79931397123921], [-77.61417667386488, 38.79927538671276], [-77.61417673930015, 38.79927493495984], [-77.61418920506512, 38.799188567030576], [-77.61364802587532, 38.798657228660836], [-77.6135368623336, 38.79857282298418], [-77.61247709960662, 38.79836525459429], [-77.61228338905987, 38.79832714695743], [-77.61194743802716, 38.79826105539359], [-77.61083791208104, 38.798043733324555], [-77.61083609526156, 38.798043376314226], [-77.60954609514849, 38.79779068866934], [-77.6094619588838, 38.797794993176275], [-77.60946184134741, 38.7977950021938], [-77.60937821241578, 38.79780351314948], [-77.6093781143925, 38.79780352681955], [-77.60929525432788, 38.79781622639128], [-77.61007669526056, 38.79868655576666], [-77.61042497817235, 38.799074449813425], [-77.60744620510826, 38.80071227026349]]]]}, "properties": {"OBJECTID": 34, "ZoningDistrict": "B-1", "CaseNumber": "REZ2021-00001", "CaseName": "I-66 & Route 29 Technology Park", "EnergovID": "4f041cf7-c8de-4afd-a4e3-f12ba520a0cd", "RemainingGFA": 2248452, "ChangeTrigger": 0, "GISAcreage": 90.8990748, "MagistDist": "Gainesville", "GlobalID": "{9C22846B-2921-487C-A722-EB6E9FEE6B5E}", "CreateUser": null, "CreateDate": null, "LastEditUser": "RFH7157A", "LastEditDate": 1784557147000, "ProjectStatus": "Planned", "CampusName": "NTT Grove at Gainesville", "PlannedGFA": 2248452, "DCOOD": "No", "Shape.STArea()": 3959810.5690712244, "Shape.STLength()": 9735.305431661265}}, {"type": "Feature", "id": 35, "geometry": {"type": "Polygon", "coordinates": [[[-77.62018064401056, 38.80327698574122], [-77.62117783743162, 38.80423416431572], [-77.62119308224032, 38.804248739577446], [-77.62120839209653, 38.80426326847814], [-77.62122376818448, 38.804277748323926], [-77.62123921160034, 38.804292183627524], [-77.62125470758755, 38.80430655716142], [-77.62127030618281, 38.804320919750154], [-77.62128595505803, 38.80433521965114], [-77.62130167127225, 38.80434947410894], [-77.62131745598766, 38.80436368223139], [-77.62133330804204, 38.804377844910654], [-77.62134923768612, 38.804391971232306], [-77.62136521189832, 38.804406031219706], [-77.62136573704659, 38.80440649010147], [-77.62253707934285, 38.80365959310034], [-77.62239742612486, 38.80352549534276], [-77.62260334974852, 38.80339419232333], [-77.62270933807626, 38.803326607481104], [-77.62270943670968, 38.80332654425559], [-77.62296967582675, 38.80320228810146], [-77.6233652292656, 38.803198966174236], [-77.62340442780922, 38.80320113472193], [-77.62340447494252, 38.80320114047943], [-77.6234427037247, 38.80320824494484], [-77.6234427519323, 38.80320825701656], [-77.62347905169678, 38.803220127172736], [-77.6235523309293, 38.8032497796563], [-77.6238269233309, 38.80283428411882], [-77.62382757198425, 38.80283330158911], [-77.62381013755213, 38.80282624624819], [-77.62380762400365, 38.80282522929081], [-77.62387532182775, 38.80272279301826], [-77.62395333795551, 38.802754362589], [-77.62405946104045, 38.80259378059057], [-77.62399800627527, 38.80255542673742], [-77.62388305328804, 38.802480438689706], [-77.6238829151257, 38.80248034486634], [-77.62377087607084, 38.802402921742875], [-77.62377065120958, 38.802402762407816], [-77.62366156020727, 38.802322938705316], [-77.62366139138102, 38.802322810418836], [-77.62355519816474, 38.80224055423882], [-77.62343437732584, 38.80214099790182], [-77.62331786823736, 38.80203834126572], [-77.6232059415631, 38.801932669247805], [-77.62320585168632, 38.80193258118986], [-77.62309878343612, 38.80182401208082], [-77.62309864702102, 38.801823869621515], [-77.62299652232555, 38.80171250226779], [-77.62299642011628, 38.80171238709079], [-77.62289928434035, 38.801598276798536], [-77.62280719219947, 38.801481467231966], [-77.62280708345779, 38.801481321375725], [-77.62272035346689, 38.80136222032849], [-77.6227202312635, 38.80136204554303], [-77.62263886881894, 38.80124068099496], [-77.62263880556364, 38.80124058142406], [-77.62256284237237, 38.80111699506433], [-77.6224923701502, 38.80099131101138], [-77.622492297008, 38.800991172628216], [-77.62242753081783, 38.800863784387424], [-77.62242744327197, 38.800863599951114], [-77.6223684019205, 38.80073456803233], [-77.62236834037849, 38.80073442252873], [-77.6223150586332, 38.80060382017276], [-77.62229542726125, 38.80055133702984], [-77.62207772453878, 38.79995380207934], [-77.62203714619062, 38.79984953214061], [-77.62199182968115, 38.799746464544654], [-77.62194183329149, 38.79964473035108], [-77.62188722223034, 38.79954445886933], [-77.62181662504156, 38.79942771293795], [-77.62181657082198, 38.79942762784843], [-77.62173977226124, 38.79931341198734], [-77.62173970323116, 38.799313314174476], [-77.62165680070972, 38.79920176063076], [-77.62165669644618, 38.79920162561756], [-77.62156786106206, 38.799092959981074], [-77.62156774984796, 38.799092828519285], [-77.62147311213593, 38.79898720400456], [-77.6214730337322, 38.798987119634646], [-77.62137272545219, 38.79888468315881], [-77.62125675246163, 38.79877538699346], [-77.62113584291298, 38.79866941854828], [-77.6171506266173, 38.80033321463974], [-77.61800689854631, 38.8011553021418], [-77.6180948451137, 38.801239735237274], [-77.6182778335288, 38.80125961407297], [-77.6185173831994, 38.80147866648311], [-77.61848614845292, 38.801650397187224], [-77.61849638363147, 38.8016602253229], [-77.6185089127784, 38.80167225535136], [-77.61934476906937, 38.802474622696444], [-77.62018064401056, 38.80327698574122]]]}, "properties": {"OBJECTID": 35, "ZoningDistrict": "PMD", "CaseNumber": "REZ2020-00024", "CaseName": "Village Place Technology Park", "EnergovID": "1ea11347-1c8b-4847-b1a4-76194692023c", "RemainingGFA": 978169, "ChangeTrigger": 0, "GISAcreage": 45.18473369, "MagistDist": "Gainesville", "GlobalID": "{3BFAD28D-AE4A-48FF-B290-31847E700696}", "CreateUser": null, "CreateDate": null, "LastEditUser": "RFH7157A", "LastEditDate": 1784557147000, "ProjectStatus": "Planned", "CampusName": "Amazon Village Place Technology Park", "PlannedGFA": 978169, "DCOOD": "No", "Shape.STArea()": 1968289.522362452, "Shape.STLength()": 6089.192367290059}}, {"type": "Feature", "id": 36, "geometry": {"type": "Polygon", "coordinates": [[[-77.6213860736211, 38.79493295427858], [-77.62135832997677, 38.794941171602886], [-77.62132105631696, 38.79495348415452], [-77.62128417443834, 38.79496717619007], [-77.62126453385793, 38.794975113654836], [-77.62124338055406, 38.79498418661785], [-77.62121197142699, 38.7949987178177], [-77.62109447754109, 38.794839440250335], [-77.62109858694636, 38.79483729899284], [-77.62113508014077, 38.79480550340788], [-77.62111793326376, 38.79481012803773], [-77.62110729587036, 38.79481299695328], [-77.62038765636375, 38.79500707900752], [-77.62038659838832, 38.7950073647646], [-77.62038763759988, 38.79500879956807], [-77.620604625385, 38.79530848343563], [-77.62057843020868, 38.79537206110286], [-77.62055822362966, 38.795436939502295], [-77.6205374865652, 38.795501045460746], [-77.62050942032712, 38.79556342170921], [-77.6204742625294, 38.795623558318425], [-77.62043230016438, 38.795680955638076], [-77.62038387273637, 38.79573515044637], [-77.62032938060652, 38.795785692589895], [-77.62026926623406, 38.795832172770616], [-77.62025423745526, 38.795841856345376], [-77.6202040397649, 38.79587420111703], [-77.62018753369233, 38.79588184119443], [-77.62016929253755, 38.795886492614365], [-77.6201501951789, 38.795887925033846], [-77.6201311563737, 38.7958860804495], [-77.62011309037564, 38.79588103598862], [-77.6200968541004, 38.79587303861693], [-77.620083225608, 38.79586247614916], [-77.62007285847834, 38.79584984267231], [-77.61998766503079, 38.795703964713546], [-77.61991480319536, 38.79555406393612], [-77.61986473812692, 38.795440371580725], [-77.61938519976037, 38.79556626936678], [-77.61887624196505, 38.79569988827905], [-77.61887023183199, 38.79570146653956], [-77.61845654066727, 38.79580950399131], [-77.61845643211181, 38.795809532004036], [-77.61826468852169, 38.79586022004652], [-77.61795672549283, 38.79594162999847], [-77.61795297886614, 38.795942620734245], [-77.61785740299844, 38.795967885530175], [-77.6177622463014, 38.79599303988888], [-77.61763210634044, 38.7960274426382], [-77.61762156518563, 38.79603022908121], [-77.61760589724335, 38.7960343706368], [-77.617605861438, 38.79603438027729], [-77.61760589619225, 38.79603445621353], [-77.6176313458419, 38.796089360544606], [-77.6176343401911, 38.7960958199323], [-77.61775320822544, 38.796352257944], [-77.61787590920254, 38.79661696688529], [-77.61801486052617, 38.796916730788425], [-77.6180155412835, 38.796918198953016], [-77.6180155581076, 38.79691823511512], [-77.6180992943368, 38.797098867092835], [-77.61818654118296, 38.797116861507604], [-77.61840246554883, 38.797165285300345], [-77.61861695615617, 38.7972197093285], [-77.61882984630111, 38.797280091293274], [-77.61904097052364, 38.79734638426528], [-77.61925016473627, 38.79741853672109], [-77.61945726635153, 38.7974964925832], [-77.6196621144083, 38.79758019126367], [-77.619864549697, 38.79766956771118], [-77.61986478207054, 38.797669675759636], [-77.61991027446436, 38.797690842947446], [-77.62076796632007, 38.79816739229168], [-77.62076939348998, 38.79816836153529], [-77.62090936053832, 38.79826339224775], [-77.62101937420947, 38.79834176252022], [-77.62101944382181, 38.798341812590735], [-77.62104093986602, 38.79835712482234], [-77.62111667555384, 38.798414166346625], [-77.62116952054883, 38.79845396537289], [-77.621294044159, 38.79855442128993], [-77.6214142110523, 38.798658519170495], [-77.62152867122234, 38.79876669756132], [-77.62163759314585, 38.798878358648615], [-77.62174001562191, 38.79899358894411], [-77.62183594121505, 38.7991104822011], [-77.6218369201536, 38.79911167510009], [-77.62192726899183, 38.79923322016589], [-77.6219628624152, 38.7992863066406], [-77.62196650756954, 38.79929174376592], [-77.62201081710833, 38.799357830435575], [-77.62203303684224, 38.79939507464775], [-77.62204311105903, 38.79941196334718], [-77.62206857421546, 38.79945464437054], [-77.62208697636599, 38.79948549161247], [-77.62215278358508, 38.79960968972693], [-77.62216260967932, 38.79962823419496], [-77.62216407705431, 38.799631004600066], [-77.62219674862355, 38.79971153635468], [-77.6222268185907, 38.79977886501417], [-77.62225538713645, 38.79984659053364], [-77.622282430292, 38.799914695617986], [-77.62230795985114, 38.799983156933344], [-77.6224969062551, 38.80050687458255], [-77.62253476061463, 38.80060595916571], [-77.62256058273715, 38.8006684163707], [-77.62258780008503, 38.80073050923402], [-77.62261639098736, 38.80079222137657], [-77.6226463649097, 38.800853532147705], [-77.62267769320788, 38.800914430521445], [-77.6227103797564, 38.800974882291925], [-77.62274440391401, 38.80103488099741], [-77.62277976359023, 38.8010944095042], [-77.62281644988622, 38.80115344251963], [-77.62285444452877, 38.80121196819433], [-77.6228937397041, 38.801269966648995], [-77.62293431841084, 38.8013274161339], [-77.62297617617851, 38.80138430580359], [-77.62301929600545, 38.80144061390832], [-77.62306366428838, 38.80149632322814], [-77.62310926736909, 38.80155142104703], [-77.62315609399025, 38.80160588655904], [-77.6232041259105, 38.801659705212145], [-77.62325335532604, 38.80171285622605], [-77.62330375933537, 38.801765329518375], [-77.62335532551855, 38.801817105175296], [-77.62342259730526, 38.80188201961109], [-77.62347909493738, 38.80193442934787], [-77.6235367511705, 38.80198605763245], [-77.6235955500866, 38.80203688812821], [-77.6236554722479, 38.802086909877616], [-77.62371650520038, 38.80213610566906], [-77.62377862378302, 38.80218446179954], [-77.62384180978569, 38.802231961014506], [-77.6239060461161, 38.802278588770385], [-77.62397132026477, 38.80232433235968], [-77.6240375954811, 38.802369184299074], [-77.62410486174434, 38.802413116584546], [-77.62417309837619, 38.802456125456594], [-77.62424228600321, 38.80249819455284], [-77.62428681060307, 38.80252430765168], [-77.62431240288355, 38.802539312898716], [-77.62437605911168, 38.802575302869286], [-77.62545472957703, 38.80115139956552], [-77.62544863465048, 38.80114620554887], [-77.62530905271906, 38.80102729620038], [-77.62505142592816, 38.80095979934488], [-77.6249793517601, 38.80079723868162], [-77.62503326013233, 38.80074683782357], [-77.62503332427437, 38.800678904956946], [-77.62483654169908, 38.800579033896], [-77.62475170733889, 38.80040432308142], [-77.62484237044161, 38.80024895644559], [-77.62480171408646, 38.800199223150415], [-77.62508925230762, 38.79965768307543], [-77.62492022808121, 38.79928353435088], [-77.62474161401053, 38.79920188034774], [-77.62454962239451, 38.79897346683252], [-77.6245817755742, 38.79884506065401], [-77.62458621194135, 38.798827340830734], [-77.6249451094563, 38.79888284666716], [-77.62542173666809, 38.798628179056095], [-77.62544360960939, 38.79861649272306], [-77.62543965759978, 38.798526831961524], [-77.62543939256753, 38.7985208003321], [-77.62566954619336, 38.79842738740433], [-77.62568813020197, 38.79841984402781], [-77.62583895806539, 38.79806841664457], [-77.62588971982491, 38.797320717758495], [-77.62593708043278, 38.797143045831916], [-77.625937140739, 38.79714282015791], [-77.62594974229967, 38.79702091555994], [-77.62583286667348, 38.79683987841936], [-77.6259721624379, 38.796810956523416], [-77.62611014797702, 38.79677631872542], [-77.6262465888477, 38.79673602387641], [-77.62638125323136, 38.79669014043899], [-77.62651391232765, 38.796638746371], [-77.62664434074334, 38.79658192899307], [-77.62677231687519, 38.79651978484026], [-77.62670950835991, 38.79619355911537], [-77.62670849382614, 38.79618828315863], [-77.62652919312491, 38.7952550973343], [-77.62650046895587, 38.79510559604605], [-77.62647974894664, 38.79499775835688], [-77.62670144289365, 38.794650144718204], [-77.62668806211474, 38.794651531569365], [-77.62650112889716, 38.794670898936154], [-77.62475698382968, 38.79485158424337], [-77.62475216616349, 38.79486207339875], [-77.62465565483271, 38.79507213996466], [-77.62463396376427, 38.79543630442731], [-77.62459623176686, 38.79606972160511], [-77.62457562275316, 38.796048213108065], [-77.62451594082499, 38.7959859242977], [-77.62450881578162, 38.795978488326845], [-77.62442496845055, 38.795434744651374], [-77.62435528793948, 38.79498286767992], [-77.62435071439046, 38.79495320595868], [-77.6242659465536, 38.79440348495335], [-77.6236079895624, 38.79458102033386], [-77.62351161902681, 38.7943622487526], [-77.62351051791165, 38.794359750463585], [-77.62336330468793, 38.794399466139964], [-77.62331272402947, 38.79441311228986], [-77.62332486740856, 38.79444068020681], [-77.62340137123303, 38.794654965692956], [-77.62366952893547, 38.79526369647327], [-77.622845271337, 38.7954860710863], [-77.62247247989707, 38.794639794461276], [-77.62228900734124, 38.794689290578276], [-77.6213860736211, 38.79493295427858]]]}, "properties": {"OBJECTID": 36, "ZoningDistrict": "PBD", "CaseNumber": "REZ2023-00018", "CaseName": "Gardner Property", "EnergovID": "54197449-7161-4168-861a-d85676a180a3", "RemainingGFA": 2016620, "ChangeTrigger": 0, "GISAcreage": 82.5529335, "MagistDist": "Brentsville", "GlobalID": "{3D1E4FAD-8CF0-49EA-8A13-9DCB6307BDBC}", "CreateUser": null, "CreateDate": null, "LastEditUser": "RFH7157A", "LastEditDate": 1784557147000, "ProjectStatus": "Pending", "CampusName": "Gardner Property", "PlannedGFA": 2016620, "DCOOD": "No", "Shape.STArea()": 3596050.6043141694, "Shape.STLength()": 11656.850703263839}}, {"type": "Feature", "id": 37, "geometry": {"type": "Polygon", "coordinates": [[[-77.65053877703537, 38.81844509026915], [-77.65056351014022, 38.81845101514462], [-77.65055015038617, 38.818485145684654], [-77.65053571368003, 38.818517446841206], [-77.65051808843789, 38.81854876457187], [-77.65049738172922, 38.818578905960464], [-77.65042554919762, 38.81867430473084], [-77.65063427110074, 38.81877100930932], [-77.6507876387264, 38.818842069285296], [-77.6512061494068, 38.817782349870434], [-77.65127947400619, 38.81759668030085], [-77.65134116394916, 38.8174404709998], [-77.6515088306013, 38.81748099805179], [-77.65217932455175, 38.81764306296027], [-77.65218182521382, 38.81764407830565], [-77.65218197243694, 38.81764370280023], [-77.65221053103404, 38.81757137273296], [-77.65242739101453, 38.817623789682564], [-77.65322733222408, 38.81781713515846], [-77.65327772677233, 38.8178268193433], [-77.65327779344965, 38.81782682883325], [-77.65332935678198, 38.817831827829316], [-77.65332941893845, 38.817831830079555], [-77.65338131599202, 38.81783206218629], [-77.65343423172611, 38.817827348564876], [-77.65343430785916, 38.817827337402655], [-77.65348604030737, 38.817817696400226], [-77.65348610150353, 38.817817682427574], [-77.65353599048245, 38.81780324081229], [-77.65353603788257, 38.81780322493833], [-77.65358335545018, 38.81778419187197], [-77.65358341565413, 38.81778416437881], [-77.65362745479264, 38.81776083025437], [-77.6536676374585, 38.81773348549515], [-77.65366769092358, 38.81773344353927], [-77.65370333211929, 38.81770256247851], [-77.65370336592497, 38.81770252758786], [-77.65373401302934, 38.81766850695737], [-77.65373403171765, 38.817668484570106], [-77.65375923911091, 38.81763181124037], [-77.6537592732137, 38.817631751127145], [-77.65377864821826, 38.81759301234805], [-77.6544210640755, 38.81603844996127], [-77.65442154883239, 38.8160372787028], [-77.65446548349766, 38.815930958651045], [-77.65456676899146, 38.81566800533261], [-77.65471879048772, 38.8153001194703], [-77.65473531722147, 38.8139680741654], [-77.65473311196413, 38.81396779612194], [-77.6546916661516, 38.81396257782067], [-77.65456979728404, 38.8139518333144], [-77.65454314893887, 38.81394956296558], [-77.65448984207751, 38.813945104156964], [-77.65446318237808, 38.8139429183912], [-77.65443652005939, 38.813940759626995], [-77.65440985397004, 38.81393862785611], [-77.65438318292671, 38.81393652577257], [-77.65435650927462, 38.81393444978977], [-77.6543298329819, 38.81393240261017], [-77.65430315174584, 38.81393038421713], [-77.65427646790084, 38.81392839192484], [-77.65424978140453, 38.81392642933652], [-77.65422308882394, 38.81392449462568], [-77.65419639477518, 38.81392258692463], [-77.65416969808565, 38.813920708026814], [-77.6541429976251, 38.81391885612214], [-77.65408958764057, 38.813915237813255], [-77.65406287697574, 38.81391347049989], [-77.65395123521166, 38.813906381896665], [-77.65395119723746, 38.81390637982111], [-77.65366189089627, 38.81389031621076], [-77.65286084478409, 38.81385449288577], [-77.65085238413364, 38.81378331482078], [-77.65047253662262, 38.813762356611086], [-77.64873068452096, 38.81370989258954], [-77.64748886512947, 38.813655723379085], [-77.64737138266555, 38.813650596844994], [-77.64699383982192, 38.813635153016186], [-77.64697630922629, 38.8136336526228], [-77.64695833588263, 38.81363249224481], [-77.64693992386701, 38.813631328674795], [-77.64692195256809, 38.81362999623718], [-77.64690354055377, 38.813628832661514], [-77.64688556924544, 38.81362750111915], [-77.6468675979485, 38.81362616867321], [-77.64685068246607, 38.81362494029605], [-77.64646812195886, 38.815111130631685], [-77.6464602637151, 38.81511484997576], [-77.64591637825387, 38.81537222535983], [-77.64591795458536, 38.81537426472383], [-77.64652078854078, 38.81615400051704], [-77.64653345735213, 38.816173584188775], [-77.64653831092531, 38.81618381045769], [-77.64654221670057, 38.816194434894996], [-77.64654505595654, 38.81620514712754], [-77.64654686838159, 38.81621608003273], [-77.64654761753485, 38.816227041994516], [-77.64654730772196, 38.81623802515675], [-77.64654593383528, 38.816248989787795], [-77.6465435221935, 38.816259773789014], [-77.646537056397, 38.816277704799724], [-77.64653703749265, 38.816277745202015], [-77.64652767309691, 38.81629492090894], [-77.64653008491504, 38.81629603752969], [-77.6470773875734, 38.81654932044104], [-77.64694586768756, 38.81705096561943], [-77.64686456508922, 38.81715849408826], [-77.64683892305021, 38.81719240700186], [-77.64747801736105, 38.81747238812497], [-77.64747810328015, 38.81747242568545], [-77.64749968977806, 38.81744352721906], [-77.6475989698978, 38.8173113158804], [-77.64760621057972, 38.81730152812711], [-77.64761323022039, 38.81729163876968], [-77.64762002983228, 38.81728165952682], [-77.64762660372253, 38.81727158495209], [-77.64763295409782, 38.81726142316935], [-77.64763907286607, 38.817251176822616], [-77.64764496461177, 38.81724084774696], [-77.64765062928156, 38.81723044044643], [-77.6476560542311, 38.81721995302747], [-77.6476612461767, 38.8172094017548], [-77.64766620753879, 38.81719877673629], [-77.64767092326352, 38.81718808506965], [-77.64767540363889, 38.81717733313594], [-77.64767964295069, 38.81716651729009], [-77.64768364107067, 38.81715564834175], [-77.64768739454468, 38.81714472626593], [-77.64768837406076, 38.817141657764026], [-77.64769090793575, 38.817133754699256], [-77.64769417084915, 38.817122736268914], [-77.64769718898852, 38.81711167552083], [-77.64769996228996, 38.8171005778598], [-77.6477024850605, 38.81708943783925], [-77.64770475949629, 38.81707826448387], [-77.64770678319832, 38.81706706588433], [-77.64770855732884, 38.817055841148104], [-77.64771008069373, 38.817044593870094], [-77.64771135555326, 38.81703332767027], [-77.64771174937334, 38.81702896124511], [-77.64771237610763, 38.81702204611007], [-77.64771314577924, 38.81701075191698], [-77.6477136622545, 38.81699944597505], [-77.64771392770831, 38.81698813911075], [-77.6477139433134, 38.81697682953079], [-77.64771370445357, 38.81696551810256], [-77.6477132110114, 38.816954214734864], [-77.64771246758202, 38.816942920362045], [-77.6477114696132, 38.816931630446504], [-77.64771022605996, 38.81692036667458], [-77.64770872783936, 38.81690911816962], [-77.64770697836288, 38.81689788855996], [-77.6477049786539, 38.81688668866364], [-77.64770272988532, 38.81687551668734], [-77.64770023318731, 38.81686437444117], [-77.64769749190728, 38.81685327095807], [-77.64769448649255, 38.81684220429436], [-77.64769125138977, 38.816831182808116], [-77.64768776703549, 38.816820205456345], [-77.64768404028493, 38.81680927679326], [-77.64768006763043, 38.8167984012978], [-77.64767585247294, 38.81678758349899], [-77.64767139484464, 38.81677682069442], [-77.64766670038513, 38.816766122834785], [-77.6476617679324, 38.81675549081244], [-77.64765659742235, 38.816744930032215], [-77.64765119463362, 38.81673443873432], [-77.6476455571993, 38.81672402230678], [-77.64763969197453, 38.81671368530378], [-77.6476335920188, 38.816703430377544], [-77.6476272676415, 38.81669326210737], [-77.64762071425837, 38.816683178658074], [-77.64761394097403, 38.81667318910466], [-77.6476069421062, 38.81666328709962], [-77.64759972205754, 38.81665348979163], [-77.64759228670277, 38.81664378731367], [-77.64758464048734, 38.81663419321124], [-77.6475767765775, 38.816624701128426], [-77.64756813035193, 38.816614663732516], [-77.64756638548633, 38.81661265289657], [-77.64756541215961, 38.81661151341484], [-77.64756445165891, 38.81661036051304], [-77.64756350498597, 38.81660920681077], [-77.64756256644785, 38.816608046861404], [-77.64756163716388, 38.816606883375755], [-77.64756071141971, 38.81660571270874], [-77.64755980877884, 38.81660453590337], [-77.64755891424065, 38.816603355553276], [-77.64755802895662, 38.81660217166693], [-77.64755715295883, 38.81660098154181], [-77.64755628966945, 38.816599787905496], [-77.64755543107125, 38.81659858709616], [-77.6475545943929, 38.81659738284253], [-77.64755376584928, 38.81659617234182], [-77.64755294195417, 38.81659495827134], [-77.64755213652458, 38.816593740731456], [-77.64755133919768, 38.81659251964687], [-77.64755055119976, 38.81659128872038], [-77.64754977591029, 38.816590054282656], [-77.64754900978936, 38.81658882351504], [-77.64754826106811, 38.81658758206322], [-77.64754751698459, 38.81658633794247], [-77.6475467856202, 38.8165850894097], [-77.64754606810489, 38.81658383827487], [-77.64754536333011, 38.81658258092639], [-77.64754466782014, 38.81658131914083], [-77.64754398040219, 38.81658005471135], [-77.64754331144974, 38.81657878681252], [-77.64754264599435, 38.81657751533555], [-77.6475419990044, 38.81657624038918], [-77.64754136010654, 38.816574962798946], [-77.64754073511124, 38.81657367810267], [-77.64754012274949, 38.816572396200804], [-77.64753951971673, 38.816571104456926], [-77.64753892938165, 38.81656981010272], [-77.6475383528743, 38.816568514948024], [-77.64753777985335, 38.81656721711606], [-77.64753722534066, 38.81656591221146], [-77.64753668349351, 38.816564607398846], [-77.64753615090058, 38.816563299049946], [-77.64753563100528, 38.81656198809063], [-77.64753512498056, 38.81656067272765], [-77.6475346316107, 38.816559358357516], [-77.64950635120468, 38.817016455815256], [-77.64951527864424, 38.81701852588821], [-77.64956855907042, 38.81688962986653], [-77.64956857093667, 38.81688960022337], [-77.65087839342364, 38.817206038483675], [-77.6509786197626, 38.817331332449506], [-77.65053877703537, 38.81844509026915]]]}, "properties": {"OBJECTID": 37, "ZoningDistrict": "M-2 PBD", "CaseNumber": "PLN2003-00108", "CaseName": "Midwood Center", "EnergovID": "3861bb53-127d-425e-85de-cd895072e240", "RemainingGFA": 0, "ChangeTrigger": 0, "GISAcreage": 66.80610164, "MagistDist": "Gainesville", "GlobalID": "{9D453A4E-18F7-4E78-8D90-55BD9AA4E00A}", "CreateUser": null, "CreateDate": null, "LastEditUser": "RFH7157A", "LastEditDate": 1784557147000, "ProjectStatus": "Completed", "CampusName": "Amazon Midwood Center", "PlannedGFA": 689469, "DCOOD": "No", "Shape.STArea()": 2910043.467925129, "Shape.STLength()": 8767.331819959934}}, {"type": "Feature", "id": 38, "geometry": {"type": "Polygon", "coordinates": [[[-77.52655515490883, 38.80064696974913], [-77.52655803022691, 38.80065329899914], [-77.52722249702285, 38.800581464094456], [-77.52773515640509, 38.800509120532034], [-77.5278117885951, 38.80051049255657], [-77.52841145661509, 38.80052123173388], [-77.52846566981214, 38.80051598073242], [-77.52914929757057, 38.800449754868126], [-77.53012163186492, 38.800378181655134], [-77.53084303576173, 38.80033490143301], [-77.52993428347801, 38.798398027399394], [-77.52947083461788, 38.79740848702445], [-77.52947008235041, 38.797408610530134], [-77.52834721747105, 38.79759304373078], [-77.52827767924933, 38.79761027760663], [-77.52821743610265, 38.79762520736584], [-77.52817366576802, 38.7976324006043], [-77.5281795467703, 38.79765431775441], [-77.52802997352838, 38.797678889303526], [-77.52808881600383, 38.79785794858746], [-77.52775544868707, 38.79795264090474], [-77.52769279181096, 38.797817554262586], [-77.52758672283487, 38.79783542908263], [-77.5275454993001, 38.79775847848124], [-77.5263489208072, 38.79795504187575], [-77.52585962126575, 38.798011717437056], [-77.5258557504925, 38.79801216547311], [-77.52586151367235, 38.79803363762129], [-77.52586155972237, 38.79803380737279], [-77.52550626050385, 38.79809220945475], [-77.52540572299134, 38.79810773817357], [-77.525401836857, 38.79810829958038], [-77.52579381019171, 38.79897113144868], [-77.52579434342012, 38.79897230524415], [-77.52586790697637, 38.79913422304496], [-77.52586866597927, 38.79913589691211], [-77.52606544176466, 38.799569045238414], [-77.52606631483359, 38.79957096779831], [-77.52655515490883, 38.80064696974913]]]}, "properties": {"OBJECTID": 38, "ZoningDistrict": "PMD", "CaseNumber": "REZ2019-00022", "CaseName": "Blackburn Land Bay 5", "EnergovID": "bbbe6bc1-1a71-4b91-a844-a742a14e031d", "RemainingGFA": 432742, "ChangeTrigger": 0, "GISAcreage": 28.35506353, "MagistDist": "Gainesville", "GlobalID": "{64ED45DA-D9C0-482F-9BAE-243D6F38F6B3}", "CreateUser": null, "CreateDate": null, "LastEditUser": "RFH7157A", "LastEditDate": 1784557147000, "ProjectStatus": "Planned", "CampusName": "Aligned Manassas", "PlannedGFA": 1275141, "DCOOD": "Yes", "Shape.STArea()": 1235148.2956251695, "Shape.STLength()": 4692.7144524340665}}, {"type": "Feature", "id": 39, "geometry": {"type": "MultiPolygon", "coordinates": [[[[-77.54152510237891, 38.78945351096742], [-77.5415250540021, 38.789453513274815], [-77.54145062444975, 38.789458750983904], [-77.53960780203964, 38.78958841518079], [-77.5396317013502, 38.78979266555201], [-77.53975424935685, 38.790839919595356], [-77.53983316712225, 38.791514304149345], [-77.53984461435222, 38.79161212290724], [-77.54164524099784, 38.791484155825714], [-77.54164750029055, 38.791460279736384], [-77.54170468313428, 38.790855870574546], [-77.54171844128274, 38.78945509338879], [-77.5415293080265, 38.78945354533398], [-77.54152510237891, 38.78945351096742]]], [[[-77.53722592246154, 38.790646474627394], [-77.5371762332519, 38.79064949108468], [-77.53684296269515, 38.790748365651496], [-77.5368441036023, 38.79075960293401], [-77.5369493556445, 38.79179623511118], [-77.53696023034836, 38.791903413425565], [-77.53950381814293, 38.7917453532666], [-77.5394929394277, 38.791638193200264], [-77.53956621022148, 38.791633534614725], [-77.53948541426787, 38.790837718472595], [-77.53945227497299, 38.79051129713755], [-77.53722592246154, 38.790646474627394]]]]}, "properties": {"OBJECTID": 39, "ZoningDistrict": "M-1", "CaseNumber": "REZ1969-0021", "CaseName": "Wheeler Smith Wood Solite", "EnergovID": "06882327-a3cd-4bd2-9646-9f72bd231847", "RemainingGFA": 0, "ChangeTrigger": 0, "GISAcreage": 17.26924902, "MagistDist": "Gainesville", "GlobalID": "{F65F7FD4-7D37-4E92-95AE-5BE9ADC09EBA}", "CreateUser": null, "CreateDate": null, "LastEditUser": "RFH7157A", "LastEditDate": 1784557147000, "ProjectStatus": "Completed", "CampusName": "Amazon Mason King Court", "PlannedGFA": 259543, "DCOOD": "Yes", "Shape.STArea()": 752248.4871945652, "Shape.STLength()": 4970.491697990624}}, {"type": "Feature", "id": 40, "geometry": {"type": "Polygon", "coordinates": [[[-77.54687756263239, 38.791669372102085], [-77.54687252293574, 38.792651343835104], [-77.54696298288452, 38.79272237503935], [-77.54913293705302, 38.79274123677187], [-77.54913846493189, 38.79274079689922], [-77.54991470361249, 38.792678990539], [-77.55009751795015, 38.792625567697655], [-77.54991689047074, 38.79166978788272], [-77.54993021084638, 38.79166982640442], [-77.54992015520725, 38.791616591958444], [-77.5505203538791, 38.791334499554864], [-77.55111845580741, 38.79195931233532], [-77.55159057217628, 38.791756472645645], [-77.55186751210124, 38.79152143837433], [-77.55197770612881, 38.79132332514556], [-77.55197962487594, 38.79117791497089], [-77.55134768478983, 38.78941238994143], [-77.55100485455995, 38.78871310398976], [-77.55060174331958, 38.78813579265067], [-77.54980430696547, 38.78716209663636], [-77.54983556170599, 38.78723050646081], [-77.54986354066611, 38.7872997807286], [-77.54988820484111, 38.78736982182906], [-77.54990490962656, 38.787424182263855], [-77.54991956050004, 38.78747866299499], [-77.54992498838567, 38.78750107448515], [-77.54992810024004, 38.787514614079235], [-77.54993522117859, 38.787547919441145], [-77.54994410969938, 38.78759562287469], [-77.54994653447429, 38.787610286630056], [-77.54994990364524, 38.787632310272315], [-77.54995197345569, 38.78764700718821], [-77.54995950025864, 38.787713080633324], [-77.54996417876487, 38.787779719293376], [-77.54996585907118, 38.78787053361756], [-77.54996214594388, 38.78796131146151], [-77.54995303850623, 38.78805185642181], [-77.54993856122661, 38.78814197049779], [-77.54991876122801, 38.788231396412236], [-77.5498936774301, 38.7883199750188], [-77.54986327528101, 38.78840779342167], [-77.54969533838594, 38.78885156706888], [-77.54966666763576, 38.788927328298065], [-77.54966243209019, 38.78893852008138], [-77.54865522333584, 38.78893561276934], [-77.54865500629744, 38.78897817037641], [-77.54832427344436, 38.78897721442168], [-77.54701358693448, 38.78897341590008], [-77.54701537913216, 38.7889803619791], [-77.54701639825804, 38.78898501709693], [-77.54701670221911, 38.78898657361749], [-77.54701678203763, 38.788986977868824], [-77.54701727785452, 38.78898969090087], [-77.54701951232504, 38.78901171802066], [-77.54701954145287, 38.78901290654323], [-77.54701954980018, 38.78901323183559], [-77.54701956826683, 38.78901409594793], [-77.54701957896735, 38.78901528522168], [-77.54701958178683, 38.789015593352055], [-77.54701958735397, 38.789016475377544], [-77.54701957077307, 38.78901885361644], [-77.5470192695663, 38.78902646196487], [-77.54701913501384, 38.78902836176875], [-77.54701882417552, 38.789031923200106], [-77.54701877778622, 38.789032383182665], [-77.54701864058161, 38.78903370188511], [-77.54701843630617, 38.789035477699336], [-77.54701829626612, 38.789036663045685], [-77.54701812174488, 38.789037844508265], [-77.54701778074715, 38.78904020839969], [-77.54701740181534, 38.78904256837931], [-77.5470169872395, 38.789044925366596], [-77.54701659286732, 38.789047060896884], [-77.54701626174668, 38.78904885369851], [-77.54701585204172, 38.78905075667227], [-77.54701573056872, 38.789051323251755], [-77.54701542165523, 38.789052656775254], [-77.54701490635995, 38.78905479672845], [-77.54701468974288, 38.78905568055229], [-77.54701454696314, 38.7890562046164], [-77.54701329691224, 38.789060801657996], [-77.54701211562484, 38.78906472718754], [-77.54701180717343, 38.789065678733564], [-77.54701136800949, 38.78906702561319], [-77.54701124447762, 38.78906740028444], [-77.5470002106799, 38.789093133107144], [-77.54698483402528, 38.789117461276305], [-77.54696437715013, 38.7891409553745], [-77.54696434448098, 38.78914098844233], [-77.54693980986012, 38.789162008867955], [-77.54691745496622, 38.78917681367935], [-77.54691073522402, 38.78918138789673], [-77.54691070613919, 38.789181411083774], [-77.54690489128986, 38.78918666922883], [-77.54690485510801, 38.78918670677259], [-77.54690003481579, 38.78919257119589], [-77.54690001605377, 38.7891925971695], [-77.5468962884101, 38.78919896236214], [-77.54689578116941, 38.7892000609409], [-77.54689532027813, 38.78920113647288], [-77.54689530959676, 38.789201160710356], [-77.54689488077717, 38.78920224821466], [-77.54689487004799, 38.78920227605536], [-77.54689447451088, 38.789203371037274], [-77.54689446376975, 38.7892033997788], [-77.54689409686345, 38.78920450580413], [-77.54689408721353, 38.789204539058986], [-77.54689344570905, 38.78920682122902], [-77.54689317608522, 38.789207969486235], [-77.54689273095833, 38.78921011271172], [-77.54689256705625, 38.78921127444061], [-77.5468923523776, 38.789213487106096], [-77.54689234514099, 38.78921359875876], [-77.54689234285857, 38.78921377081196], [-77.54689228938958, 38.78921493794268], [-77.54689226471113, 38.78921593053295], [-77.54689226584574, 38.78921610531659], [-77.54689080339855, 38.78950110365859], [-77.54688600633578, 38.79043591668584], [-77.54688567440314, 38.79050180662983], [-77.54688558054538, 38.79051903375527], [-77.54688533385455, 38.790566437046245], [-77.54688533169906, 38.79056677306399], [-77.54688533100156, 38.790566999183916], [-77.54688532737565, 38.79056770636005], [-77.54688466703843, 38.79069687726884], [-77.54688462247447, 38.7907057030121], [-77.54688462033094, 38.790706038129024], [-77.54688686051597, 38.79071062839339], [-77.54688771406934, 38.79071249388329], [-77.54688853527558, 38.79071436811932], [-77.5468886639948, 38.790714643939396], [-77.54688877219935, 38.79071490427745], [-77.54688914929639, 38.79071580733951], [-77.5468893287385, 38.790716251138896], [-77.5468896207382, 38.790716974230605], [-77.54688973879978, 38.790717272486546], [-77.54689007719328, 38.790718142801694], [-77.54689044333391, 38.79071909081968], [-77.54689115136063, 38.790720992964786], [-77.54689149786266, 38.79072194622854], [-77.54689151668866, 38.790722002237246], [-77.54689157992907, 38.79072218112907], [-77.54689186701789, 38.790723014090524], [-77.5468919888589, 38.790723374539155], [-77.54689337029795, 38.790727705573865], [-77.5468934761207, 38.79072805868516], [-77.54689365909513, 38.790728670080426], [-77.54689420207609, 38.79073060511855], [-77.54689471392052, 38.79073254440815], [-77.54689495655852, 38.79073351754866], [-77.54689519229062, 38.79073449063299], [-77.54689541648888, 38.79073546542542], [-77.54689624292803, 38.790739374834196], [-77.546896604821, 38.79074133722959], [-77.54689771361876, 38.79074921288733], [-77.54689780987768, 38.79075020015364], [-77.54689789003906, 38.79075101251481], [-77.54689790727565, 38.79075118833013], [-77.5468979873968, 38.790752177267095], [-77.54689805560612, 38.79075302286437], [-77.54689806637892, 38.7907531652939], [-77.54689812921129, 38.790754155892216], [-77.54689815318216, 38.7907545182483], [-77.54689818546854, 38.79075503472564], [-77.54689819206757, 38.79075514468893], [-77.546898237647, 38.790756134246124], [-77.54689828077724, 38.79075704810794], [-77.54689828437739, 38.79075712381267], [-77.54689835632284, 38.79076306762645], [-77.54689658890486, 38.79078175772527], [-77.54689657774526, 38.79078181799481], [-77.546891804399, 38.79080018817371], [-77.54689178525415, 38.790800242973006], [-77.54688405530327, 38.790818045885274], [-77.54688404803878, 38.79081807285323], [-77.54687756263239, 38.791669372102085]]]}, "properties": {"OBJECTID": 40, "ZoningDistrict": "M-1", "CaseNumber": "REZ1969-0021", "CaseName": "Wheeler Smith Wood Solite", "EnergovID": "06882327-a3cd-4bd2-9646-9f72bd231847", "RemainingGFA": 534359, "ChangeTrigger": 0, "GISAcreage": 41.13199454, "MagistDist": "Gainesville", "GlobalID": "{21C697C6-4185-4693-BFC5-E974CC4F120E}", "CreateUser": null, "CreateDate": null, "LastEditUser": "RFH7157A", "LastEditDate": 1784557147000, "ProjectStatus": "Planned", "CampusName": "Patriot Business Center", "PlannedGFA": 903523, "DCOOD": "Yes", "Shape.STArea()": 1791716.9858650838, "Shape.STLength()": 6582.912335365496}}, {"type": "Feature", "id": 41, "geometry": {"type": "Polygon", "coordinates": [[[-77.53686095282384, 38.780814145151645], [-77.53611299299837, 38.782309153898666], [-77.53610165160529, 38.78230723726391], [-77.53562512880558, 38.78223399195213], [-77.53463992055738, 38.78208254877652], [-77.53452258629514, 38.782062246871625], [-77.53451091465942, 38.781506461020435], [-77.53450884374259, 38.78148798216212], [-77.53450385288619, 38.78147006992458], [-77.53449606979451, 38.781453182639865], [-77.53448569361858, 38.78143775241387], [-77.5344728444692, 38.781443985378395], [-77.53432482588866, 38.78151579201373], [-77.53432105593052, 38.781604813323774], [-77.53425798923415, 38.78309413867577], [-77.53425776679474, 38.78309938459598], [-77.5342541525349, 38.78319153868998], [-77.53424236489666, 38.78349205175547], [-77.53423945111348, 38.78356634132692], [-77.53423877050943, 38.78358366636492], [-77.53421953254065, 38.78404061003899], [-77.53421728242446, 38.78409403658596], [-77.53420236120522, 38.78444842741649], [-77.53420127233328, 38.78447428873288], [-77.53463537534175, 38.78470883654921], [-77.53464173347005, 38.78471227176591], [-77.5343120340659, 38.78663428863521], [-77.53430956382141, 38.78664868271095], [-77.53457174974983, 38.78653146632742], [-77.53467048546715, 38.78648753395278], [-77.53470098064696, 38.7864739660158], [-77.53473143535147, 38.78646041125137], [-77.53482531896319, 38.786418638815185], [-77.53481508637618, 38.7864394428983], [-77.53486800954188, 38.78641586037957], [-77.53523320332772, 38.786253112623086], [-77.53533237925951, 38.786208911244], [-77.53772474548646, 38.785142702342895], [-77.53775696976206, 38.78512834149678], [-77.53805555452658, 38.78452031961107], [-77.53931769809599, 38.78195003527603], [-77.53932347090186, 38.78193827805242], [-77.53886869681943, 38.781792281684616], [-77.53882068859137, 38.78177670445115], [-77.53862169406051, 38.78170890754068], [-77.53842458701844, 38.781635804474085], [-77.53822950892433, 38.78155744771573], [-77.53803659978122, 38.781473893500454], [-77.53784599803558, 38.78138520179319], [-77.53765784047785, 38.78129143624594], [-77.53747226214439, 38.78119266415205], [-77.53743700006633, 38.78117307293069], [-77.53741210789575, 38.781159088437064], [-77.53722489931522, 38.781049747835425], [-77.53704112360462, 38.78093473084542], [-77.53686095282384, 38.780814145151645]], [[-77.53500024432508, 38.786131070945984], [-77.53533937996988, 38.785449921037795], [-77.53612943697519, 38.78569089208018], [-77.53508379256554, 38.78615689074754], [-77.53500024432508, 38.786131070945984]]]}, "properties": {"OBJECTID": 41, "ZoningDistrict": "M-1", "CaseNumber": "REZ2024-00001", "CaseName": "Manassas Point PRA", "EnergovID": "112446d3-3458-4c10-9081-42d87805d421", "RemainingGFA": 1062501, "ChangeTrigger": 0, "GISAcreage": 39.92010147, "MagistDist": "Gainesville", "GlobalID": "{3F42A084-44CB-4CDD-97FB-0DF963958883}", "CreateUser": null, "CreateDate": null, "LastEditUser": "RFH7157A", "LastEditDate": 1784557147000, "ProjectStatus": "Planned", "CampusName": "Iron Mountain Manassas Point", "PlannedGFA": 5818876, "DCOOD": "Yes", "Shape.STArea()": 1739026.7540669057, "Shape.STLength()": 7352.720563363231}}, {"type": "Feature", "id": 43, "geometry": {"type": "Polygon", "coordinates": [[[-77.57357384224952, 38.77693613874273], [-77.57041961872385, 38.782590150050694], [-77.57148995963809, 38.782521596462416], [-77.57169862541748, 38.78250673749353], [-77.57190594567932, 38.78248902157004], [-77.57396045856723, 38.782298736138294], [-77.57410764512849, 38.782287516262635], [-77.57425502674056, 38.78228107520278], [-77.5744027589381, 38.782279403374595], [-77.57455031801628, 38.78228250385118], [-77.57469785579048, 38.782290387740595], [-77.5750757079497, 38.782253002580376], [-77.57516754988967, 38.78207560405488], [-77.57516844835249, 38.78207367150705], [-77.57542554660974, 38.78152091586317], [-77.57552023142439, 38.781317344954374], [-77.5755706522207, 38.781332773870325], [-77.57563392703268, 38.78135213559393], [-77.57619126789929, 38.78013156722555], [-77.57619373593869, 38.78012616326061], [-77.5765127074869, 38.77942759924413], [-77.57697462513754, 38.77824107802228], [-77.57727039651068, 38.77774394212042], [-77.577270460076, 38.777743831810035], [-77.57487933527895, 38.7769919353491], [-77.57358278551476, 38.77693652020154], [-77.57357384224952, 38.77693613874273]], [[-77.57586216281328, 38.780537855041594], [-77.57558481851774, 38.78045582271727], [-77.5759307305116, 38.77969783407282], [-77.57594715805564, 38.77966183659535], [-77.57627777269185, 38.77975338945731], [-77.57591300595082, 38.780552893452295], [-77.57586216281328, 38.780537855041594]]]}, "properties": {"OBJECTID": 43, "ZoningDistrict": "M-2", "CaseNumber": "REZ2020-00011", "CaseName": "Gainesville Tech Park", "EnergovID": "01fffe17-1fdc-46e3-bd5c-f5795320e7e6", "RemainingGFA": 343402, "ChangeTrigger": 0, "GISAcreage": 52.68690833, "MagistDist": "Brentsville", "GlobalID": "{F40404C1-98FC-467D-951B-C8436184041B}", "CreateUser": null, "CreateDate": null, "LastEditUser": "RFH7157A", "LastEditDate": 1784557147000, "ProjectStatus": "Planned", "CampusName": "Gainesville Tech Park Piney Branch", "PlannedGFA": 343402, "DCOOD": "Yes", "Shape.STArea()": 2295072.287643614, "Shape.STLength()": 7298.918226366799}}, {"type": "Feature", "id": 44, "geometry": {"type": "Polygon", "coordinates": [[[-77.50923903371094, 38.80341944799973], [-77.50925473112572, 38.80342627425353], [-77.50926998757924, 38.80343326795235], [-77.50928523825898, 38.80344043006875], [-77.50930005594896, 38.80344776600399], [-77.5093148643411, 38.80345544239901], [-77.50932967273637, 38.80346311879216], [-77.50934447640167, 38.80347113838643], [-77.50935884146632, 38.80347915427517], [-77.5093732041615, 38.80348734221396], [-77.50938712357261, 38.80349586604728], [-77.50940104290007, 38.80350439618452], [-77.50941495753521, 38.803513266820666], [-77.5094284335821, 38.80352213285093], [-77.50944190488714, 38.8035313429834], [-77.50945537620805, 38.80354055221353], [-77.50946840655553, 38.80354992979075], [-77.50948099356953, 38.8035596468663], [-77.50949401919138, 38.80356936764362], [-77.50950616523527, 38.803579253065145], [-77.50951874292234, 38.803589313300684], [-77.50953089121784, 38.803599369909534], [-77.509542591575, 38.80360976597833], [-77.50955429193556, 38.80362016204587], [-77.50956554896256, 38.80363089761238], [-77.5095768059929, 38.80364163317776], [-77.50958806066679, 38.80365253989312], [-77.5095988767266, 38.803663443805426], [-77.50960924946516, 38.80367468631617], [-77.50961962219448, 38.80368592972681], [-77.50962998796257, 38.80369734424869], [-77.50963992658332, 38.80370892633472], [-77.50964941277506, 38.80372050550154], [-77.50965890121505, 38.80373225585752], [-77.50966838728608, 38.803744178264544], [-77.50967743476711, 38.80375609606755], [-77.50968604127343, 38.80376818221932], [-77.5096946454107, 38.80378044042227], [-77.50970281095746, 38.803792694021446], [-77.50971097413507, 38.80380511967189], [-77.50971869870956, 38.80381754161941], [-77.50972642091479, 38.80383013561827], [-77.50973411487355, 38.803844444691684], [-77.5098315078509, 38.804034908872474], [-77.50983879386357, 38.80404732710959], [-77.5098491643234, 38.80405874165008], [-77.50986219354625, 38.804068294847156], [-77.50987701036036, 38.804075624393235], [-77.50989360540625, 38.804080741019305], [-77.50991112127703, 38.804082951903894], [-77.50992867036139, 38.80408275315901], [-77.50995859737404, 38.80407562644423], [-77.51021825972106, 38.80399712022827], [-77.51021981009562, 38.803996653128706], [-77.51132583634205, 38.803665481376974], [-77.51165554745738, 38.80358141906635], [-77.51167315066259, 38.803577277279004], [-77.5116898743018, 38.80357329925032], [-77.51170703654365, 38.803569324914136], [-77.51172375782443, 38.80356551803172], [-77.51174091769553, 38.80356171574246], [-77.51175807757716, 38.80355791254993], [-77.51177479648557, 38.80355427771213], [-77.51179195399668, 38.80355064656658], [-77.5118091091392, 38.80354718747039], [-77.51182626424287, 38.80354373107405], [-77.51184341943164, 38.80354026836968], [-77.51186057458153, 38.80353680836518], [-77.51187772736307, 38.80353352041006], [-77.51189487777634, 38.803530404504365], [-77.51191203055475, 38.80352711654426], [-77.51192918097739, 38.803523999732775], [-77.51193091311758, 38.80352370891617], [-77.51194676763623, 38.80352105866466], [-77.51196391223577, 38.803518113870915], [-77.51198106374108, 38.803515169132844], [-77.51199865039563, 38.803512228056945], [-77.5120157960905, 38.803509454435826], [-77.51203294177168, 38.80350668171302], [-77.51205052365215, 38.80350408743555], [-77.51206766817754, 38.8035014822653], [-77.51206901684483, 38.80350128101017], [-77.51208525010507, 38.80349888437953], [-77.51210239342723, 38.80349628279765], [-77.51211997299848, 38.8034938560578], [-77.51213755020241, 38.8034916013672], [-77.51215468880115, 38.80348934298077], [-77.51217226600282, 38.80348708828493], [-77.51218983859869, 38.80348483354777], [-77.51220697943297, 38.80348274724444], [-77.51222455427794, 38.80348066369193], [-77.51224212675601, 38.80347875218875], [-77.51225970383788, 38.80347684072165], [-77.51227727170932, 38.80347492917445], [-77.51229484181881, 38.80347318971529], [-77.51231241193986, 38.803471449352685], [-77.51232998204762, 38.803469709888255], [-77.51234754980133, 38.80346814157235], [-77.5123651175543, 38.803466573253814], [-77.51238268530649, 38.80346500493266], [-77.5124002507048, 38.80346360776001], [-77.51241781373696, 38.80346238263667], [-77.51243537912158, 38.80346098635954], [-77.51245294215252, 38.80345976123093], [-77.51247050282993, 38.80345870725082], [-77.51248806125487, 38.80345748207822], [-77.5125056219188, 38.803456428993705], [-77.51252361998455, 38.80345555075913], [-77.51254117829473, 38.80345466882039], [-77.512558736654, 38.803453783275884], [-77.51257629491379, 38.80345290493506], [-77.51259385086996, 38.80345219413959], [-77.51261184306479, 38.803451659084956], [-77.51261473989615, 38.80345148436697], [-77.51268785147356, 38.80344854022398], [-77.51275726333677, 38.803446721657096], [-77.51282670131374, 38.80344585101542], [-77.5128961527566, 38.80344592729149], [-77.51296559112876, 38.803446954766656], [-77.51303499462227, 38.80344892875281], [-77.51310434482069, 38.8034518490951], [-77.51317361638831, 38.8034557164814], [-77.51324279666466, 38.80346053080539], [-77.51331185461981, 38.80346628820251], [-77.51338077650404, 38.803472984052924], [-77.5134495357312, 38.80348062624126], [-77.51351811523402, 38.80348920021], [-77.51357980391553, 38.803497785568936], [-77.51365874211062, 38.80318235961503], [-77.5134212581518, 38.803143800612], [-77.51346699581116, 38.80242458883029], [-77.51326662001122, 38.80241795771168], [-77.51312992385442, 38.80242811418207], [-77.51312645116889, 38.80242839037444], [-77.51312470262127, 38.802428536926506], [-77.51312295991606, 38.802428677221386], [-77.51312121146744, 38.802428816566994], [-77.51311946877459, 38.802428955961034], [-77.513117720264, 38.80242909981058], [-77.5131159775712, 38.802429239204514], [-77.51311423367771, 38.80242938219203], [-77.51311248636777, 38.80242952244796], [-77.51311074707898, 38.8024296654741], [-77.51310899512721, 38.80242980839366], [-77.5131072512708, 38.802429948678636], [-77.51310550852847, 38.80243009167561], [-77.51310376003019, 38.80243023462418], [-77.51310201727544, 38.80243037852189], [-77.51310027343138, 38.80243051790596], [-77.51309852608429, 38.80243066086408], [-77.51309678217834, 38.8024308047521], [-77.51309503943595, 38.802430947748924], [-77.51309329093765, 38.80243109069732], [-77.51309154819525, 38.802431233694115], [-77.51308980425212, 38.80243138028438], [-77.51308805689261, 38.80243152414317], [-77.51308631299898, 38.80243166713018], [-77.51308457025657, 38.8024318101269], [-77.51308282170871, 38.802431956678305], [-77.51308107895389, 38.802432100575714], [-77.51307933506023, 38.802432243562656], [-77.51307758766357, 38.80243239012366], [-77.51307584372039, 38.802432536713724], [-77.5130741009779, 38.80243267971026], [-77.51307235703472, 38.80243282630025], [-77.51307060967515, 38.802432970158804], [-77.51306886573195, 38.80243311674874], [-77.51306712178878, 38.80243326333867], [-77.51306537899671, 38.80243340993829], [-77.51306363044885, 38.80243355648936], [-77.51306188765676, 38.80243370308894], [-77.51306014371356, 38.80243384967876], [-77.51305840092148, 38.80243399627822], [-77.51305665237358, 38.80243414282928], [-77.51305490963095, 38.802434285825505], [-77.51305316563823, 38.80243443601837], [-77.51305142279661, 38.802434586220954], [-77.51304967424869, 38.80243473277189], [-77.51304793140704, 38.80243488297441], [-77.51304618746379, 38.80243502956398], [-77.51304444467164, 38.802435176163264], [-77.51304270067887, 38.80243532635602], [-77.51304095673552, 38.80243547294557], [-77.5130392138939, 38.80243562314789], [-77.51303746189234, 38.80243576966962], [-77.51303572250423, 38.802435919900994], [-77.51303397851136, 38.80243607009363], [-77.5130322356697, 38.802436220295895], [-77.51303049172634, 38.80243636688525], [-77.51302874883518, 38.802436520690655], [-77.51302700489182, 38.802436667279984], [-77.5130252574454, 38.80243681744345], [-77.51302351346486, 38.80243696673511], [-77.51302176947202, 38.8024371169275], [-77.5130200266303, 38.802437267129626], [-77.51301828258786, 38.80243742092519], [-77.51301653974615, 38.802437571127214], [-77.5130147957532, 38.80243772131954], [-77.51301305292385, 38.80243787062076], [-77.51301131348607, 38.80243802445495], [-77.51300956488848, 38.80243817460848], [-77.51300782199715, 38.80243832841355], [-77.51300607800422, 38.80243847860571], [-77.51300433512527, 38.80243863150997], [-77.51300259113232, 38.80243878170213], [-77.51300084824103, 38.80243893550712], [-77.51299910419853, 38.80243908930239], [-77.51299736021787, 38.80243923859371], [-77.51299561272187, 38.802439392359865], [-77.51299386867933, 38.80243954615507], [-77.51299213039269, 38.802439699998665], [-77.51299038175783, 38.80243985285428], [-77.51298864347116, 38.802440006697836], [-77.51298689942864, 38.80244016049295], [-77.51298515194493, 38.80244031335817], [-77.51298341250708, 38.80244046719194], [-77.51298166851399, 38.80244061738377], [-77.51297992553596, 38.802440777494034], [-77.51297818149335, 38.80244093128901], [-77.51297643860197, 38.80244108509362], [-77.51297469452221, 38.80244124159095], [-77.51297295043011, 38.802441398988975], [-77.51297120755108, 38.80244155189277], [-77.51296946350843, 38.80244170568758], [-77.51296772057985, 38.802441862194485], [-77.51296597653722, 38.802442015989264], [-77.51296423364575, 38.80244216979371], [-77.51296248951643, 38.802442329894], [-77.51296075002897, 38.80244248733063], [-77.51295900714982, 38.80244264023423], [-77.51295726305769, 38.80244279763203], [-77.51295552012905, 38.80244295413872], [-77.51295377603684, 38.80244311153657], [-77.51295203190747, 38.80244327163671], [-77.51295028901596, 38.802443425440934], [-77.51294854493614, 38.80244358193786], [-77.51294680539907, 38.802443742977474], [-77.5129450624704, 38.80244389948399], [-77.51294331837813, 38.802444056881626], [-77.51294157544945, 38.80244421338811], [-77.51293983132005, 38.80244437348812], [-77.51293809183248, 38.802444530924426], [-77.51293634885425, 38.80244469103399], [-77.51293460476195, 38.80244484843151], [-77.51293286183324, 38.802445004937866], [-77.5129311222961, 38.802445165977275], [-77.51292937816669, 38.80244532607708], [-77.51292763518842, 38.802445486186556], [-77.51292589109609, 38.802445643583916], [-77.51292414351308, 38.80244580365457], [-77.512922408593, 38.80244596383181], [-77.51292066445117, 38.80244612483225], [-77.51291892147282, 38.80244628494161], [-77.51291717273868, 38.80244644500248], [-77.51291543780614, 38.8024466060804], [-77.51291369482782, 38.80244676618965], [-77.51291195069831, 38.8024469262892], [-77.51291020311527, 38.80244708635967], [-77.51290846809611, 38.80244725374305], [-77.51290672400368, 38.80244741114011], [-77.51290498097582, 38.802447574852465], [-77.51290324145099, 38.80244773499062], [-77.512901497309, 38.80244789599078], [-77.51289975428112, 38.80244805970307], [-77.51289801475619, 38.80244821984117], [-77.51289627172828, 38.80244838355335], [-77.51289452758631, 38.80244854455341], [-77.5128927880119, 38.8024487082946], [-77.51289104498396, 38.8024488720067], [-77.5128893008048, 38.802449035709145], [-77.51288756127991, 38.80244919584709], [-77.5128858183014, 38.80244935595591], [-77.51288407867744, 38.80244952330014], [-77.5128823344859, 38.802449687903255], [-77.51288059145791, 38.8024498516152], [-77.51287885188343, 38.80245001535621], [-77.51287710770424, 38.80245017905842], [-77.5128753692314, 38.80245034641224], [-77.5128736204475, 38.80245051007564], [-77.51287188202414, 38.80245067382621], [-77.51287014244966, 38.8024508375671], [-77.51286839822089, 38.802451004872346], [-77.51286665864636, 38.80245116861317], [-77.51286491556876, 38.80245133592807], [-77.51286317599421, 38.802451499668855], [-77.51286143291662, 38.80245166698367], [-77.51285969334204, 38.8024518307244], [-77.51285794911327, 38.802451998029525], [-77.51285620948913, 38.80245216537335], [-77.51285446646105, 38.80245232908492], [-77.51285272683694, 38.802452496428685], [-77.51285098716326, 38.80245266737561], [-77.51284924413514, 38.80245283108714], [-77.51284749990627, 38.802452998392084], [-77.51284576028215, 38.80245316573578], [-77.51284401720447, 38.80245333305035], [-77.51284227758028, 38.80245350039399], [-77.5128405345026, 38.80245366770857], [-77.51283879487843, 38.80245383505211], [-77.51283705061239, 38.80245400505932], [-77.5128353109882, 38.80245417240282], [-77.51283357251519, 38.80245433975603], [-77.51283182823673, 38.80245451066391], [-77.51283008861252, 38.802454678007386], [-77.51282834088053, 38.8024548488862], [-77.51282660586101, 38.8024550162683], [-77.5128248661996, 38.802455186314084], [-77.51282312312183, 38.80245535362835], [-77.51282138344806, 38.802455524574874], [-77.51281963916956, 38.80245569548261], [-77.51281790064697, 38.80245586643877], [-77.51281616103505, 38.80245603288119], [-77.51281441675653, 38.80245620378887], [-77.51281267708272, 38.80245637473519], [-77.51281093856007, 38.80245654569126], [-77.51280919429391, 38.80245671569805], [-77.51280745462007, 38.80245688664433], [-77.51280571609739, 38.802457057600286], [-77.51280397178166, 38.80245723121017], [-77.51280223205829, 38.802457405759604], [-77.5128004924339, 38.802457573102586], [-77.5127987493065, 38.802457744019684], [-77.51279700959545, 38.80245791766821], [-77.51279526992155, 38.80245808861432], [-77.5127935313493, 38.80245826317329], [-77.51279178708305, 38.80245843317983], [-77.51279004735962, 38.80245860772904], [-77.51278830423217, 38.802458778646], [-77.5127865691258, 38.80245895233312], [-77.5127848247976, 38.8024591268435], [-77.51278308513604, 38.802459296888664], [-77.51278134656367, 38.802459471447435], [-77.51277961145728, 38.80245964513445], [-77.51277786252435, 38.802459819606], [-77.51277612395201, 38.802459994164685], [-77.51277438429041, 38.802460164209734], [-77.51277264451738, 38.802460342361854], [-77.51277090480619, 38.80246051600997], [-77.51276916162914, 38.80246069052982], [-77.51276742191791, 38.80246086417791], [-77.51276568209533, 38.80246104593314], [-77.51276394243368, 38.80246121597802], [-77.51276220386129, 38.80246139053653], [-77.51276046410051, 38.80246156778769], [-77.51275871977224, 38.8024617422977], [-77.51275698111316, 38.802461923161694], [-77.51275523683434, 38.802462094068424], [-77.51275350167829, 38.802462271358266], [-77.51275176195462, 38.802462445906905], [-77.51275002219387, 38.80246262315795], [-77.51274828358424, 38.8024628004186], [-77.51274654386056, 38.80246297496718], [-77.51274480409977, 38.802463152218124], [-77.51274306432659, 38.80246333036983], [-77.5127413211122, 38.80246350759166], [-77.51273958135138, 38.80246368484253], [-77.51273784618289, 38.80246386303289], [-77.51273610296846, 38.80246404025466], [-77.51273436320761, 38.802464217505445], [-77.51273262343439, 38.80246439565698], [-77.51273088362396, 38.802464576510914], [-77.51272914040956, 38.802464753732544], [-77.51272740524101, 38.80246493192276], [-77.51272566543054, 38.8024651127766], [-77.51272392562012, 38.80246529363041], [-77.51272218590876, 38.802465467277855], [-77.51272044263237, 38.80246564900331], [-77.51271870742663, 38.8024658298958], [-77.51271696766568, 38.80246600714633], [-77.51271522785518, 38.80246618800001], [-77.51271348923301, 38.80246636616098], [-77.51271174942254, 38.80246654701461], [-77.51271000961198, 38.8024667278682], [-77.51270826985105, 38.802466905118614], [-77.51270653459571, 38.802467089614055], [-77.51270479592397, 38.80246727137812], [-77.5127030561134, 38.802467452231596], [-77.51270131630287, 38.80246763308509], [-77.51269957649234, 38.80246781393853], [-77.51269783783296, 38.80246799480166], [-77.51269609802235, 38.80246817565503], [-77.5126943581994, 38.80246835740918], [-77.51269261833924, 38.802468541865736], [-77.51269087967984, 38.80246872272875], [-77.51268914447394, 38.80246890362082], [-77.51268740461381, 38.802469088077224], [-77.51268566480317, 38.8024692689305], [-77.51268392494302, 38.80246945338689], [-77.51268218628357, 38.80246963424975], [-77.51268044642336, 38.8024698187061], [-77.51267871116788, 38.80247000320119], [-77.51267697135722, 38.8024701840543], [-77.51267523149698, 38.802470368510576], [-77.51267349278795, 38.802470552976494], [-77.51267175292774, 38.80247073743274], [-77.51267001767224, 38.80247092192769], [-77.51266827781197, 38.80247110638384], [-77.51266653795173, 38.802471290839975], [-77.51266479463797, 38.80247147526708], [-77.5126630639871, 38.80247165980062], [-77.5126613241268, 38.8024718442567], [-77.51265958426654, 38.80247202871273], [-77.5126578443567, 38.802472216771946], [-77.5126561091011, 38.80247240126668], [-77.51265437384549, 38.80247258576138], [-77.51265263048215, 38.80247277379144], [-77.51265089062177, 38.80247295824736], [-77.51264915532902, 38.802473145444395], [-77.51264741546868, 38.80247332990021], [-77.51264567670998, 38.80247351796895], [-77.51264394145429, 38.8024737024635], [-77.5126422015444, 38.80247389052249], [-77.5126404616345, 38.80247407858141], [-77.5126387263293, 38.80247426667912], [-77.51263698638219, 38.80247445744037], [-77.51263524306827, 38.802474641866965], [-77.51263351246679, 38.802474822796945], [-77.51263177250728, 38.802475014458935], [-77.51263003720203, 38.80247520255646], [-77.51262829725493, 38.802475393317614], [-77.5126265573449, 38.802475581376356], [-77.51262482203964, 38.80247576947383], [-77.51262308328081, 38.802475957542185], [-77.51262134798789, 38.8024761447388], [-77.51261960802837, 38.802476336400616], [-77.51261786811831, 38.8024765244592], [-77.51261613277585, 38.802476715258955], [-77.51261438941229, 38.802476903288415], [-77.5126126586621, 38.80247709502766], [-77.51261091871486, 38.80247728578854], [-77.51260918340951, 38.802477473885766], [-77.51260744349943, 38.80247766194419], [-77.51260570814453, 38.80247785364459], [-77.51260396819725, 38.802478044405355], [-77.51260223284235, 38.80247823610566], [-77.51260049404625, 38.802478426876085], [-77.51259875874084, 38.80247861497315], [-77.51259701878114, 38.80247880663463], [-77.51259528343856, 38.802478997434015], [-77.5125935434789, 38.80247918909545], [-77.51259180808671, 38.802479383498024], [-77.51259006812704, 38.80247957515938], [-77.51258833392318, 38.802479766869176], [-77.51258659397587, 38.80247995762969], [-77.51258485857132, 38.80248015293296], [-77.51258312322862, 38.802480343732185], [-77.5125813879231, 38.802480531829005], [-77.5125796478767, 38.8024807297958], [-77.51257790791692, 38.802480921456954], [-77.51257617252469, 38.8024811158593], [-77.51257443716962, 38.80248130755922], [-77.51257269832385, 38.80248150193238], [-77.51257096296875, 38.802481693632224], [-77.5125692275765, 38.80248188803444], [-77.51256748756713, 38.80248208329867], [-77.51256575217486, 38.80248227770085], [-77.5125640121655, 38.80248247296502], [-77.51256227677317, 38.80248266736711], [-77.51256054138086, 38.80248286176919], [-77.51255880597618, 38.80248305707204], [-77.51255706713034, 38.80248325144498], [-77.51255533172562, 38.80248344674781], [-77.51255359633325, 38.802483641149806], [-77.51255185628669, 38.80248383911613], [-77.51255012088194, 38.80248403441886], [-77.51254838548958, 38.80248422882079], [-77.51254664549245, 38.80248442318386], [-77.51254491003816, 38.802484622089686], [-77.51254317464578, 38.802484816491535], [-77.51254144035501, 38.80248501450621], [-77.5125397049502, 38.80248520980876], [-77.51253796490352, 38.80248540777494], [-77.51253622946156, 38.80248560577985], [-77.51253449866142, 38.8024858011211], [-77.51253275861475, 38.8024859990872], [-77.51253101856804, 38.80248619705324], [-77.51252928312603, 38.802486395058054], [-77.51252754768403, 38.80248659306285], [-77.51252581222961, 38.80248679196839], [-77.51252407678759, 38.802486989973126], [-77.51252233789201, 38.80248718794873], [-77.51252060244991, 38.80248738595342], [-77.51251886699549, 38.80248758485886], [-77.51251713155342, 38.80248778286347], [-77.51251539606181, 38.802487984471256], [-77.51251366061972, 38.80248818247583], [-77.51251192517759, 38.80248838048033], [-77.51251018973548, 38.802488578484876], [-77.51250845424383, 38.802488780092546], [-77.51250671878933, 38.8024889789978], [-77.51250497869292, 38.80248918056669], [-77.51250324320124, 38.80248938217428], [-77.51250150775908, 38.80248958017869], [-77.5124997722674, 38.80248978178624], [-77.51249803677568, 38.802489983393734], [-77.51249630248466, 38.80249018140774], [-77.51249456699294, 38.802490383015204], [-77.51249283153831, 38.802490581920246], [-77.51249109600943, 38.80249078623005], [-77.51248936051766, 38.80249098783749], [-77.51248762506305, 38.80249118674242], [-77.51248588953412, 38.80249139105217], [-77.5124841540423, 38.80249159265948], [-77.51248241850097, 38.802491797869955], [-77.51248068300917, 38.80249199947723], [-77.51247894751735, 38.80249220108446], [-77.51247721206268, 38.80249239998928], [-77.51247547648411, 38.80249260790203], [-77.51247374099226, 38.80249280950921], [-77.51247200550043, 38.80249301111634], [-77.51247026995904, 38.80249321632663], [-77.51246854362701, 38.80249342161441], [-77.51246680353044, 38.80249362318272], [-77.51246506798896, 38.802493828392976], [-77.51246333239799, 38.80249403720632], [-77.51246159695562, 38.80249423521015], [-77.51245986141416, 38.80249444042026], [-77.51245812588508, 38.802494644729585], [-77.51245639034354, 38.80249484993969], [-77.51245465940676, 38.80249505518851], [-77.51245292386527, 38.802495260398516], [-77.51245118832377, 38.80249546560854], [-77.51244945278223, 38.80249567081851], [-77.51244771725311, 38.80249587512768], [-77.51244598171152, 38.802496080337605], [-77.51244425077466, 38.80249628558631], [-77.51244251518358, 38.80249649439936], [-77.51244077964202, 38.80249669960921], [-77.51243904411282, 38.802496903918254], [-77.51243730962334, 38.80249711634409], [-77.5124355775848, 38.80249731797977], [-77.51243384199367, 38.80249752679271], [-77.51243210641485, 38.80249773470486], [-77.51243037202441, 38.802497939924216], [-77.51242863988676, 38.802498148766134], [-77.51242690430796, 38.80249835667819], [-77.51242516881582, 38.802498558284626], [-77.51242343432625, 38.80249877071029], [-77.51242170218858, 38.80249897955212], [-77.5124199666097, 38.802499187464036], [-77.51241823101846, 38.80249939627677], [-77.51241650003192, 38.802499605128205], [-77.51241476445306, 38.802499813040065], [-77.51241302886179, 38.80250002185268], [-77.5124112978876, 38.802500229803265], [-77.51240956229633, 38.80250043861587], [-77.5124078232019, 38.8025006510025], [-77.51240609568121, 38.80250085898206], [-77.5124043600899, 38.802501067794594], [-77.51240262906612, 38.80250127934821], [-77.51240089347479, 38.80250148816065], [-77.51239915784629, 38.80250169967549], [-77.51239742685964, 38.80250190852663], [-77.51239569121873, 38.80250212094216], [-77.5123939601949, 38.80250233249569], [-77.51239222460347, 38.802502541308016], [-77.51239048437021, 38.80250275278392], [-77.51238875793867, 38.802502965276894], [-77.51238702231011, 38.80250317679152], [-77.51238529132338, 38.80250338564249], [-77.51238355569478, 38.802503597157106], [-77.51238182465849, 38.8025038096112], [-77.51238008902989, 38.80250402112575], [-77.51237835795644, 38.80250423628219], [-77.51237662226582, 38.80250445230065], [-77.51237489129142, 38.80250466025068], [-77.51237315565038, 38.802504872665864], [-77.51237142002172, 38.80250508418032], [-77.51236968894821, 38.8025052993366], [-77.51236795676067, 38.80250551178084], [-77.51236622573668, 38.80250572333394], [-77.51236449004607, 38.80250593935221], [-77.51235546172701, 38.80250633992189], [-77.51233788948983, 38.80250825144254], [-77.51232031488607, 38.80251033501246], [-77.51230317889186, 38.802512421371574], [-77.51228560665182, 38.80251433288434], [-77.51226803204504, 38.80251641644642], [-77.51225045968852, 38.802518671195855], [-77.51223331908555, 38.802520757506024], [-77.51221574447568, 38.80252284106028], [-77.51219816751124, 38.80252509576304], [-77.51218058594102, 38.8025273504245], [-77.51216345454338, 38.80252943680199], [-77.51214587757569, 38.80253169149696], [-77.51212830065646, 38.80253394258608], [-77.51211115986911, 38.80253637662431], [-77.51209358289809, 38.80253863131146], [-77.51207600357209, 38.80254105714711], [-77.51205886519718, 38.802543315522534], [-77.51204128585648, 38.8025457422538], [-77.51202414512534, 38.80254817177526], [-77.51200656463114, 38.80255059849164], [-77.51198898293282, 38.802553196366254], [-77.51197184219811, 38.80255562588007], [-77.51195426285146, 38.80255805259832], [-77.51193711974793, 38.80256065415904], [-77.51191953804464, 38.802563252023255], [-77.51190239954325, 38.802565853617686], [-77.51188481783744, 38.80256845147666], [-77.51186767472889, 38.80257105302728], [-77.51183250658973, 38.80257659193531], [-77.51181580444263, 38.80257902512071], [-77.51179822273048, 38.802581622966734], [-77.51178107961564, 38.802584224504656], [-77.51176349790096, 38.80258682234546], [-77.51174635241655, 38.80258959593028], [-77.5117287706993, 38.802592193765776], [-77.5117116252247, 38.80259496644476], [-77.51169404113772, 38.802597736327094], [-77.51167689801521, 38.8026003378498], [-77.51165975253662, 38.802603110521154], [-77.51164216609075, 38.80260605154688], [-77.51162502059712, 38.80260882511394], [-77.51160787511449, 38.80261159777773], [-77.51159029101946, 38.8026143676445], [-77.51157314316671, 38.802617312355146], [-77.51155599302584, 38.80262008857571], [-77.5115384100623, 38.80262302691258], [-77.51152126220538, 38.80262597161562], [-77.51150411434703, 38.802628916316145], [-77.51148652788851, 38.80263185731853], [-77.51146938007697, 38.80263479841081], [-77.51145223216483, 38.80263774670697], [-77.51143508194548, 38.80264086254857], [-77.51141749548117, 38.802643803540576], [-77.51140034524654, 38.80264692027789], [-77.51138320198297, 38.80264986499955], [-77.51136604715302, 38.802652980792246], [-77.51134889691394, 38.80265609752207], [-77.51133174668571, 38.80265921334854], [-77.51131415784464, 38.802662326376975], [-77.51129700761341, 38.8026654421984], [-77.51127985501263, 38.802668730069286], [-77.511262704766, 38.80267184678644], [-77.51124555216207, 38.80267513465225], [-77.51122840187521, 38.802678254066805], [-77.51121124931782, 38.80268153832442], [-77.51119409670922, 38.80268482618276], [-77.51117693954393, 38.802688110396566], [-77.51115979148733, 38.802691401891806], [-77.51114263887399, 38.80269468974256], [-77.5111254862591, 38.8026979775908], [-77.51110833127413, 38.80270143748853], [-77.51109117865605, 38.802704725331736], [-77.51107402713369, 38.802708184352724], [-77.51105686869028, 38.8027116442138], [-77.5110397160674, 38.802714932049476], [-77.51102256108659, 38.80271839103379], [-77.51100540604217, 38.802721854519625], [-77.51098824873881, 38.80272548194768], [-77.510971093753, 38.802728940924474], [-77.5109543762014, 38.802732404487536], [-77.51093721884337, 38.80273603551133], [-77.51092006385261, 38.80273949448064], [-77.51090290649111, 38.80274312549944], [-77.51088574912794, 38.80274675651566], [-77.5108690327192, 38.80275022007625], [-77.5108518753526, 38.80275385108754], [-77.51083471798428, 38.80275748209633], [-77.51081755825733, 38.80276128425373], [-77.51080083948509, 38.80276491895574], [-77.51078368211151, 38.80276854995704], [-77.5107665223668, 38.80277235300776], [-77.5107498012324, 38.80277615885358], [-77.51073264385354, 38.80277978984746], [-77.51071548410346, 38.802783592890684], [-77.51069876296371, 38.802787398729265], [-77.51068160321, 38.80279120176757], [-77.51066444346695, 38.80279500390252], [-77.51064772230939, 38.80279881063463], [-77.51063056019296, 38.80280278481656], [-77.51061383904427, 38.802806590643016], [-77.5105966769241, 38.802810564819985], [-77.51057995340196, 38.80281454269354], [-77.51056279363549, 38.80281834571443], [-77.51054607010967, 38.80282232358311], [-77.51052890798198, 38.802826297750194], [-77.51051218445238, 38.80283027561405], [-77.51049501776592, 38.802834246134104], [-77.51047829641757, 38.80283839968707], [-77.51046157288243, 38.802842377543726], [-77.51044440838751, 38.80284652284955], [-77.5104276848486, 38.802850500701325], [-77.51041095893753, 38.80285465060267], [-77.51039379443681, 38.80285879590106], [-77.51037706737068, 38.80286294578785], [-77.5103603414662, 38.80286709478119], [-77.51034317694719, 38.80287124097291], [-77.51032645103881, 38.802875389961414], [-77.51030972275808, 38.80287971099942], [-77.51029299683339, 38.80288386088391], [-77.510275829998, 38.80288817461377], [-77.51025910403213, 38.802892327195785], [-77.51024237574339, 38.80289664822419], [-77.51023339113584, 38.80289896881797], [-77.51022564745257, 38.80290096925018], [-77.51020892376455, 38.80290529031261], [-77.51019087033455, 38.80290994339649], [-77.51019079229783, 38.80291560669704], [-77.51018506921649, 38.802917102553465], [-77.51016790467537, 38.802921248719535], [-77.51015117637436, 38.8029255697349], [-77.51013444807138, 38.802929890747855], [-77.51011728116576, 38.80293420805764], [-77.51010055285875, 38.80293852906574], [-77.51008382219105, 38.802943021222596], [-77.51006709387997, 38.80294734222593], [-77.51004992459502, 38.802951831577744], [-77.51003319627985, 38.802956152576265], [-77.51001646560384, 38.80296064472349], [-77.50999973491338, 38.802965137769135], [-77.5099825702371, 38.80296962624913], [-77.50996583954242, 38.80297411928991], [-77.50994909964857, 38.802978611349836], [-77.50993237355442, 38.80298310442468], [-77.50991564049441, 38.80298776860941], [-77.50989890980372, 38.80299226073983], [-77.50988217673941, 38.8029969249198], [-77.50986544603208, 38.80300141794628], [-77.50984871296346, 38.80300608212142], [-77.5098319798927, 38.80301074629421], [-77.50981524681977, 38.80301541046459], [-77.50979851259346, 38.80302007462284], [-77.50978177715679, 38.80302490993956], [-77.50976504407733, 38.80302957410278], [-77.50974830862377, 38.80303441031552], [-77.50973157553992, 38.803039074473936], [-77.5097148446991, 38.80304390981994], [-77.50969810923884, 38.80304874602547], [-77.50968181237765, 38.80305358593107], [-77.50966507692534, 38.80305842123107], [-77.5096483415081, 38.803063253826345], [-77.50963160600163, 38.80306809272476], [-77.50961530677182, 38.80307310377215], [-77.5095985712981, 38.803077939963465], [-77.50958183346226, 38.80308294730351], [-77.50956553659795, 38.8030877862921], [-77.50954879875756, 38.80309279362743], [-77.50953206091481, 38.80309780096032], [-77.50951576167137, 38.80310281199385], [-77.50949902382395, 38.80310781932206], [-77.50948272220346, 38.80311300240288], [-77.50946598435144, 38.80311800972634], [-77.50944968273862, 38.803123191901804], [-77.50943294488191, 38.80312819922052], [-77.50941664670559, 38.80313338232132], [-77.50939989842561, 38.803138560718374], [-77.50938360139573, 38.80314374382432], [-77.5093668611693, 38.803148922284706], [-77.50935055952989, 38.80315410534712], [-77.50933425674943, 38.80315928749677], [-77.50931751414292, 38.80316463800201], [-77.50930121249641, 38.80316982105754], [-77.50928490848706, 38.80317517526194], [-77.50926860684825, 38.80318035741214], [-77.50925186423193, 38.80318570790799], [-77.50923556021529, 38.80319106210546], [-77.5092192561962, 38.80319641630072], [-77.50920295217465, 38.80320177049365], [-77.50918664354597, 38.80320712464545], [-77.50916373431305, 38.803214654577324], [-77.50887649754868, 38.803319999358244], [-77.50888945787284, 38.80332176019969], [-77.50890653023919, 38.80332430712907], [-77.50892403883584, 38.803327029813055], [-77.50894154271114, 38.803330094796635], [-77.50895860561126, 38.803333328124346], [-77.50897610474217, 38.803336737206486], [-77.50899316054927, 38.803340484883236], [-77.50901021634576, 38.80334423345821], [-77.50902726742173, 38.80334832433297], [-77.50904387752298, 38.803352583552225], [-77.50906091689008, 38.80335718963799], [-77.50907753147042, 38.80336179213326], [-77.5090941275043, 38.803366737712466], [-77.50911072814515, 38.803371683328166], [-77.50912732400441, 38.80337697574771], [-77.50914347438415, 38.80338242926706], [-77.50915962920448, 38.80338822876734], [-77.50917577941023, 38.803394029127254], [-77.50919192489717, 38.80340017178712], [-77.50920763177095, 38.803406311641346], [-77.50922333392606, 38.80341279379563], [-77.50923903371094, 38.80341944799973]]]}, "properties": {"OBJECTID": 44, "ZoningDistrict": "PBD", "CaseNumber": "REZ1999-0038", "CaseName": "Battlefield Business Park", "EnergovID": "8c7bc511-c750-4e31-b1ca-f6237f2ac2e8", "RemainingGFA": 85125, "ChangeTrigger": 0, "GISAcreage": 7.34674759, "MagistDist": "Gainesville", "GlobalID": "{0A6D75A9-4F1F-4B06-9C78-0203D6736CB9}", "CreateUser": null, "CreateDate": null, "LastEditUser": "RFH7157A", "LastEditDate": 1784723489000, "ProjectStatus": "Planned", "CampusName": "Equinix Manassas", "PlannedGFA": 194925, "DCOOD": "Yes", "Shape.STArea()": 425995.99502926087, "Shape.STLength()": 3319.735158236001}}, {"type": "Feature", "id": 45, "geometry": {"type": "Polygon", "coordinates": [[[-77.5127548516967, 38.80362252815643], [-77.51268957792408, 38.80362356443228], [-77.51262434142993, 38.803625490173616], [-77.51255915367423, 38.80362830908052], [-77.51249404124339, 38.8036320132688], [-77.5124290166744, 38.803636611853165], [-77.51236411232208, 38.803642096097114], [-77.5122993362796, 38.80364846336632], [-77.51223471040485, 38.80365571474591], [-77.51217025544192, 38.8036638486091], [-77.51210599562536, 38.80367286065567], [-77.51204194365334, 38.80368274829018], [-77.51197812371096, 38.80369351081592], [-77.51191455198718, 38.80370514296404], [-77.51185125272926, 38.803717639533915], [-77.51178823630806, 38.80373099971236], [-77.51172553153876, 38.80374522103997], [-77.5116631535334, 38.803760292833715], [-77.51160111841918, 38.803776214329076], [-77.51153944924287, 38.80379298391906], [-77.51147816341926, 38.803810590940124], [-77.51141727826396, 38.803829031935194], [-77.51021542944993, 38.804202521337245], [-77.51004522832059, 38.80425541403631], [-77.51004271291919, 38.80425622974683], [-77.51004110829143, 38.80425679007983], [-77.51003952062128, 38.80425737307843], [-77.51003794181317, 38.80425798137695], [-77.51003638915992, 38.80425861331953], [-77.51003484887198, 38.80425926698805], [-77.51003332659357, 38.804259950538246], [-77.5100318212976, 38.804260654952365], [-77.51003033293452, 38.804261383833676], [-77.51002886155393, 38.80426213357897], [-77.51002741631578, 38.80426290786912], [-77.5100259891741, 38.804263705735394], [-77.51002457786372, 38.8042645244559], [-77.5100231892918, 38.804265364089], [-77.51002182572358, 38.804266227356436], [-77.51002048032632, 38.80426710879519], [-77.51001916108392, 38.80426801387803], [-77.5100178622776, 38.80426893985401], [-77.51001659086428, 38.80426988317821], [-77.51001534449188, 38.804270847434395], [-77.51001412546279, 38.80427183264205], [-77.51001292231467, 38.804272835100775], [-77.51001175001312, 38.80427385493683], [-77.51001060390368, 38.80427489571465], [-77.51000948403608, 38.804275953831], [-77.51000839045986, 38.804277025682666], [-77.51000733113419, 38.80427811854407], [-77.51000629349518, 38.80427922510193], [-77.51000528208547, 38.80428034989912], [-77.51000430153483, 38.8042814911729], [-77.51000335647284, 38.80428264716059], [-77.51000243660077, 38.804283813270665], [-77.51000155102886, 38.80428499678736], [-77.51000068369002, 38.80428619397135], [-77.50999985073825, 38.80428740225631], [-77.50999905784276, 38.80428862799638], [-77.50999829479166, 38.80428986029459], [-77.50999755917077, 38.80429110723866], [-77.5099968567486, 38.804292367976416], [-77.50999618532194, 38.80429363528201], [-77.50999554943367, 38.80429491369826], [-77.5099949398865, 38.804296202246675], [-77.5099943739361, 38.804297501973835], [-77.50999383321286, 38.80429880912105], [-77.50999332809008, 38.80430012287492], [-77.50999285856766, 38.804301443235595], [-77.50999242803722, 38.804302774736065], [-77.50999201932996, 38.804304110024326], [-77.50999164966437, 38.804305452849185], [-77.50999131559912, 38.80430680228082], [-77.50999101607007, 38.80430815200386], [-77.50999075097783, 38.804309509224666], [-77.50999051808205, 38.804310869419915], [-77.50999032311398, 38.80431223443968], [-77.50999016379596, 38.80431360246302], [-77.50999003556043, 38.80431497074864], [-77.50998994641627, 38.80431634296775], [-77.50998988840426, 38.80431771184593], [-77.50998986943391, 38.804319088260804], [-77.50998988504936, 38.804320461363915], [-77.50998993294819, 38.80432183113588], [-77.50998995724305, 38.8043222403494], [-77.50999001878718, 38.80432320483159], [-77.5099901357459, 38.804324576087225], [-77.5099902919077, 38.80432594316913], [-77.50999048034046, 38.80432730782072], [-77.50999070686228, 38.80432866558652], [-77.50999095982465, 38.804330026278116], [-77.50999125665692, 38.80433137833094], [-77.50999158458423, 38.804332729745234], [-77.50999194833541, 38.804334071551985], [-77.50999234667246, 38.80433541004694], [-77.5099927750774, 38.80433673888573], [-77.50999324038298, 38.8043380635314], [-77.50999373919765, 38.80433937945087], [-77.50999427379908, 38.80434068846512], [-77.50999483963204, 38.80434198693216], [-77.50999543548329, 38.80434327934615], [-77.50999606725777, 38.804344554946205], [-77.51020772592705, 38.80476158267549], [-77.5103231456559, 38.80498899031394], [-77.51034342594681, 38.8050278180946], [-77.5103619863491, 38.80506153317221], [-77.51038129529229, 38.80509498699339], [-77.5104013459072, 38.80512817679719], [-77.51042213269912, 38.80516108361789], [-77.51044365230199, 38.80519370112046], [-77.51046589443011, 38.805226023812345], [-77.5104888569926, 38.80525803636018], [-77.51051252862695, 38.80528972785696], [-77.5105369036396, 38.80532109374974], [-77.51056197189358, 38.80535211773629], [-77.51058773341417, 38.80538279801476], [-77.51061417108251, 38.80541312362939], [-77.51064128394628, 38.80544308015738], [-77.51066905711454, 38.80547266206729], [-77.51069748834718, 38.8055018648352], [-77.51072656521681, 38.80553067123888], [-77.51075628897426, 38.805559074081074], [-77.51078662741021, 38.80558707128803], [-77.51081759570171, 38.805614647671796], [-77.51084916515518, 38.805641796683844], [-77.51088134623095, 38.80566851120464], [-77.51091411373861, 38.80569478111133], [-77.51094746085754, 38.80572060003973], [-77.51098138079219, 38.8057459598239], [-77.51101585981442, 38.80577085404144], [-77.51105088885079, 38.8057952727054], [-77.51108645995421, 38.80581920764022], [-77.51112255593046, 38.805842653295095], [-77.51115917112232, 38.80586560241471], [-77.51119629406692, 38.80588805129834], [-77.51123390654259, 38.80590998537758], [-77.5118351448133, 38.80625425487911], [-77.5118366996127, 38.80625514274785], [-77.51183811383866, 38.80625595465792], [-77.51183953271915, 38.806256763003596], [-77.51184095159974, 38.80625757134926], [-77.5118423704803, 38.806258379694896], [-77.51184378941043, 38.80625918443733], [-77.51184520368612, 38.806259992744174], [-77.51184663182626, 38.80626079756417], [-77.51184805075657, 38.806261602306506], [-77.51184947434135, 38.80626240348451], [-77.51185089786425, 38.806263209166424], [-77.51185232149867, 38.80626400674122], [-77.51185374503403, 38.80626481152229], [-77.51185517207264, 38.80626561272932], [-77.51185659564526, 38.806266414808], [-77.51185802388474, 38.806267212421474], [-77.5118594521119, 38.80626801093573], [-77.51186087920028, 38.8062688085395], [-77.51186230742748, 38.80626960705371], [-77.51186373566712, 38.806270404667146], [-77.5118651673977, 38.8062711996072], [-77.51186659567459, 38.80627199451822], [-77.51186802286222, 38.80627278491553], [-77.51186946034905, 38.80627357990402], [-77.51187089207976, 38.80627437484406], [-77.51187232501127, 38.80627516619058], [-77.51187375679157, 38.806275957527404], [-77.51187519434049, 38.80627674801187], [-77.51187662612088, 38.80627753934864], [-77.51187806255582, 38.80627832712102], [-77.51187950359572, 38.806279114932174], [-77.51188093656461, 38.80627990357616], [-77.51188237299964, 38.80628069134851], [-77.51188381403963, 38.806281479159594], [-77.51188525167551, 38.806282263338375], [-77.51188669276515, 38.80628304754625], [-77.51188812924988, 38.80628383171526], [-77.51188957032717, 38.80628461682393], [-77.51189101146645, 38.80628539742852], [-77.51189245719833, 38.80628617897273], [-77.51189389833768, 38.8062869595773], [-77.51189534408203, 38.8062877402207], [-77.5118967851595, 38.80628852532921], [-77.511898231003, 38.80628929876614], [-77.51189967678458, 38.80629007670708], [-77.51190111796127, 38.806290854609195], [-77.51190256836028, 38.806291631688104], [-77.5119040187469, 38.8062924096677], [-77.5119054645782, 38.8062931840054], [-77.51190691386321, 38.80629395837217], [-77.51190836431195, 38.80629473184776], [-77.5119098147978, 38.80629550262102], [-77.51191126868791, 38.80629627702644], [-77.51191271456891, 38.806297047760864], [-77.51191416965982, 38.80629781857281], [-77.51191562014587, 38.806298589345914], [-77.51191707412279, 38.80629935744579], [-77.51191852921384, 38.80630012825767], [-77.51191998320321, 38.80630089545669], [-77.51192143834389, 38.80630166266536], [-77.5119228923829, 38.806302426261134], [-77.51192435211618, 38.80630319440933], [-77.51192580615525, 38.80630395800508], [-77.51192726590098, 38.806304725252495], [-77.51192872463183, 38.80630548258145], [-77.51193018322635, 38.806306249819066], [-77.5119316431085, 38.80630700715767], [-77.51193310170315, 38.806307774395286], [-77.5119345603845, 38.80630853532732], [-77.51193602488405, 38.80630929180385], [-77.51193748822003, 38.806310049171444], [-77.51193895150647, 38.8063108101422], [-77.5119404148425, 38.80631156750978], [-77.5119418782281, 38.80631232127413], [-77.51194334157658, 38.80631307774087], [-77.51194480496225, 38.80631383150522], [-77.51194626944965, 38.8063145888824], [-77.51194774094363, 38.806315339111364], [-77.51194920548062, 38.80631609288535], [-77.5119506734714, 38.80631684668838], [-77.51195214151174, 38.806317596888206], [-77.51195361300577, 38.80631834711712], [-77.51195508103379, 38.80631909821775], [-77.51195655367917, 38.80631984845628], [-77.51195802176922, 38.8063205950529], [-77.51195949446426, 38.80632134168822], [-77.5119609671469, 38.80632208922439], [-77.51196243869074, 38.80632283585], [-77.51196391138586, 38.806323582485255], [-77.51196538872308, 38.806324326456966], [-77.5119668614678, 38.80632506948902], [-77.51196833765388, 38.80632581345097], [-77.51196981499126, 38.80632655742258], [-77.51197129123935, 38.80632729688051], [-77.51197276862631, 38.8063280372489], [-77.511974249467, 38.80632877764637], [-77.51197572226147, 38.80632951707517], [-77.51197720425351, 38.80633025748225], [-77.51197868048936, 38.80633099784086], [-77.51198016258053, 38.8063317310416], [-77.51198164347099, 38.80633246783581], [-77.51198312436145, 38.80633320462997], [-77.51198460645269, 38.80633393783062], [-77.51198608739281, 38.80633467102162], [-77.51198757293785, 38.806335404251335], [-77.51198905502928, 38.80633613745196], [-77.51199054057436, 38.80633687068165], [-77.51199202615665, 38.806337601208874], [-77.51199351175143, 38.80633833083537], [-77.51199499849746, 38.806339060471494], [-77.51199648404267, 38.806339793701135], [-77.51199796972426, 38.80634051702193], [-77.51199945997361, 38.80634124308395], [-77.51200095021063, 38.80634197004667], [-77.51200244046004, 38.80634269610864], [-77.51200393069713, 38.80634342307137], [-77.51200542098381, 38.806344146430895], [-77.51200691128287, 38.80634486888959], [-77.5120084015696, 38.80634559224909], [-77.51200989651089, 38.80634631204414], [-77.51201139141503, 38.80634703454157], [-77.51201288175137, 38.80634775429787], [-77.51201437669273, 38.80634847409285], [-77.51201587163413, 38.80634919388781], [-77.51201736547385, 38.80634991006996], [-77.5120188650203, 38.806350629903676], [-77.51202036001128, 38.80635134609542], [-77.51202185845608, 38.806352062316236], [-77.51202335810169, 38.80635277494355], [-77.51202485309281, 38.80635349113523], [-77.5120263527261, 38.80635420466335], [-77.51202785122058, 38.80635491728086], [-77.5120293508663, 38.806355629908126], [-77.51203085401532, 38.80635633896125], [-77.51203235369826, 38.806357048886035], [-77.51203385684737, 38.80635775793915], [-77.51203536113532, 38.8063584679027], [-77.51203686083076, 38.806359176926684], [-77.51203836862204, 38.8063598833161], [-77.51203987182082, 38.8063605887659], [-77.51204137961217, 38.80636129515529], [-77.51204287934489, 38.80636200147679], [-77.51204438714868, 38.80636270696532], [-77.51204589614096, 38.80636340976119], [-77.51204739937705, 38.80636411250854], [-77.5120489072181, 38.80636481529462], [-77.51205041625998, 38.806365514487226], [-77.51205192870609, 38.80636621731206], [-77.51205344120173, 38.806366916533726], [-77.51205494448752, 38.806367615677765], [-77.5120564570328, 38.806368311296225], [-77.51205796952857, 38.8063690105178], [-77.5120594820739, 38.80636970613616], [-77.51206099577048, 38.806370401764234], [-77.5120625083159, 38.80637109738258], [-77.51206402089848, 38.80637179029852], [-77.51206553344392, 38.80637248591683], [-77.51206705064395, 38.80637317797071], [-77.5120685632266, 38.806373870886624], [-77.51207008047625, 38.80637455933727], [-77.5120715965127, 38.80637525228219], [-77.51207311030866, 38.80637594070375], [-77.51207463099966, 38.80637663008423], [-77.51207615285435, 38.80637731857361], [-77.51207767014125, 38.80637800432179], [-77.51207918742824, 38.80637869006995], [-77.51208070816891, 38.80637937584717], [-77.51208223007328, 38.80638006073327], [-77.51208375196529, 38.80638074652013], [-77.5120852727556, 38.80638142869414], [-77.51208679469723, 38.80638211087782], [-77.51208831663887, 38.80638279306142], [-77.51208984203423, 38.80638347527412], [-77.51209136402551, 38.80638415385456], [-77.51209289062173, 38.806384832473725], [-77.51209441601722, 38.80638551468637], [-77.51209594265069, 38.80638619060314], [-77.51209746809573, 38.806386869212545], [-77.51209899474165, 38.80638754422849], [-77.51210052023636, 38.80638821923468], [-77.51210205032365, 38.80638889518045], [-77.51210357696965, 38.8063895701963], [-77.51210510710652, 38.806390242538825], [-77.51210663725585, 38.80639091398058], [-77.51210816854403, 38.80639158633273], [-77.51210969869342, 38.80639225777444], [-77.51211122883043, 38.806392930116914], [-77.51211276013112, 38.806393601568224], [-77.51211429497225, 38.80639426674305], [-77.51211582515892, 38.80639493548226], [-77.51211736000012, 38.80639560065705], [-77.51211889480415, 38.80639626853419], [-77.51212043079664, 38.80639693371865], [-77.51212196568748, 38.80639759529021], [-77.5121235005288, 38.80639826046491], [-77.5121250353701, 38.806398925639606], [-77.51212657486603, 38.80639958724987], [-77.51212810975699, 38.80640024882135], [-77.51212964929009, 38.80640090772918], [-77.51213118878601, 38.806401569339386], [-77.51213272833155, 38.80640222734638], [-77.51213426787717, 38.80640288535337], [-77.51213580741036, 38.80640354426113], [-77.51213734700552, 38.80640419866487], [-77.51213888539995, 38.80640485666212], [-77.51214042958773, 38.80640551200543], [-77.51214197378799, 38.80640616644789], [-77.51214351797584, 38.806406821791164], [-77.51214505762069, 38.806407472591644], [-77.51214660070696, 38.80640812432197], [-77.51214814954938, 38.80640877610075], [-77.51214969379933, 38.80640942693998], [-77.5121512369352, 38.80641007506704], [-77.51215278577772, 38.80641072684576], [-77.51215433006489, 38.80641137498253], [-77.51215587785534, 38.80641201954515], [-77.51215742679709, 38.80641266411743], [-77.51215897453802, 38.806413312283205], [-77.51216052347982, 38.8064139568555], [-77.51216206781669, 38.80641460138896], [-77.51216362481719, 38.806415246029026], [-77.51216517265736, 38.80641588698836], [-77.51216672620421, 38.8064165315993], [-77.51216827864944, 38.806417172597364], [-77.5121698276781, 38.80641781086394], [-77.51217138012332, 38.806418451861965], [-77.51217292916442, 38.80641908922772], [-77.51217449085681, 38.80641972760083], [-77.51217604795666, 38.8064203650344], [-77.51217759588376, 38.806420999687965], [-77.5121791575886, 38.80642163716024], [-77.51218070666704, 38.80642227182353], [-77.51218226381656, 38.806422905653825], [-77.51218382100322, 38.80642353678166], [-77.51218538274533, 38.8064241715515], [-77.51218693647839, 38.80642480265027], [-77.51218849828248, 38.806425432916036], [-77.51219005551887, 38.80642606044069], [-77.51219161270565, 38.80642669156841], [-77.51219317454702, 38.8064273191318], [-77.51219473638841, 38.806427946695116], [-77.51219629822982, 38.80642857425844], [-77.51219786012085, 38.806429198218545], [-77.51219942196231, 38.806429825781805], [-77.51220098384098, 38.80643045064266], [-77.51220254578162, 38.80643107099953], [-77.51220410767273, 38.80643169495954], [-77.51220567425551, 38.806432312652746], [-77.5122072396004, 38.80643293664185], [-77.51220880154115, 38.80643355699862], [-77.51221036807448, 38.80643417829492], [-77.51221193006481, 38.806434795048496], [-77.51221350120314, 38.80643541638354], [-77.51221507125221, 38.80643603320491], [-77.51221663788475, 38.80643664729479], [-77.51221820448013, 38.80643726408705], [-77.51221977456646, 38.80643787820596], [-77.51222134580408, 38.80643849233456], [-77.51222291239955, 38.80643910912675], [-77.51222448257265, 38.80643971694005], [-77.51222605382269, 38.80644033016773], [-77.51222762856364, 38.80644094072216], [-77.51222919990047, 38.806441547644326], [-77.51223077118776, 38.806442158169595], [-77.51223234596594, 38.80644276602154], [-77.5122339126607, 38.80644337560723], [-77.51223549209348, 38.80644397989474], [-77.51223706803536, 38.806444586855534], [-77.51223864282609, 38.806445193806624], [-77.51224021766633, 38.806445797154495], [-77.51224179825041, 38.806446401451595], [-77.51224336853531, 38.80644700115749], [-77.51224494796827, 38.80644760544488], [-77.5122465240094, 38.806448205199175], [-77.51224810349196, 38.806448805883285], [-77.5122496783819, 38.806449405627866], [-77.51225125906528, 38.80645000271854], [-77.51225283856024, 38.80645060250182], [-77.51225441809243, 38.80645119958268], [-77.51225599762462, 38.80645179666355], [-77.51225758181135, 38.806452390179984], [-77.51225916250718, 38.80645298636971], [-77.51226074208904, 38.80645357984735], [-77.51226232627585, 38.80645417336373], [-77.51226390590728, 38.80645476323811], [-77.51226549469911, 38.806455356793215], [-77.51226707893551, 38.80645594670636], [-77.51226866322153, 38.8064565330163], [-77.51227024745803, 38.80645712292939], [-77.51227183173168, 38.806457710140066], [-77.51227341596824, 38.806458300053116], [-77.51227500480978, 38.80645889000492], [-77.51227658914543, 38.806459472711545], [-77.51227817807371, 38.80646005635772], [-77.51227976696488, 38.806460642706256], [-77.51228135474193, 38.806461226342705], [-77.51228294373225, 38.80646180548488], [-77.51228453266063, 38.80646238913096], [-77.51228612165099, 38.80646296827308], [-77.51228771523394, 38.806463548354714], [-77.51228930421195, 38.80646412839757], [-77.51229089665604, 38.80646470756868], [-77.51229248573321, 38.806465280405114], [-77.51229407931625, 38.80646586048671], [-77.51229567179763, 38.80646643695535], [-77.51229726543028, 38.80646701343367], [-77.51229885916204, 38.80646758270562], [-77.51230045624845, 38.80646815921301], [-77.51230204993072, 38.80646873208808], [-77.51230364246179, 38.80646930495346], [-77.51230523619364, 38.80646987422531], [-77.51230683448092, 38.806470447139105], [-77.51230843166657, 38.80647101644], [-77.51231002888939, 38.80647158303851], [-77.5123116272263, 38.806472152349045], [-77.51231322446156, 38.80647271804671], [-77.51231482283566, 38.80647328465483], [-77.51231642007097, 38.80647385035246], [-77.51231801845752, 38.806474416059736], [-77.51231962033499, 38.806474979093665], [-77.51232121760754, 38.80647554208882], [-77.51232282064872, 38.80647610423162], [-77.5123244225758, 38.80647666366234], [-77.51232602445334, 38.80647722669621], [-77.5123276275441, 38.80647778523576], [-77.51232922947126, 38.806478344666395], [-77.51233083149761, 38.806478896890646], [-77.51233243337525, 38.80647945992442], [-77.512334039957, 38.80648001579055], [-77.51233564308501, 38.80648057162764], [-77.51233724966684, 38.80648112749375], [-77.51233885629819, 38.80648167975668], [-77.51234045832462, 38.80648223198079], [-77.51234206494361, 38.80648278514442], [-77.5123436715751, 38.80648333740733], [-77.51234528286102, 38.80648388610573], [-77.51234688949258, 38.8064844383685], [-77.51234849616122, 38.806484987928904], [-77.51235010289182, 38.8064855329853], [-77.5123517141779, 38.80648608168361], [-77.51235332550112, 38.80648662767958], [-77.51235492876575, 38.80648717360762], [-77.51235654355513, 38.80648771873176], [-77.51235815492801, 38.806488261124436], [-77.51235976626371, 38.806488806219434], [-77.51236137763664, 38.80648934861207], [-77.51236299361452, 38.80648989104343], [-77.51236460508657, 38.80649042622966], [-77.51236621525878, 38.8064909722157], [-77.51236783128631, 38.80649151104384], [-77.51236944732621, 38.80649204897112], [-77.51237105878596, 38.80649258505805], [-77.51237267367468, 38.80649312297564], [-77.5123742897023, 38.80649366180371], [-77.51237590581665, 38.806494194326106], [-77.51237752194339, 38.806494725947786], [-77.51237913686937, 38.80649526116282], [-77.51238075760112, 38.80649579282321], [-77.51238237251475, 38.80649632893905], [-77.51238399334562, 38.80649685339301], [-77.51238560946011, 38.8064973859153], [-77.5123872290903, 38.806497913962666], [-77.51238884985928, 38.80649844292055], [-77.51239046948949, 38.806498970967894], [-77.5123920903081, 38.80649949632251], [-77.51239371002507, 38.80650001806425], [-77.51239533080657, 38.80650054612123], [-77.51239695047398, 38.806501071466094], [-77.51239857589765, 38.80650159685938], [-77.5124001956271, 38.80650211770022], [-77.51240181994912, 38.80650263948059], [-77.5124034454224, 38.80650316127067], [-77.51240506979401, 38.80650367944786], [-77.51240669411605, 38.80650420122816], [-77.51240831503401, 38.80650471937621], [-77.51240993940569, 38.806505237553296], [-77.51241156841951, 38.806505753066766], [-77.512413193992, 38.80650626765031], [-77.5124148184133, 38.80650678222414], [-77.51241644743958, 38.806507296836756], [-77.51241807184853, 38.80650781231134], [-77.51241970207562, 38.80650832333038], [-77.51242133113911, 38.806508835240514], [-77.51242296021502, 38.80650934624989], [-77.51242458929094, 38.80650985725913], [-77.51242621840406, 38.80651036556604], [-77.51242784751719, 38.806510873872874], [-77.51242947664272, 38.80651138127897], [-77.51243110690717, 38.80651188959545], [-77.51243273957313, 38.80651239072495], [-77.51243436980047, 38.806512901743815], [-77.51243600361772, 38.80651340288295], [-77.51243763278055, 38.806513907586485], [-77.51243926654833, 38.806514412328816], [-77.51244090036569, 38.80651491346789], [-77.51244253303182, 38.80651541459724], [-77.5124441668988, 38.80651591213311], [-77.51244580071621, 38.806516413272135], [-77.51244743457079, 38.80651691170877], [-77.51244907304275, 38.80651740928334], [-77.5124507069098, 38.806517906819096], [-77.51245234543136, 38.80651840079039], [-77.51245397933558, 38.80651889562375], [-77.5124556167059, 38.806519389585326], [-77.51245725982014, 38.80651988449613], [-77.5124588937368, 38.806520378428615], [-77.51246053229566, 38.806520869697444], [-77.51246216971563, 38.8065213600558], [-77.51246380361998, 38.80652185488899], [-77.51246544688293, 38.80652233899015], [-77.5124670901087, 38.80652282579371], [-77.51246872756592, 38.80652331344952], [-77.5124703707794, 38.80652380115381], [-77.51247200938788, 38.80652428881931], [-77.5124736514997, 38.80652477291064], [-77.51247529476274, 38.80652525701167], [-77.5124769322696, 38.80652574106422], [-77.51247857558228, 38.80652622156204], [-77.51248021884537, 38.80652670566298], [-77.51248186561179, 38.80652718618979], [-77.51248350892452, 38.80652766668756], [-77.51248515113551, 38.80652814357239], [-77.51248679788958, 38.80652862499992], [-77.5124884412519, 38.806529101894384], [-77.51249008806798, 38.806529578817965], [-77.51249173146745, 38.80653005300999], [-77.51249337833312, 38.80653052633031], [-77.51249502628804, 38.80653100416424], [-77.51249667324043, 38.80653147117896], [-77.51249832005657, 38.80653194810237], [-77.51249996811067, 38.806532418729866], [-77.512501615026, 38.806532888446874], [-77.51250326653388, 38.806533359103426], [-77.51250491458802, 38.80653382973088], [-77.51250655693559, 38.806534296706644], [-77.51250821770299, 38.80653476383745], [-77.51250986580678, 38.80653523086166], [-77.51251151280883, 38.806535694272974], [-77.51251316431684, 38.80653616492938], [-77.51251481592394, 38.80653662837936], [-77.51251646753106, 38.8065370918294], [-77.51251812028941, 38.806537555289005], [-77.51251977199568, 38.80653801153264], [-77.51252142360286, 38.806538474982545], [-77.5125230798522, 38.80653893576882], [-77.51252473155846, 38.80653939201233], [-77.51252638780782, 38.806539852798586], [-77.5125280395142, 38.80654030904204], [-77.51252969581311, 38.80654076622507], [-77.51253135217401, 38.80654121890407], [-77.51253300496973, 38.8065416796611], [-77.51253466138019, 38.80654212873691], [-77.51253631657748, 38.80654258230693], [-77.51253797292604, 38.80654303588667], [-77.51253963392915, 38.806543485901926], [-77.5125412903273, 38.8065439358784], [-77.51254294673788, 38.80654438495408], [-77.51254460313608, 38.8065448349305], [-77.51254626418877, 38.80654528134248], [-77.51254792519198, 38.80654573135761], [-77.51254958168931, 38.80654617412758], [-77.51255124274206, 38.8065466205395], [-77.51255290263126, 38.80654706784253], [-77.5125545637336, 38.80654751065121], [-77.51255622483596, 38.80654795345988], [-77.51255788593835, 38.80654839626853], [-77.51255954707791, 38.80654883637477], [-77.51256120707863, 38.8065492755705], [-77.51256286821824, 38.80654971567668], [-77.51256452937024, 38.80655015488205], [-77.51256619516442, 38.80655059142378], [-77.51256785977019, 38.80655103065815], [-77.5125695209594, 38.80655146716108], [-77.51257118680313, 38.80655190009952], [-77.51257285145847, 38.806552335730686], [-77.51257451730224, 38.806552768669086], [-77.51257618314608, 38.806553201607514], [-77.51257784783864, 38.806553634536186], [-77.51257951378152, 38.80655406026819], [-77.51258117847414, 38.806554493196806], [-77.51258284436753, 38.80655492253194], [-77.51258451371471, 38.806555351896115], [-77.51258617960815, 38.80655578123118], [-77.51258784900486, 38.80655620699211], [-77.51258951494786, 38.80655663272396], [-77.51259118544637, 38.80655706209771], [-77.51290709881424, 38.80636181365644], [-77.51318827959686, 38.80620636224437], [-77.51366308571995, 38.80584312235612], [-77.51403635905515, 38.805399789630776], [-77.51412526599978, 38.80499659788824], [-77.51415445582526, 38.804615260071905], [-77.51412663957436, 38.80452708053119], [-77.51401473771526, 38.80439342863806], [-77.51398710033294, 38.80424593804562], [-77.51415558805525, 38.80382188260472], [-77.51403674575529, 38.80378746952611], [-77.51397495924692, 38.803770975492306], [-77.51391281001581, 38.803755326123316], [-77.51385032443855, 38.80374052884754], [-77.51382787285955, 38.8037355455343], [-77.5138254842203, 38.80373501554618], [-77.51378751627794, 38.80372658738377], [-77.5137244062164, 38.80371350460803], [-77.51366101718912, 38.80370128701905], [-77.51364262369054, 38.803698008055825], [-77.51363856482851, 38.803697284742356], [-77.51359736183242, 38.8036899365244], [-77.51353346544565, 38.80367945513823], [-77.51346934288074, 38.8036698510931], [-77.51340502062534, 38.80366112371061], [-77.51334050902554, 38.80365327397829], [-77.51327583333104, 38.80364630751367], [-77.51321101308504, 38.80364022628265], [-77.5131460667291, 38.80363502863833], [-77.51308101146691, 38.80363071922977], [-77.5130158748751, 38.80362730189243], [-77.51295066741116, 38.80362476950695], [-77.5128854142627, 38.80362313219506], [-77.5128201339331, 38.803622383806136], [-77.5127548516967, 38.80362252815643]]]}, "properties": {"OBJECTID": 45, "ZoningDistrict": "PBD", "CaseNumber": "REZ1988-0030", "CaseName": "Battlefield Business Park", "EnergovID": "67ae5cc3-3e5f-439d-aa9f-b079257e7927", "RemainingGFA": 0, "ChangeTrigger": 0, "GISAcreage": 20.32622547, "MagistDist": "Gainesville", "GlobalID": "{5CD5BF5F-B92C-414F-896B-A6FF81CE6DCA}", "CreateUser": null, "CreateDate": null, "LastEditUser": "RFH7157A", "LastEditDate": 1784557147000, "ProjectStatus": "Completed", "CampusName": "Verizon Manassas 7777 Infantry Ridge", "PlannedGFA": 227465, "DCOOD": "Yes", "Shape.STArea()": 885410.3815548829, "Shape.STLength()": 3587.3420057437515}}, {"type": "Feature", "id": 46, "geometry": {"type": "Polygon", "coordinates": [[[-77.54153569457681, 38.74391245233621], [-77.54153743811827, 38.7439240459693], [-77.54155396214638, 38.744033880199225], [-77.54156011537508, 38.744074788511156], [-77.54157412857076, 38.74416794170492], [-77.54157529524872, 38.7441756927502], [-77.54157796457736, 38.74419343364236], [-77.54161663026598, 38.74445046362553], [-77.54162643153003, 38.744515611866255], [-77.54162687849458, 38.744518585815406], [-77.5416286780932, 38.74452123028016], [-77.54166587618947, 38.744575894309044], [-77.54184961209677, 38.744845898506995], [-77.54187449190776, 38.744882459825], [-77.54223979512714, 38.74541927377226], [-77.54225166936801, 38.74543672408277], [-77.54227784037629, 38.74547518145753], [-77.54239506862407, 38.74541370174196], [-77.54277905978739, 38.74521231836935], [-77.54287783265349, 38.74516051727543], [-77.54296382658731, 38.7450835052602], [-77.54322463288466, 38.744849942321586], [-77.54322636999994, 38.74484838351465], [-77.54341331715091, 38.74454848612122], [-77.54343502982785, 38.7445268370061], [-77.54359444937968, 38.74436787437719], [-77.54359836659826, 38.74436396846843], [-77.54360072858034, 38.7443616138469], [-77.5436040544333, 38.74436013466419], [-77.54369872206357, 38.744318025593635], [-77.54370205022504, 38.74431654552608], [-77.54370560908282, 38.74431545112737], [-77.54376737559234, 38.744296460260045], [-77.5440294575455, 38.744215878350275], [-77.54419014259776, 38.74416647296843], [-77.54419370144069, 38.744165378554854], [-77.54419741069242, 38.744164652037206], [-77.54441558208194, 38.74412188990081], [-77.54454273470803, 38.744096967628764], [-77.54454644511496, 38.74409624020864], [-77.54455026009207, 38.744096040672005], [-77.54501598629155, 38.74407169240241], [-77.54501964240072, 38.74407150146617], [-77.5450236305507, 38.744071515038435], [-77.54545696357273, 38.74407382204374], [-77.54547197828147, 38.744073901968534], [-77.54547451245635, 38.74407165591997], [-77.54548407880084, 38.74406317429186], [-77.5458315209825, 38.7437551545945], [-77.54583405513486, 38.74375290853796], [-77.54583722402147, 38.74375458299462], [-77.545878992976, 38.74377665739498], [-77.54630624323333, 38.74400244955939], [-77.54649684390397, 38.74410317658367], [-77.54679467451469, 38.744260570341595], [-77.5468334693406, 38.74428107154905], [-77.54684531912918, 38.744287333718106], [-77.5468912595278, 38.74431160925405], [-77.54714569202639, 38.74406563711075], [-77.54796269358246, 38.743275789197185], [-77.54743763283784, 38.74299528437953], [-77.54736069884524, 38.74309483201922], [-77.5468650711695, 38.74340131892922], [-77.54571287741393, 38.74277667997435], [-77.54586449087265, 38.74263549320951], [-77.5452631209592, 38.742314202041655], [-77.54513613971625, 38.74224636083419], [-77.54473541066004, 38.74203226062517], [-77.54442623478621, 38.740935340153605], [-77.54497745457397, 38.74032356148943], [-77.5429091691249, 38.73895733934536], [-77.54282876482446, 38.73890422642678], [-77.54274480304774, 38.738848762754394], [-77.5407521978083, 38.74066682996533], [-77.54080014625059, 38.740753234854836], [-77.54082914182241, 38.74080543476987], [-77.54120687780767, 38.74148545474828], [-77.54126955235584, 38.74159828281524], [-77.54128053996797, 38.741618062950984], [-77.5412944078833, 38.741643028851875], [-77.54137097203615, 38.741780859871355], [-77.54138510175507, 38.741806297274856], [-77.54152651757613, 38.74206087397756], [-77.5417072652485, 38.74238625464609], [-77.54173673057632, 38.742439298696276], [-77.54173825614441, 38.74244204452517], [-77.54173646541942, 38.74244469297191], [-77.54171386769583, 38.74247812023335], [-77.54139342392068, 38.742952143827004], [-77.54139163317028, 38.74295479226817], [-77.54139208011544, 38.7429577662192], [-77.54144999439063, 38.74334275934629], [-77.541466138714, 38.74345007786516], [-77.54149293782302, 38.74362822824912], [-77.54153569457681, 38.74391245233621]]]}, "properties": {"OBJECTID": 46, "ZoningDistrict": "PBD", "CaseNumber": "REZ2019-00034", "CaseName": "Youth For Tomorrow", "EnergovID": "222f06a0-c603-4233-9289-74ff5439b34d", "RemainingGFA": 713607, "ChangeTrigger": 0, "GISAcreage": 49.83612687, "MagistDist": "Brentsville", "GlobalID": "{87903A5B-51A9-4359-B16D-A600288E9F9E}", "CreateUser": null, "CreateDate": null, "LastEditUser": "RFH7157A", "LastEditDate": 1784557147000, "ProjectStatus": "Planned", "CampusName": "Stack Infrastructure NVA02 YFT", "PlannedGFA": 713607, "DCOOD": "No", "Shape.STArea()": 2170861.6864995966, "Shape.STLength()": 7654.633471805577}}, {"type": "Feature", "id": 47, "geometry": {"type": "Polygon", "coordinates": [[[-77.53557284392622, 38.74711532483369], [-77.5355676302327, 38.74713427579289], [-77.5356113960905, 38.747201561645326], [-77.535611421943, 38.74720160690342], [-77.53564888787822, 38.74727114453432], [-77.53564892703895, 38.74727122683914], [-77.53567992137948, 38.747342691416186], [-77.53567995477668, 38.74734277457448], [-77.53570431672044, 38.74741580261491], [-77.53570433978923, 38.74741588388641], [-77.53572194977347, 38.74749012485856], [-77.53572195831131, 38.74749017447872], [-77.53573272110928, 38.74756526453623], [-77.53577491017629, 38.747656306913925], [-77.53577496035707, 38.74765642534569], [-77.53581191171305, 38.74774883364558], [-77.53581196164028, 38.747748970994294], [-77.53584365033494, 38.74784271708805], [-77.53586992250966, 38.74793734835954], [-77.53586995524289, 38.747937481062266], [-77.53589080157546, 38.74803291905955], [-77.5358908306283, 38.74803306884927], [-77.53590623759612, 38.74812929094145], [-77.53592480967599, 38.74814142756313], [-77.53604348181241, 38.74821897887211], [-77.53604351239606, 38.748219271918764], [-77.5360616571055, 38.7483913792739], [-77.53606143814108, 38.748391579276806], [-77.53594398232525, 38.748499109763905], [-77.53594399235462, 38.74849921975719], [-77.53595847620292, 38.7486445598609], [-77.53600494242781, 38.74911016731943], [-77.53601017839917, 38.74916788560898], [-77.53599422039431, 38.74931107713794], [-77.53597164762373, 38.749453722368486], [-77.53597146242906, 38.749454749682435], [-77.53596981096972, 38.749463970408534], [-77.53597137433935, 38.74946432110552], [-77.53597676643275, 38.74946552942062], [-77.53805630120175, 38.74993148299851], [-77.53805676906961, 38.7499290174497], [-77.5381273273616, 38.749557553052114], [-77.53813522099064, 38.749515998584485], [-77.53945340440565, 38.74777661520686], [-77.53949419179916, 38.74772279493479], [-77.53994093932201, 38.747133275163804], [-77.5401864128686, 38.74713857183545], [-77.54079249537443, 38.74715164816347], [-77.53996650026743, 38.74593224331712], [-77.54072079968294, 38.74544818208795], [-77.54060555119221, 38.745130517371564], [-77.5400289811136, 38.743541251117826], [-77.53922390916651, 38.7440591542797], [-77.53900531994701, 38.74260590097494], [-77.5391681728896, 38.74236501400991], [-77.53871831568698, 38.74154825783093], [-77.53862011209051, 38.741371471511094], [-77.53679492605741, 38.74199337981511], [-77.53679178624812, 38.74199445042066], [-77.53627249440252, 38.74217138373656], [-77.53597435849144, 38.7424570609652], [-77.53471919984472, 38.742410386910265], [-77.53471898253837, 38.74241037881436], [-77.53188307150805, 38.74230518802509], [-77.53187725483967, 38.742304971513455], [-77.53191056098845, 38.742494433138404], [-77.53179874622774, 38.74260095120128], [-77.53180720309861, 38.74275200991856], [-77.53180720976495, 38.742752198263744], [-77.5318102633253, 38.742903352887055], [-77.53181026268997, 38.74290357090189], [-77.5318079042574, 38.74305495109121], [-77.5317996770978, 38.74330051884662], [-77.53179947652934, 38.743305759582825], [-77.53180924125573, 38.74348399600747], [-77.53180445392748, 38.74362609927091], [-77.53179074704845, 38.744032970117864], [-77.53177194641893, 38.74417460085582], [-77.53177177451417, 38.74426671742457], [-77.53177745834239, 38.74435872470046], [-77.53178898715598, 38.74445039736627], [-77.53180632955096, 38.74454150632984], [-77.53182944255964, 38.74463182690707], [-77.5318582705729, 38.74472113340778], [-77.53189274297839, 38.744809203620804], [-77.5319327706738, 38.74489582148794], [-77.5321109808689, 38.744948317003754], [-77.53221281023112, 38.745101826743635], [-77.53216518478246, 38.745246196128015], [-77.53221736557852, 38.74530522658511], [-77.53221758102409, 38.74530545899662], [-77.53227288114718, 38.74536308273531], [-77.53234977345826, 38.7454360623063], [-77.53234987120494, 38.74543615050138], [-77.53243148581274, 38.745505984284605], [-77.53243154155747, 38.74550603069114], [-77.53251758513878, 38.74557246039784], [-77.53251768651852, 38.74557253510913], [-77.53260795971609, 38.74563541493899], [-77.53260807488707, 38.74563549066491], [-77.53270242165102, 38.74569470490501], [-77.53270246958661, 38.74569473322879], [-77.532800486086, 38.74575002808489], [-77.53280062314887, 38.74575010128853], [-77.53290227169603, 38.74580145571969], [-77.53290254605243, 38.745801585011385], [-77.53297375065006, 38.74583428984431], [-77.53297393247688, 38.74583437062434], [-77.53304673863775, 38.745865183201815], [-77.53319898613837, 38.745926932313616], [-77.53337148578282, 38.745884027473736], [-77.53356763398303, 38.7459635806042], [-77.53362242239524, 38.74609867042323], [-77.53468928581673, 38.7445137474849], [-77.53471892062099, 38.74398640653516], [-77.53474216531485, 38.743570063481314], [-77.5354607381997, 38.74288496672843], [-77.53546080775911, 38.74288501234624], [-77.53606804628217, 38.74345521092799], [-77.53658240823178, 38.74345271522773], [-77.53799191173371, 38.744851672129904], [-77.5370714283495, 38.74544377980609], [-77.53678218298717, 38.745629835659415], [-77.5350652137904, 38.74673423423072], [-77.53506537730195, 38.74673430855033], [-77.53514536200436, 38.74677348617243], [-77.53514543511491, 38.74677352461231], [-77.53522167303841, 38.74681698579308], [-77.5352217757422, 38.746817047900166], [-77.53529394379187, 38.746864608905106], [-77.53529402470075, 38.7468646663282], [-77.5353617761422, 38.74691610448974], [-77.53536181938176, 38.746916139980954], [-77.53542483066454, 38.74697121930903], [-77.53544492746323, 38.74697429370741], [-77.53557284392622, 38.74711532483369]]]}, "properties": {"OBJECTID": 47, "ZoningDistrict": "PBD", "CaseNumber": "REZ2019-00028", "CaseName": "Avanti at Innovation PRA", "EnergovID": "08eefd48-2ab4-438d-9d00-e80397055cff", "RemainingGFA": 553730, "ChangeTrigger": 0, "GISAcreage": 86.1084888, "MagistDist": "Brentsville", "GlobalID": "{B4F5102C-E670-42C6-A0FB-F7AFB74CBCA7}", "CreateUser": null, "CreateDate": null, "LastEditUser": "RFH7157A", "LastEditDate": 1784557147000, "ProjectStatus": "Planned", "CampusName": "Stack Infrastructure NVA02 Manassas", "PlannedGFA": 1559831, "DCOOD": "Yes", "Shape.STArea()": 3750919.6094654202, "Shape.STLength()": 13146.354884279412}}, {"type": "Feature", "id": 48, "geometry": {"type": "Polygon", "coordinates": [[[-77.53259085766426, 38.76210764938151], [-77.53326071590654, 38.76332700523073], [-77.53327533521768, 38.76335361599519], [-77.5336532910823, 38.76404159815846], [-77.53385003557597, 38.764393713118594], [-77.53385019519075, 38.76439399461536], [-77.53405242967285, 38.76474411297851], [-77.53405263554262, 38.76474446332482], [-77.53426029024196, 38.76509247277548], [-77.53426058071268, 38.76509294994489], [-77.53447371194919, 38.76543894551288], [-77.53447399921295, 38.76543940463721], [-77.53469264774309, 38.765783440682384], [-77.53469285963807, 38.765783771257105], [-77.53491712820671, 38.76612599904546], [-77.53522063433823, 38.76624614495376], [-77.53626447582593, 38.76596930258844], [-77.53630556857796, 38.765774027770576], [-77.53634091904418, 38.76557806609643], [-77.53637050750835, 38.76538151831009], [-77.53637817786756, 38.7653011215312], [-77.53637818390713, 38.76530101437319], [-77.53637942558132, 38.76522050620146], [-77.53637942350642, 38.76522040348126], [-77.53637424530542, 38.76513998669275], [-77.53630542525264, 38.76494489769103], [-77.5361368499062, 38.76459597894263], [-77.53582447966448, 38.764175189840806], [-77.53587626090763, 38.7641545957117], [-77.53580955708209, 38.76403129076971], [-77.5358094325237, 38.764031054609184], [-77.53574691908176, 38.763906683178654], [-77.53570895250917, 38.763832382298425], [-77.53570886380251, 38.763832218505016], [-77.53566751862698, 38.763759224064124], [-77.53550715910029, 38.76348963259532], [-77.53543268161704, 38.763364423816654], [-77.53541931426028, 38.76334478312126], [-77.53541929507568, 38.763344755035384], [-77.53536676337984, 38.76326757473378], [-77.53512704846766, 38.76291537443224], [-77.53468465263823, 38.76221552580002], [-77.53465159576061, 38.762163231738974], [-77.53463899001689, 38.76214329000778], [-77.5346373719064, 38.76214134063879], [-77.53410535325865, 38.76150050426127], [-77.53259085766426, 38.76210764938151]]]}, "properties": {"OBJECTID": 48, "ZoningDistrict": "M-2", "CaseNumber": "REZ2025-00014", "CaseName": "Hornbaker Road", "EnergovID": "a0b0e2d0-2ccb-47b1-ab3f-3275db071d01", "RemainingGFA": 435760, "ChangeTrigger": 0, "GISAcreage": 20.84840369, "MagistDist": "Brentsville", "GlobalID": "{15A72040-1179-4955-A645-A271CDC13914}", "CreateUser": null, "CreateDate": null, "LastEditUser": "RFH7157A", "LastEditDate": 1784557147000, "ProjectStatus": "Planned", "CampusName": "Hornbaker Road", "PlannedGFA": 435760, "DCOOD": "No", "Shape.STArea()": 907997.5008281234, "Shape.STLength()": 4303.970308983109}}, {"type": "Feature", "id": 49, "geometry": {"type": "Polygon", "coordinates": [[[-77.56078423833789, 38.781792536472395], [-77.56078608569393, 38.78179306117531], [-77.56118656732424, 38.781907310647966], [-77.56129563333164, 38.781938425025444], [-77.56130616141857, 38.7819410579335], [-77.56179563527246, 38.7811330365058], [-77.56186866059167, 38.78111264682664], [-77.56188907362129, 38.781106947057545], [-77.5634827102974, 38.7816879021144], [-77.56353215628327, 38.781606273697754], [-77.5636655493912, 38.78144053279773], [-77.56432863237873, 38.78034730817921], [-77.56435384288847, 38.780305752636465], [-77.564390229811, 38.7802455763773], [-77.56471798208247, 38.77970355203696], [-77.56489955886953, 38.779403264487705], [-77.5648997200242, 38.779402997304665], [-77.5651088255715, 38.77905670197533], [-77.56505386646168, 38.77891641364706], [-77.56513930823121, 38.778774913036855], [-77.56531969262518, 38.7786528690508], [-77.56537873605512, 38.77855508482092], [-77.56545376694034, 38.778427400081135], [-77.5655256760806, 38.778297931544195], [-77.565594421093, 38.77816675551826], [-77.56561845591958, 38.77813194617287], [-77.56576226009466, 38.77792364622956], [-77.5657852498514, 38.77787802764079], [-77.56576100787909, 38.77787310120094], [-77.56576065798241, 38.77787416507855], [-77.56421052718308, 38.77756401288271], [-77.56241980684408, 38.77719850250212], [-77.56239442579515, 38.77719332211144], [-77.56194338996757, 38.77710289187973], [-77.56095415934193, 38.77690454903857], [-77.56059906831395, 38.77683335027723], [-77.56059597718165, 38.776837651638786], [-77.56053081101496, 38.77692835206334], [-77.55939893099084, 38.77850366520479], [-77.56096063167776, 38.77918526587703], [-77.56013954365125, 38.78032549955218], [-77.56014386402266, 38.78032710534376], [-77.56014443097213, 38.78032731709409], [-77.56064960042067, 38.78051466405266], [-77.56139154880954, 38.780790045312955], [-77.56139130530345, 38.7807904478679], [-77.56078423833789, 38.781792536472395]]]}, "properties": {"OBJECTID": 49, "ZoningDistrict": "M-2", "CaseNumber": "REZ1979-0021", "CaseName": "WORSHAM", "EnergovID": "d71293f1-b842-4858-9413-f26d93b2f4c1", "RemainingGFA": 490970, "ChangeTrigger": 0, "GISAcreage": 43.94216321, "MagistDist": "Brentsville", "GlobalID": "{4D69D3F7-A9B2-44F8-9027-F649C0D6A65C}", "CreateUser": null, "CreateDate": null, "LastEditUser": "RFH7157A", "LastEditDate": 1784557147000, "ProjectStatus": "Planned", "CampusName": "Project Well", "PlannedGFA": 490970, "DCOOD": "Yes", "Shape.STArea()": 1914089.531605864, "Shape.STLength()": 6579.36853450588}}, {"type": "Feature", "id": 50, "geometry": {"type": "Polygon", "coordinates": [[[-77.49192585095133, 38.71805557245393], [-77.49220815967523, 38.71841908985482], [-77.494971049355, 38.719941114083916], [-77.4949716276098, 38.71993783609903], [-77.49521855389271, 38.718539026331385], [-77.49537407084163, 38.71765801139068], [-77.49537613466912, 38.71765622454619], [-77.4957620946911, 38.71732211033353], [-77.49576378559607, 38.71732174643971], [-77.49660697665543, 38.717140347402115], [-77.49660904134126, 38.717139155149525], [-77.49694602025714, 38.716944554541286], [-77.4951458535821, 38.7164826930638], [-77.49486208200321, 38.716410113633444], [-77.49332630925707, 38.716017295702336], [-77.49312094084438, 38.71632888776121], [-77.49271470923296, 38.71694530397649], [-77.4923276381359, 38.71751731149978], [-77.49225412195463, 38.71762595346791], [-77.4922489010257, 38.71762333734442], [-77.49113308532492, 38.71703473131968], [-77.49114181328235, 38.717045970652414], [-77.49192585095133, 38.71805557245393]]]}, "properties": {"OBJECTID": 50, "ZoningDistrict": "PBD", "CaseNumber": "REZ2026-00032", "CaseName": "Manassas Corporate Center 8", "EnergovID": "90ca5774-aab1-4185-a26e-d3aa610f23f4", "RemainingGFA": 860788, "ChangeTrigger": 0, "GISAcreage": 22.96103772, "MagistDist": "Coles", "GlobalID": "{E4DB4CEF-C27D-4271-AE9A-11CE04416B1C}", "CreateUser": "RFH7157A", "CreateDate": 1773062452000, "LastEditUser": "RFH7157A", "LastEditDate": 1784557147000, "ProjectStatus": "Pending", "CampusName": "CloudHQ Manassas Corporate Center (MCC)", "PlannedGFA": 860788, "DCOOD": "Yes", "Shape.STArea()": 1000182.8031659469, "Shape.STLength()": 5061.4454537961765}}, {"type": "Feature", "id": 54, "geometry": {"type": "Polygon", "coordinates": [[[-77.59403363621409, 38.77880645910415], [-77.5948054169752, 38.779042014726905], [-77.59433796928431, 38.77998041906067], [-77.59444134602278, 38.780011966709594], [-77.59555325843615, 38.780352019957704], [-77.5955598613485, 38.78035403573262], [-77.59556639776244, 38.780356031174655], [-77.59575672838936, 38.78011044338665], [-77.59772462959668, 38.77756740252543], [-77.59791277087228, 38.77733083935664], [-77.59742418972742, 38.77692169382446], [-77.59729990656909, 38.7768157737805], [-77.59717826382324, 38.77670839465436], [-77.59705902672411, 38.77659937176462], [-77.59694225013226, 38.77648873527064], [-77.59682795661813, 38.77637652048842], [-77.5967161779461, 38.776262763705624], [-77.59660695404841, 38.77614749226391], [-77.59650031772556, 38.77603075146793], [-77.59645084866753, 38.7759745417591], [-77.59642222472955, 38.77595115555582], [-77.59631920378531, 38.77585730179843], [-77.59629975588544, 38.775839585346674], [-77.59623020232924, 38.77577622169923], [-77.5961961014264, 38.77574515902947], [-77.59617462137844, 38.77572559447022], [-77.59600787064807, 38.77551966775031], [-77.59593157220276, 38.77556783431678], [-77.59250657353502, 38.77776955642318], [-77.59250653474346, 38.777769802968756], [-77.59247667354245, 38.77796453767723], [-77.59247840012091, 38.77796342671894], [-77.59283920199405, 38.77773124087691], [-77.59286865343948, 38.77771228859649], [-77.59266312312654, 38.77905262479458], [-77.59266176607021, 38.779061475514084], [-77.59304339977766, 38.779178088180416], [-77.59333506110498, 38.778593240799204], [-77.59403363621409, 38.77880645910415]]]}, "properties": {"OBJECTID": 54, "ZoningDistrict": "M-1", "CaseNumber": "REZ1958-0021", "CaseName": "BOCS", "EnergovID": "7b3b0a5f-c395-47c0-99c0-eb53f411acb3", "RemainingGFA": 155427, "ChangeTrigger": 0, "GISAcreage": 31.76941461, "MagistDist": "Brentsville", "GlobalID": "{E362DC56-77E9-4765-88D3-F15DE2F99448}", "CreateUser": "RFH7157A", "CreateDate": 1773231230000, "LastEditUser": "RFH7157A", "LastEditDate": 1784557147000, "ProjectStatus": "Planned", "CampusName": "Digital Realty", "PlannedGFA": 382892, "DCOOD": "Yes", "Shape.STArea()": 1383875.7005546747, "Shape.STLength()": 5685.48864167267}}, {"type": "Feature", "id": 57, "geometry": {"type": "Polygon", "coordinates": [[[-77.57728751232868, 38.78222115367493], [-77.57752578394903, 38.782619476917034], [-77.57782292521601, 38.78290670801207], [-77.57857421786558, 38.78364961876162], [-77.5793358579953, 38.78285740069523], [-77.57966982779945, 38.7825100143133], [-77.5797008824395, 38.782478288761745], [-77.57973264284031, 38.782446993963134], [-77.57976509855138, 38.782416137042205], [-77.57979823222885, 38.78238572416853], [-77.57984822922461, 38.782341800402804], [-77.57995277456163, 38.782252290320415], [-77.57998411891586, 38.782224976858224], [-77.58001484249564, 38.782197243204635], [-77.58004494751046, 38.782169096584575], [-77.58007441780249, 38.78214054047547], [-77.5801032486071, 38.78211158745287], [-77.58013143062546, 38.78208224465151], [-77.58015895109462, 38.78205252007986], [-77.58019745324947, 38.78200901681996], [-77.58053843489135, 38.78161322098957], [-77.58050512989934, 38.78147997573469], [-77.58050527478314, 38.78147980660103], [-77.58062294533747, 38.7813432053187], [-77.58062309839195, 38.781343027239934], [-77.58079339742376, 38.781317257710576], [-77.58193073509608, 38.77999703823373], [-77.58193087060579, 38.779996881637466], [-77.58129310650173, 38.77967971112487], [-77.58099289219284, 38.77953040818164], [-77.58064738032591, 38.77936333231722], [-77.5799902626499, 38.779045568637386], [-77.5798432458168, 38.77897447583544], [-77.57934527693551, 38.77873624056439], [-77.57817632290394, 38.77817698055794], [-77.5772774411957, 38.77774716871043], [-77.57727125737479, 38.77774421195604], [-77.577270460076, 38.777743831810035], [-77.57727039651068, 38.77774394212042], [-77.57697462513754, 38.77824107802228], [-77.5765127074869, 38.77942759924413], [-77.57619373593869, 38.78012616326061], [-77.57619881537147, 38.78013392666938], [-77.57652517224939, 38.78063282497626], [-77.57673972908063, 38.78103232905674], [-77.57690219564253, 38.78166379122968], [-77.57728751232868, 38.78222115367493]], [[-77.57918122032089, 38.78170476255712], [-77.57898936652006, 38.78213220303737], [-77.57855249073035, 38.782012062018204], [-77.5787443514472, 38.78158461957494], [-77.57918122032089, 38.78170476255712]]]}, "properties": {"OBJECTID": 57, "ZoningDistrict": "M/T", "CaseNumber": "REZ2025-00003", "CaseName": "Project Industry", "EnergovID": "71a5c10e-0a22-4286-a5c9-b05bff0d3e5f", "RemainingGFA": 643390, "ChangeTrigger": 0, "GISAcreage": 42.19793256, "MagistDist": "Brentsville", "GlobalID": "{60B180A3-2533-4CC4-9ABD-3511288A102A}", "CreateUser": "RFH7157A", "CreateDate": 1776265528000, "LastEditUser": "RFH7157A", "LastEditDate": 1784557147000, "ProjectStatus": "Pending", "CampusName": "Project Industry", "PlannedGFA": 643390, "DCOOD": "Yes", "Shape.STArea()": 1838141.9424222088, "Shape.STLength()": 6216.594868510847}}, {"type": "Feature", "id": 58, "geometry": {"type": "Polygon", "coordinates": [[[-77.44315382729201, 38.64699202668875], [-77.44305775584996, 38.647006605826185], [-77.44241820570913, 38.64710019908781], [-77.44234251855805, 38.64711112471726], [-77.44148963478901, 38.647228615031196], [-77.44102609708146, 38.64729270629001], [-77.44100326344889, 38.647295863818194], [-77.4409669564322, 38.647300883309995], [-77.4409423419869, 38.64730311116576], [-77.44091427944329, 38.64730646191919], [-77.44088621437906, 38.64730998382097], [-77.44085815184344, 38.64731333366014], [-77.4408300892919, 38.6473166843933], [-77.44080202675104, 38.64732003421901], [-77.44077440184319, 38.647323388898954], [-77.44072441528985, 38.647329287275014], [-77.44069634768897, 38.64733298028638], [-77.44066828007195, 38.64733667419184], [-77.44064065011426, 38.64734037115042], [-77.44061258502343, 38.64734389298659], [-77.44058451739781, 38.64734758687197], [-77.44055688995044, 38.64735111265564], [-77.44052882485134, 38.64735463447175], [-77.44050076228167, 38.64735798422515], [-77.44047269969614, 38.64736133487268], [-77.4404446371212, 38.64736468461265], [-77.44041701217955, 38.64736803920822], [-77.44038894959947, 38.64737138893482], [-77.44036088953604, 38.64737456749961], [-77.44033282487536, 38.6473777460161], [-77.44030476934863, 38.64738092821228], [-77.44027671185032, 38.64738393199848], [-77.44024865430984, 38.64738693848045], [-77.44019867640345, 38.64739232137543], [-77.43953830284543, 38.64747267027843], [-77.43890211055043, 38.64754602627307], [-77.43804932570309, 38.64764367280298], [-77.43758032117269, 38.64771767964402], [-77.43728949263206, 38.64776365518288], [-77.43672600516685, 38.648837657624824], [-77.43662392716828, 38.64903461480036], [-77.43944348356436, 38.64887322133602], [-77.43946497738095, 38.64887199078428], [-77.43946560116225, 38.64885936080489], [-77.43946628895908, 38.64884542684982], [-77.43948992190748, 38.64884412107509], [-77.44018997236456, 38.64880545481139], [-77.44373499542682, 38.648609583590115], [-77.44373540130323, 38.64860956112531], [-77.44381645883065, 38.64745213673218], [-77.44384298211872, 38.64688816396393], [-77.44315382729201, 38.64699202668875]]]}, "properties": {"OBJECTID": 58, "ZoningDistrict": "PBD", "CaseNumber": "REZ2026-00019", "CaseName": "Six Towers Industrial Park", "EnergovID": "f32568b2-c8f2-4134-815c-9da3cb62a8f1", "RemainingGFA": 945252, "ChangeTrigger": 0, "GISAcreage": 23.59526626, "MagistDist": "Coles", "GlobalID": "{F77036F7-8482-46E2-A913-BE9742F13ED6}", "CreateUser": "RFH7157A", "CreateDate": 1776280071000, "LastEditUser": "RFH7157A", "LastEditDate": 1784557147000, "ProjectStatus": "Pending", "CampusName": "Six Towers Industrial Park", "PlannedGFA": 945252, "DCOOD": "Yes", "Shape.STArea()": 1027809.7981951396, "Shape.STLength()": 5072.507145482475}}, {"type": "Feature", "id": 59, "geometry": {"type": "MultiPolygon", "coordinates": [[[[-77.50566460275876, 38.72647358533511], [-77.50579100586462, 38.7265234252329], [-77.50670825885132, 38.72688509104771], [-77.50685036080118, 38.72695052525573], [-77.50685083394858, 38.726949742766465], [-77.50748210077191, 38.72590426054156], [-77.50779489730739, 38.72538620274384], [-77.5084671834456, 38.72427273427098], [-77.50846752361069, 38.72427216867144], [-77.50733124109273, 38.72298690790525], [-77.50733102479377, 38.7229866646275], [-77.50309286298227, 38.72382767790219], [-77.50224057868452, 38.72399675977301], [-77.50226174847802, 38.724032597384465], [-77.50228038435947, 38.72406929000942], [-77.50230122354105, 38.72411934486041], [-77.50232011152707, 38.72416472715994], [-77.50232014614983, 38.724164801329856], [-77.5023432119215, 38.72420896872143], [-77.50234325906847, 38.72420905200711], [-77.50237043904875, 38.72425186250319], [-77.50250382731213, 38.7244439715065], [-77.50263778682029, 38.7246369023371], [-77.50264329981664, 38.724644095832645], [-77.5026494379336, 38.72465076389286], [-77.50266387205475, 38.72466289504899], [-77.5026639096526, 38.72466292059467], [-77.50268071866725, 38.72467297823147], [-77.50268075977736, 38.72467299930242], [-77.50269949427339, 38.72468071562583], [-77.50269952860884, 38.72468072762999], [-77.5027196821272, 38.72468588481187], [-77.502761993246, 38.72474682338029], [-77.50282961792117, 38.7248442175844], [-77.502848869708, 38.72487194402727], [-77.5029153325707, 38.72496298584246], [-77.50291538790577, 38.72496305928749], [-77.50298671472291, 38.72505176853009], [-77.50298680069419, 38.72505187196599], [-77.50306288295633, 38.72513811256662], [-77.50306298152717, 38.725138219713294], [-77.5031436572125, 38.725221816407746], [-77.50314378881961, 38.72522194635825], [-77.50322898433808, 38.725302815626826], [-77.50322907633439, 38.72530289929361], [-77.50331862832232, 38.725380879374136], [-77.5033186919824, 38.72538093306963], [-77.50341247099772, 38.725455903930495], [-77.50347391940507, 38.72551036161515], [-77.50363491087522, 38.72565303917353], [-77.50373760545108, 38.72571402046856], [-77.50373775379586, 38.72571410461392], [-77.50384354412597, 38.725771796761826], [-77.5038436662843, 38.72577186176524], [-77.50395236296735, 38.725826155038156], [-77.50395248065085, 38.72582621099425], [-77.50406381751176, 38.72587697519208], [-77.50406401413017, 38.725877061549134], [-77.50417808375514, 38.725924337091605], [-77.50548399061435, 38.72643926841416], [-77.50550365666626, 38.72644546062924], [-77.50552434409704, 38.7264489848885], [-77.505524391183, 38.72644898979271], [-77.50554552394506, 38.726449752016734], [-77.50554557686799, 38.726449750663974], [-77.50556662516472, 38.72644772203219], [-77.50556666088814, 38.72644771692985], [-77.50558694409557, 38.72644296374004], [-77.50566460275876, 38.72647358533511]]], [[[-77.50278818930232, 38.726862416673335], [-77.50244861590595, 38.72709676296968], [-77.50519042469396, 38.7295319053068], [-77.5055501315473, 38.72910776678321], [-77.50573508469525, 38.72879626178549], [-77.50606075652014, 38.72825667165621], [-77.50668896952259, 38.727215791385035], [-77.50668910959178, 38.72721555923526], [-77.50645678290032, 38.727105498887084], [-77.50577760928273, 38.726837715747656], [-77.50576164025001, 38.7268323855896], [-77.50575752174004, 38.726831304685405], [-77.5057449356489, 38.72682868344932], [-77.50574100966874, 38.72682806814941], [-77.5057231254086, 38.72682642089564], [-77.50572095618679, 38.726826347535436], [-77.50571878544137, 38.72682630118977], [-77.50569789354248, 38.726827241969865], [-77.5056978347947, 38.726827248678724], [-77.5056773615531, 38.72683068313747], [-77.50567731656747, 38.72683069266585], [-77.50565771143867, 38.72683655434566], [-77.50560915220801, 38.726817407781006], [-77.50542948947043, 38.72674656672005], [-77.50453036665016, 38.72639203773257], [-77.50423622210555, 38.726239168710535], [-77.5040464769264, 38.72616434786969], [-77.50402884462342, 38.72615739430135], [-77.50389654080757, 38.72610242837021], [-77.50389638306252, 38.726102358559785], [-77.50376733719028, 38.726043108389995], [-77.50376724350582, 38.726043063448714], [-77.5036414738789, 38.72597953731477], [-77.50364131974652, 38.725979455822795], [-77.50351917239173, 38.72591183145486], [-77.50351903890875, 38.72591175374199], [-77.50340065759407, 38.725840114357176], [-77.503400559535, 38.72584005316189], [-77.50328614396133, 38.72576451218345], [-77.50328598560456, 38.72576440362766], [-77.50317583422927, 38.72568516811355], [-77.50317578300623, 38.7256851298394], [-77.50306993583027, 38.72560221816021], [-77.50306979139842, 38.725602100713346], [-77.50296862945753, 38.72551581883005], [-77.50288708143493, 38.725440548972365], [-77.50288693047875, 38.72544040444225], [-77.50280902169368, 38.725363044736504], [-77.50279105881215, 38.72534437355446], [-77.50278608585457, 38.72533915097003], [-77.5027854114216, 38.725338439813655], [-77.50271292638773, 38.72525910543951], [-77.50271278034432, 38.725258938428105], [-77.50264406493987, 38.72517781353583], [-77.50264396315717, 38.72517768924409], [-77.50257891304223, 38.725094667544994], [-77.5025686728784, 38.72508305406682], [-77.5025686343178, 38.72508301499923], [-77.5025564302872, 38.7250726956375], [-77.50255640297615, 38.72507267468398], [-77.50254243183117, 38.725063808773015], [-77.50254239644555, 38.72506378955259], [-77.50252696021988, 38.72505657426059], [-77.5025269030355, 38.72505655125091], [-77.50251033322292, 38.72505113264454], [-77.50247859510614, 38.72500542208192], [-77.50237226118823, 38.72485227648811], [-77.50190565941347, 38.72418025680391], [-77.50185779728297, 38.724073551828425], [-77.49921203201224, 38.724598453496995], [-77.49916039418176, 38.72460869736122], [-77.49990009638412, 38.725085642225416], [-77.49990232135131, 38.7250835224383], [-77.50016712549636, 38.72525721649067], [-77.50042815060502, 38.725434385861575], [-77.50068532264187, 38.725614979493166], [-77.50093857103131, 38.725798945456475], [-77.50118782173271, 38.72598623269416], [-77.50143300419043, 38.726176787476064], [-77.50167404785861, 38.7263705551714], [-77.50170767384951, 38.72634531597275], [-77.50192708065154, 38.726180637893286], [-77.50278818930232, 38.726862416673335]]]]}, "properties": {"OBJECTID": 59, "ZoningDistrict": "M-2", "CaseNumber": "REZ1987-0021", "CaseName": "Great Oak", "EnergovID": "fcd445a8-af13-446b-b852-86f22fb0ba21", "RemainingGFA": 1120991, "ChangeTrigger": 0, "GISAcreage": 64.89868289, "MagistDist": "Coles", "GlobalID": "{3EA21DD6-72B3-465E-AF3F-86FA100A7EAE}", "CreateUser": "RFH7157A", "CreateDate": 1776342186000, "LastEditUser": "RFH7157A", "LastEditDate": 1784557147000, "ProjectStatus": "Planned", "CampusName": "Project Gulfstream", "PlannedGFA": 1120991, "DCOOD": "Yes", "Shape.STArea()": 2827089.9770628647, "Shape.STLength()": 11238.807952125258}}, {"type": "Feature", "id": 64, "geometry": {"type": "Polygon", "coordinates": [[[-77.59093923777704, 38.79794904679732], [-77.590947666501, 38.79794963643347], [-77.59140540661242, 38.79797967883472], [-77.59140593002739, 38.79797970991552], [-77.59186398975889, 38.79800571609911], [-77.59186459834537, 38.79800574873813], [-77.5923228648677, 38.79802771332313], [-77.59232361275076, 38.79802774613664], [-77.59278226430725, 38.798045678607195], [-77.59278291330862, 38.798045701644156], [-77.59324244240858, 38.79805961301098], [-77.59324846500124, 38.79805975415709], [-77.59344015217263, 38.79806433834093], [-77.59351683321636, 38.79806597503925], [-77.59355517541914, 38.798066751491085], [-77.59359351912627, 38.79806750001433], [-77.59363186205813, 38.798068218789645], [-77.59367020764527, 38.798068909645195], [-77.59374689985592, 38.798070209345525], [-77.59390029432451, 38.79807246903678], [-77.59424546161118, 38.79807590488031], [-77.59432216909667, 38.79807635928511], [-77.59443723416334, 38.79807682776679], [-77.59443571485298, 38.79807369804935], [-77.59360956512722, 38.79637163831845], [-77.5936107981119, 38.796371269470356], [-77.59365707068173, 38.796356117221855], [-77.5937019887394, 38.79633864640262], [-77.59370662992076, 38.79633667507037], [-77.59371125414233, 38.79633467928282], [-77.59371586026447, 38.79633265813023], [-77.59372045057795, 38.79633061253124], [-77.593725020467, 38.79632854335109], [-77.59372957341908, 38.79632644791397], [-77.59373410707512, 38.79632433070615], [-77.59373862264303, 38.79632218723252], [-77.5937431189376, 38.79632002018669], [-77.59374759712135, 38.79631782867658], [-77.59375205602043, 38.79631561449502], [-77.5937564945065, 38.796313375831446], [-77.59376091256813, 38.796311113586725], [-77.5937653125189, 38.79630882687783], [-77.59376969203392, 38.79630651748853], [-77.59377405112454, 38.79630418451809], [-77.59377838979071, 38.796301827966516], [-77.59378270802112, 38.796299448734565], [-77.59378700466468, 38.79629704681336], [-77.5937912797327, 38.796294621302124], [-77.59379553437633, 38.7962921722097], [-77.59379976742171, 38.79628970132887], [-77.59380397889159, 38.796287206858004], [-77.5938081676121, 38.796284690589815], [-77.59381233472308, 38.79628215343398], [-77.59381648026994, 38.796279591787275], [-77.59381733062965, 38.796279074036576], [-77.59385117502985, 38.79625668973105], [-77.5937961721214, 38.79624371359797], [-77.59190996006167, 38.79579870473105], [-77.59185791449293, 38.795786426245904], [-77.5916652458008, 38.79623999099781], [-77.59166398809788, 38.796242951503885], [-77.59094195984261, 38.79794263371415], [-77.59093923777704, 38.79794904679732]]]}, "properties": {"OBJECTID": 64, "ZoningDistrict": "M-1", "CaseNumber": "REZ1958-0021", "CaseName": "ATLANTIC RESEARCH", "EnergovID": "7b3b0a5f-c395-47c0-99c0-eb53f411acb3", "RemainingGFA": 989867, "ChangeTrigger": 0, "GISAcreage": 12.71053948, "MagistDist": "Brentsville", "GlobalID": "{A90467DD-0BBD-4EA5-BACA-C2997148032B}", "CreateUser": "RFH7157A", "CreateDate": 1776439681000, "LastEditUser": "RFH7157A", "LastEditDate": 1784557147000, "ProjectStatus": "Planned", "CampusName": "Gainesville RLC Data Center", "PlannedGFA": 989867, "DCOOD": "Yes", "Shape.STArea()": 553578.817102464, "Shape.STLength()": 3167.003429000227}}, {"type": "Feature", "id": 65, "geometry": {"type": "Polygon", "coordinates": [[[-77.55689477723557, 38.78832272242537], [-77.55688230422108, 38.788332803184844], [-77.55865881174581, 38.78905482412496], [-77.55943099856589, 38.789368610511566], [-77.56000347270927, 38.78855556649537], [-77.56051745333406, 38.78782557969278], [-77.55969603812613, 38.787491751616024], [-77.55969588468977, 38.787491690025796], [-77.559699534178, 38.78748618957039], [-77.56011282275504, 38.786863238243654], [-77.56009491782511, 38.786857278564774], [-77.55998841676606, 38.786819530583564], [-77.55998826327199, 38.78681947349773], [-77.55988391082985, 38.786778509316456], [-77.55988376428863, 38.7867784486826], [-77.55978156727328, 38.7867342764696], [-77.55978145056217, 38.78673422328192], [-77.55968154637559, 38.78668689909895], [-77.55968137254256, 38.7866868130209], [-77.55958400133204, 38.786636457717734], [-77.55901073603812, 38.78708955052067], [-77.55851321817137, 38.786887359475614], [-77.55800394420528, 38.787426312147296], [-77.5573610947837, 38.78797745039759], [-77.55713556489384, 38.78821976307821], [-77.55706100844546, 38.788188379131626], [-77.55689477723557, 38.78832272242537]]]}, "properties": {"OBJECTID": 65, "ZoningDistrict": "M-1", "CaseNumber": "REZ1958-0034", "CaseName": "LACY", "EnergovID": "ce26192c-ef81-4bfe-87c3-346eed0658ae", "RemainingGFA": 311000, "ChangeTrigger": 0, "GISAcreage": 12.16065305, "MagistDist": "Brentsville", "GlobalID": "{0718FC0F-E2EB-415F-9E53-A47298753107}", "CreateUser": "RFH7157A", "CreateDate": 1776444425000, "LastEditUser": "RFH7157A", "LastEditDate": 1784557147000, "ProjectStatus": "Planned", "CampusName": "Hansen Farm North", "PlannedGFA": 311000, "DCOOD": "Yes", "Shape.STArea()": 529736.3600822581, "Shape.STLength()": 3268.6133163288355}}, {"type": "Feature", "id": 66, "geometry": {"type": "MultiPolygon", "coordinates": [[[[-77.5589849886736, 38.78458984241138], [-77.55899145604742, 38.78461771675751], [-77.55905501526448, 38.7848914089161], [-77.55905515499003, 38.784891462289195], [-77.55971178785323, 38.78514084395375], [-77.56000069364922, 38.785245652274625], [-77.5600826496814, 38.785186914642885], [-77.56008619821145, 38.78518436921288], [-77.56053353636491, 38.78486374867088], [-77.56091937928974, 38.78458720242578], [-77.56098487158464, 38.7845417953736], [-77.56098489713978, 38.78454177756023], [-77.56098562003169, 38.784529801729306], [-77.56098521841339, 38.78451781082434], [-77.56098521549046, 38.784517770260514], [-77.56098368853104, 38.78450582152237], [-77.56098106395777, 38.78449406501085], [-77.56097730035964, 38.78448236695925], [-77.5609725076648, 38.78447105152033], [-77.56097248527088, 38.7844710035934], [-77.56095974914399, 38.784449262038805], [-77.56111359054228, 38.78435427768386], [-77.56113060861212, 38.78436711117927], [-77.56115014729704, 38.784377486476984], [-77.56115019193466, 38.784377505753206], [-77.5611716888083, 38.784385126458965], [-77.56117173238918, 38.7843851385195], [-77.56119457218645, 38.784389787996254], [-77.56119461815152, 38.784389793769535], [-77.56121817071295, 38.784391338144076], [-77.56124173692851, 38.784389723171685], [-77.56131975787581, 38.78435063871906], [-77.56138520068392, 38.78431911659873], [-77.56151651289288, 38.78424128741219], [-77.56161975814204, 38.7841780361893], [-77.56161991599225, 38.78417793565074], [-77.56171971908863, 38.78411163428549], [-77.56171989564693, 38.78411151137395], [-77.56181623902994, 38.784042182257025], [-77.56181634828361, 38.7840421011492], [-77.56190916687831, 38.78396979151625], [-77.56202206067952, 38.78389099012624], [-77.56216097143975, 38.783794028246874], [-77.56224733007802, 38.783704334303195], [-77.56224742697671, 38.78370422967285], [-77.56232870453347, 38.783611828383194], [-77.56232879338746, 38.78361172278757], [-77.5624049429682, 38.78351668045387], [-77.56280456741463, 38.78286331300247], [-77.56273065744904, 38.78272242991428], [-77.55922363360921, 38.78172400961905], [-77.55909802432255, 38.781686160595946], [-77.55896399336497, 38.78164102946163], [-77.55883239772335, 38.78159170330815], [-77.55870345158542, 38.78153826314155], [-77.55857736331197, 38.7814807953274], [-77.55845434001621, 38.781419393429026], [-77.55833458067042, 38.78135415725161], [-77.55821828070938, 38.781285192878485], [-77.5589849886736, 38.78458984241138]]], [[[-77.56121198601555, 38.784863549572016], [-77.56103027334055, 38.78497963249055], [-77.56085024272842, 38.785097311476754], [-77.56058649729792, 38.785235334962906], [-77.56038005953575, 38.78538329443199], [-77.56038101266194, 38.78538364080557], [-77.56124005829192, 38.785695273777336], [-77.5613007753161, 38.78571729931153], [-77.56323735048842, 38.786419789270624], [-77.56331595656553, 38.78644830254798], [-77.56338968341736, 38.786018276478366], [-77.56363010240527, 38.784615950803705], [-77.56365759040351, 38.78446999319467], [-77.56365763457086, 38.784469783637945], [-77.56369022977829, 38.784324687508715], [-77.56369028323475, 38.784324471719856], [-77.56372799835127, 38.784180143474444], [-77.56372805152579, 38.78417994930486], [-77.5637708635397, 38.78403647434028], [-77.56377969168494, 38.783965281042605], [-77.5637939407422, 38.78392193724519], [-77.56378656470467, 38.78391984774208], [-77.56377507519659, 38.78391659297364], [-77.56277852402944, 38.78363410568625], [-77.56273723759718, 38.78368890534789], [-77.56273704088846, 38.78368916143295], [-77.56269403965254, 38.78374350052993], [-77.56264765473395, 38.78381801882249], [-77.56259838411171, 38.7838924518703], [-77.56254316671621, 38.78396428241647], [-77.56248222617494, 38.78403321944844], [-77.5624158101108, 38.78409898565836], [-77.56234418673695, 38.78416131381283], [-77.56226764479774, 38.78421995125666], [-77.56218649583548, 38.78427466263437], [-77.56210106621664, 38.78432522351988], [-77.56201170387219, 38.78437143308341], [-77.56171070709935, 38.78451696654438], [-77.5616080084852, 38.78457807898179], [-77.56158766933554, 38.7845924099046], [-77.5615876425708, 38.78459243221294], [-77.56157048080573, 38.78460909755805], [-77.56157044811006, 38.784609133332374], [-77.56156325397568, 38.78461813491445], [-77.56155687984733, 38.78462773462993], [-77.56155686223093, 38.78462776151593], [-77.5615515729531, 38.784637570940454], [-77.56154723306949, 38.784647835767764], [-77.56154399386361, 38.78465821172624], [-77.56154180079024, 38.78466885801189], [-77.56154070984192, 38.78467953482707], [-77.56154070854431, 38.78469026723356], [-77.56154071042259, 38.784690299680925], [-77.56154180493209, 38.78470100618645], [-77.56154397112171, 38.78471154823721], [-77.56154398318152, 38.78471159427953], [-77.56154725519163, 38.784722080934166], [-77.56155152945479, 38.78473220055126], [-77.56155690885258, 38.784742182420516], [-77.56156317836066, 38.78475163064274], [-77.56135188981402, 38.78488208367619], [-77.56134731918115, 38.784876849630386], [-77.56134230527839, 38.784872038528725], [-77.56134228365845, 38.78487201943686], [-77.56133069729593, 38.78486339970523], [-77.56133066534142, 38.78486337872885], [-77.56131739527576, 38.78485641488573], [-77.56131734835955, 38.78485639378956], [-77.56130278221505, 38.78485128262993], [-77.56130274206303, 38.784851272398654], [-77.56128727170477, 38.784848150391376], [-77.56127130795318, 38.78484711271576], [-77.56125539830568, 38.78484818897887], [-77.56125535103644, 38.7848481949068], [-77.56123989415008, 38.78485135406544], [-77.56123985372733, 38.784851364552694], [-77.56122527076204, 38.78485652709529], [-77.56121198601555, 38.784863549572016]]]]}, "properties": {"OBJECTID": 66, "ZoningDistrict": "M/T", "CaseNumber": "PLN2004-00071", "CaseName": "WELLINGTON BUSINESS PARK", "EnergovID": "1f3ea70c-725c-49a2-8f29-2492ed6a5e27", "RemainingGFA": 622186, "ChangeTrigger": 0, "GISAcreage": 34.79505205, "MagistDist": "Brentsville", "GlobalID": "{8EA1FC0E-5D00-498D-9E6E-CF5116B61CD4}", "CreateUser": "RFH7157A", "CreateDate": 1776446921000, "LastEditUser": "RFH7157A", "LastEditDate": 1784557147000, "ProjectStatus": "Planned", "CampusName": "Rose East/West", "PlannedGFA": 622186, "DCOOD": "Yes", "Shape.STArea()": 1515728.663064231, "Shape.STLength()": 7467.75826892275}}, {"type": "Feature", "id": 68, "geometry": {"type": "Polygon", "coordinates": [[[-77.56605102246394, 38.78407286787157], [-77.56604661683453, 38.78407841385349], [-77.56604299280725, 38.78408298047662], [-77.56602711169043, 38.7841026899886], [-77.56599142581089, 38.78413359580369], [-77.56593040875521, 38.78418644034519], [-77.56577553708773, 38.784320554173966], [-77.56569250201704, 38.78439809430394], [-77.56560569041238, 38.784473058350294], [-77.56551523379854, 38.78454533383947], [-77.56542126710823, 38.784614811928904], [-77.56536254340266, 38.78465657988963], [-77.56549043860137, 38.7852843844054], [-77.56575377738244, 38.7853104065564], [-77.5662067392254, 38.78574504470394], [-77.56614646023975, 38.78594806317791], [-77.56603898353303, 38.78631003856869], [-77.56580187130542, 38.78710862304091], [-77.56580176078116, 38.787108978916066], [-77.5673518317451, 38.78765488200197], [-77.56885736537293, 38.788185442387025], [-77.56892862171209, 38.78821055298506], [-77.56898189070805, 38.788229323493766], [-77.57031840058855, 38.78690838788189], [-77.57028283724814, 38.78687933403589], [-77.57015818157235, 38.786784897602004], [-77.56855779034632, 38.785572483930956], [-77.56664935197641, 38.784254304192494], [-77.56665891872345, 38.784222084928885], [-77.56663488226751, 38.7842049783855], [-77.56661650937293, 38.78419190248218], [-77.56654734139701, 38.78414267288022], [-77.56650510320537, 38.78411261247457], [-77.5664211903166, 38.784052892496675], [-77.56639759081578, 38.78407320998765], [-77.56620991132985, 38.7839396325081], [-77.56616984847358, 38.78390977398175], [-77.56612820093696, 38.78397005120198], [-77.56612805558113, 38.78397025364762], [-77.56608427228997, 38.78402986610053], [-77.56605102246394, 38.78407286787157]]]}, "properties": {"OBJECTID": 68, "ZoningDistrict": "M-1", "CaseNumber": "REZ1990-0076", "CaseName": "CANNON", "EnergovID": "7ae84689-4196-4d5c-b2f2-2be2a4cac4ff", "RemainingGFA": 228140, "ChangeTrigger": 0, "GISAcreage": 25.3489172, "MagistDist": "Brentsville", "GlobalID": "{175D88B1-644C-4492-93F0-D19620509641}", "CreateUser": "RFH7157A", "CreateDate": 1776448611000, "LastEditUser": "RFH7157A", "LastEditDate": 1784557147000, "ProjectStatus": "Planned", "CampusName": "Hansen Farm South", "PlannedGFA": 228140, "DCOOD": "Yes", "Shape.STArea()": 1104218.7083861802, "Shape.STLength()": 4613.560713148442}}, {"type": "Feature", "id": 70, "geometry": {"type": "Polygon", "coordinates": [[[-77.54437263696052, 38.75624204520641], [-77.54376553579759, 38.75671100040266], [-77.54359506938222, 38.75684269893096], [-77.54352591770188, 38.756926303720775], [-77.54351654155424, 38.756937639001215], [-77.54313463066264, 38.75739765486864], [-77.54313575476485, 38.75739800188264], [-77.54637983903095, 38.75839781406151], [-77.54682360171589, 38.756811052698886], [-77.54692269412415, 38.75680945557544], [-77.5469823521611, 38.75657465285411], [-77.54746381105925, 38.75467921501958], [-77.54615305110794, 38.75412365480154], [-77.54525551793114, 38.75522966426792], [-77.54543296386811, 38.755599583307195], [-77.54543467610277, 38.755602686454566], [-77.54543509391252, 38.75560423400906], [-77.54543638833758, 38.75560578960191], [-77.54543810057248, 38.75560889274923], [-77.54543896242018, 38.755610272746985], [-77.54543981509241, 38.75561182384211], [-77.54544111180253, 38.75561320738052], [-77.545441967962, 38.75561475580133], [-77.54544456133465, 38.75561752648128], [-77.54544542318254, 38.75561890647898], [-77.54544671416875, 38.755620461142776], [-77.54544801315203, 38.75562167352749], [-77.54545189868175, 38.75562582410493], [-77.54545320227886, 38.755627035626254], [-77.54545449898953, 38.755628419164495], [-77.54545579797308, 38.75562963154907], [-77.54545753528232, 38.755630846601605], [-77.54545883426597, 38.75563205898619], [-77.54546057157538, 38.755633274038686], [-77.54546187401041, 38.75563448645138], [-77.54546360786864, 38.75563570147565], [-77.5454649091372, 38.755636741805795], [-77.54546664643487, 38.75563795775898], [-77.54546838946865, 38.75563900168584], [-77.5454696872861, 38.755640041987775], [-77.54547664561672, 38.75564421758243], [-77.54547838748425, 38.7556450894266], [-77.5454801270671, 38.75564613332521], [-77.54548361079043, 38.75564787791424], [-77.54548579096004, 38.75564875422775], [-77.54548753282779, 38.755649626071765], [-77.54549494541942, 38.75565260445627], [-77.54549712787403, 38.755653308715175], [-77.54549887201478, 38.75565400940545], [-77.54550105446945, 38.755654713664256], [-77.54550280089497, 38.75565524230006], [-77.5455049833497, 38.75565594655876], [-77.54550716807722, 38.755656479663855], [-77.5455089145028, 38.75565700829957], [-77.54551109462868, 38.75565754136709], [-77.54551459895613, 38.75565842755971], [-77.5455189660944, 38.75565932167757], [-77.54552333556184, 38.75566038698636], [-77.54552770735846, 38.75566162348607], [-77.54553207222449, 38.75566268875704], [-77.54553643940771, 38.75566392611977], [-77.54554516922936, 38.755666743151934], [-77.54554909582646, 38.75566814809939], [-77.5455534607377, 38.75566955661507], [-77.54555738046079, 38.7556711326784], [-77.5455617476896, 38.755672713285655], [-77.54557003235766, 38.755676042010045], [-77.54557787640398, 38.755679541021614], [-77.54558963573511, 38.75568529714357], [-77.54559311490601, 38.75568738493735], [-77.54559703926546, 38.75568930518312], [-77.5456005115625, 38.75569156409285], [-77.54560442904817, 38.75569365545446], [-77.54561485972269, 38.755700434096674], [-77.54562875818607, 38.755710158100285], [-77.5456287843709, 38.755710179034295], [-77.54563482623381, 38.755715356173404], [-77.5456382985783, 38.75571795832748], [-77.5456393512598, 38.755718917352304], [-77.54564133032433, 38.755720728967844], [-77.54564436434305, 38.755723328454465], [-77.54564695777518, 38.75572609552669], [-77.54564998724956, 38.755729037320435], [-77.54565258068214, 38.7557318043925], [-77.54565561014502, 38.7557347470869], [-77.545658203578, 38.75573751415884], [-77.54566079473885, 38.755740452384295], [-77.54566338361565, 38.75574356266412], [-77.54566597476494, 38.7557465017903], [-77.54566723919756, 38.75574832380447], [-77.54566812532765, 38.75574960850209], [-77.54567071420507, 38.75575271878175], [-77.54567716589493, 38.75576203891676], [-77.54568146241797, 38.75576859915115], [-77.54568317244293, 38.75577186984517], [-77.54568532532458, 38.75577514864849], [-77.54568874066594, 38.75578169810614], [-77.54569044835945, 38.755785144457654], [-77.54569171542086, 38.75578841514945], [-77.54569342771637, 38.75579186153844], [-77.54569850523389, 38.755805632672825], [-77.54569921469808, 38.755807658278556], [-77.54569977232936, 38.75580924751082], [-77.54570143445926, 38.755816125942275], [-77.54570309203302, 38.75582334758176], [-77.54570392309827, 38.75582678679746], [-77.54570431357631, 38.75583039359896], [-77.54570514235749, 38.7558340048691], [-77.54570553283567, 38.755837611670636], [-77.54570592558612, 38.755841047318505], [-77.54570631605239, 38.755844655020844], [-77.54570626821558, 38.75584825825456], [-77.54570665863413, 38.7558518695601], [-77.54570646731084, 38.755866280693326], [-77.54570598115873, 38.75586988035923], [-77.54570593330995, 38.75587348449376], [-77.54570544715781, 38.755877084159685], [-77.54570496327791, 38.75588051267196], [-77.54570447711374, 38.75588411323865], [-77.54570355264612, 38.75588770933682], [-77.54570306648182, 38.75589130990349], [-77.54570214428634, 38.755894734847956], [-77.54570121981843, 38.75589833094609], [-77.5457002976108, 38.75590175679131], [-77.54569937314271, 38.755905352889386], [-77.54569801267924, 38.755908770662806], [-77.54569708815116, 38.755912371264884], [-77.54569300661603, 38.755922635394654], [-77.54569120778848, 38.75592605320337], [-77.54568984495886, 38.75592930248805], [-77.54568805073276, 38.75593272033416], [-77.54568625422486, 38.75593596338597], [-77.54568445534882, 38.75593938479781], [-77.54568086224847, 38.755945877206926], [-77.54567862738834, 38.755949119393165], [-77.54567683083178, 38.75595236604799], [-77.54567459824358, 38.75595543708056], [-77.54567236338288, 38.755958679266655], [-77.54566969247846, 38.7559617467312], [-77.54566522730067, 38.75596788879598], [-77.54566255866804, 38.75597078510674], [-77.54565988776281, 38.75597385257105], [-77.54565188188676, 38.755982539701215], [-77.54564921553731, 38.75598526395726], [-77.54564611318918, 38.755988156737104], [-77.54564078500113, 38.75599291879548], [-77.54563457566849, 38.75599836017088], [-77.54562837089176, 38.75600345833804], [-77.54562483019298, 38.756006003402945], [-77.54562173008244, 38.756008380882285], [-77.54561111480136, 38.75601550261539], [-77.54560050634771, 38.75602210998597], [-77.54559653416034, 38.75602413712026], [-77.5455929980164, 38.75602633897622], [-77.5455922126384, 38.75602673799027], [-77.54558902122687, 38.756028366072854], [-77.54558505591314, 38.75603022209059], [-77.54558152432563, 38.75603208073825], [-77.54556961458935, 38.756037647777255], [-77.54556124329359, 38.756040840004935], [-77.54555727566127, 38.756042523929914], [-77.54555287198511, 38.7560440331328], [-77.54554890890965, 38.7560453738495], [-77.54554450524508, 38.75604688215131], [-77.54554054216929, 38.75604822286773], [-77.54553614077707, 38.75604956001559], [-77.54552294342942, 38.756053057096636], [-77.54550975292251, 38.75605603891381], [-77.54549656925673, 38.756058505467124], [-77.54549173866168, 38.75605915262876], [-77.54548734638284, 38.75605980335885], [-77.54548295637679, 38.75606028293514], [-77.54547812806624, 38.75606075804184], [-77.54546934346395, 38.75606171625534], [-77.54546452202781, 38.75606202024536], [-77.54546013657908, 38.756062156612806], [-77.54545531054107, 38.75606246056501], [-77.54545092505643, 38.75606259963455], [-77.54544609897431, 38.7560625603409], [-77.54544171817514, 38.756062693141914], [-77.5454368989318, 38.756062485434185], [-77.54543251576789, 38.7560624497462], [-77.54542769660829, 38.75606223573246], [-77.5454233157293, 38.75606202798972], [-77.54541893712323, 38.756061649093255], [-77.54541630512338, 38.75606143937373], [-77.54541412020082, 38.75606126662779], [-77.54540974504617, 38.75606088775909], [-77.54540492694554, 38.75606033411155], [-77.54539617314136, 38.756059233099734], [-77.54539136077719, 38.756058507425315], [-77.54538261268195, 38.75605706321391], [-77.54537386914505, 38.75605527579381], [-77.5453690613395, 38.75605420691054], [-77.54536032236146, 38.756052076281435], [-77.54535595515763, 38.7560508389123], [-77.54535202625834, 38.75604960601287], [-77.54534765905487, 38.7560483686434], [-77.54533892919461, 38.756045551596756], [-77.54533500258101, 38.75604414664237], [-77.54533063765126, 38.75604273811865], [-77.54531842861226, 38.756037833269076], [-77.54531450655782, 38.75603608510604], [-77.54531058327758, 38.75603416936437], [-77.5453066647227, 38.75603241762593], [-77.54529882517359, 38.75602857809095], [-77.54529628778606, 38.75602722228601], [-77.54529099018377, 38.756024395347396], [-77.5452875064036, 38.756022307507315], [-77.54528359351096, 38.7560202161727], [-77.54527316282133, 38.756013437501494], [-77.5452696882025, 38.75601100649034], [-77.54526621129861, 38.75600874753352], [-77.54526273896555, 38.756006144467776], [-77.54525970266343, 38.75600371702576], [-77.54525623031883, 38.756001114860645], [-77.54525319401719, 38.755998687418504], [-77.54525016227436, 38.75599591676829], [-77.54524668999031, 38.75599331009884], [-77.54524365820014, 38.75599054305167], [-77.54524106477396, 38.75598777597069], [-77.54523499668865, 38.75598223463206], [-77.54523241013823, 38.75597929643478], [-77.5452298167129, 38.755976529353575], [-77.54522722557309, 38.7559735902179], [-77.54522463670693, 38.755970479928585], [-77.54522205015736, 38.75596754173107], [-77.54522012151367, 38.7559652260119], [-77.54521945668986, 38.75596443140415], [-77.54521730614013, 38.755961324684264], [-77.54521471727486, 38.75595821439472], [-77.54521041617635, 38.75595200095473], [-77.54520826791277, 38.7559487221803], [-77.54520483660242, 38.755943031141804], [-77.54515208059588, 38.75596212861687], [-77.54512671531154, 38.755971313069324], [-77.54512660316888, 38.7559713535976], [-77.54437263696052, 38.75624204520641]]]}, "properties": {"OBJECTID": 70, "ZoningDistrict": "M/T", "CaseNumber": "REZ1985-0048", "CaseName": "DWOSKIN", "EnergovID": "590d32cd-30f2-4381-a845-2669247e45e0", "RemainingGFA": 340000, "ChangeTrigger": 0, "GISAcreage": 21.17178243, "MagistDist": "Brentsville", "GlobalID": "{D0D91C8D-F80F-4D5B-BB35-B55EBB7CD93E}", "CreateUser": "RFH7157A", "CreateDate": 1776449514000, "LastEditUser": "RFH7157A", "LastEditDate": 1784557147000, "ProjectStatus": "Planned", "CampusName": "Manassas Tech Park North", "PlannedGFA": 340000, "DCOOD": "Yes", "Shape.STArea()": 922242.8427888581, "Shape.STLength()": 4598.664206434973}}, {"type": "Feature", "id": 72, "geometry": {"type": "Polygon", "coordinates": [[[-77.59610100638217, 38.79373607674255], [-77.5961042351005, 38.793736739454715], [-77.59610630906722, 38.793737047325514], [-77.59637264281596, 38.79377662241928], [-77.59637604386509, 38.793777129696004], [-77.59637836187207, 38.79377734664992], [-77.59664746426701, 38.793802471397285], [-77.5966507584843, 38.79380277784501], [-77.59665308154315, 38.79380286780646], [-77.5969238496875, 38.793813444510526], [-77.59692707596857, 38.79381356934787], [-77.59692945357291, 38.79381353269785], [-77.59720065176477, 38.79380949688341], [-77.59720368679818, 38.79380945087336], [-77.59720603952425, 38.7938092870003], [-77.59729268405788, 38.79380331242882], [-77.59730864951824, 38.7938022100767], [-77.59734772669398, 38.7937887469413], [-77.5973491601271, 38.79378735347933], [-77.59737533449248, 38.79376193619253], [-77.59737639515673, 38.793761717329176], [-77.59741076551497, 38.793754644025285], [-77.5974764511862, 38.79374112702936], [-77.5974994174236, 38.793736402871346], [-77.5975555998632, 38.793724841525936], [-77.5975792459122, 38.79371997483591], [-77.5975799343613, 38.79372033688593], [-77.59758044440136, 38.79372060567231], [-77.59760508281008, 38.79373360501617], [-77.59761590010112, 38.79373425759688], [-77.59764983812069, 38.79373630694468], [-77.59783177754008, 38.793708891315944], [-77.59801188655803, 38.79367486769439], [-77.59808221163216, 38.79366113288399], [-77.59860788566546, 38.793550702471585], [-77.59864789160278, 38.793538969450694], [-77.59868420025725, 38.79352134499511], [-77.59871540334333, 38.793498504768216], [-77.59874029601778, 38.79347133320285], [-77.59875792813642, 38.79344087524602], [-77.59876761262684, 38.79340831119719], [-77.5987689746331, 38.793374893122454], [-77.59876196808034, 38.79334190894503], [-77.59873234638344, 38.79325585777165], [-77.59869261267852, 38.79312001310267], [-77.59866288588132, 38.7929817948789], [-77.5986444521368, 38.79284300847136], [-77.59863629949652, 38.79270383980179], [-77.59863936573656, 38.79256569246338], [-77.59865084099476, 38.79242718001119], [-77.5986630422913, 38.792290433478406], [-77.59866631305358, 38.792255535481154], [-77.5986759050159, 38.79215317040561], [-77.59867816839711, 38.79212929340286], [-77.59868647388245, 38.79204165975686], [-77.59869617733791, 38.792041155042426], [-77.598696227812, 38.79204061849781], [-77.59869689897836, 38.79203327326589], [-77.59875708907636, 38.79137543038343], [-77.59877392559818, 38.79119141981066], [-77.59878003132849, 38.79112468888922], [-77.59878003400341, 38.791124659180284], [-77.59878137860376, 38.79110996873012], [-77.59873738863547, 38.79110208395314], [-77.59873733810429, 38.79110207455595], [-77.59760687012609, 38.7908994404879], [-77.59752959727331, 38.79088558933368], [-77.59716500720043, 38.790820233696714], [-77.59511984553014, 38.7904536066615], [-77.5949814751213, 38.79042879966465], [-77.59498139931459, 38.79042878646726], [-77.59489843969286, 38.791242241000425], [-77.5948984264011, 38.79124238233819], [-77.59481945665594, 38.791193925582], [-77.59479212363254, 38.791177276940395], [-77.5945045923901, 38.79146475000424], [-77.59392032716227, 38.79202988426623], [-77.593423897131, 38.79252442839948], [-77.59342371059103, 38.79252461524459], [-77.5935150093785, 38.792593159033224], [-77.59469154632733, 38.7932784407323], [-77.59469157083053, 38.793278231914165], [-77.59469444284444, 38.793251474119266], [-77.59469504439717, 38.79325178776839], [-77.59469530514264, 38.79325192401394], [-77.59479607458687, 38.79330418054498], [-77.59485560831571, 38.79333381268039], [-77.59491533756312, 38.79336254900371], [-77.59497569532772, 38.79339046762959], [-77.59503767080572, 38.7934160780028], [-77.59510288559912, 38.79344315656317], [-77.59510351429869, 38.79344341726686], [-77.5951112281287, 38.79344661999057], [-77.59524062383869, 38.7935003437954], [-77.59524640921748, 38.79350274605664], [-77.5952520258435, 38.793504654227256], [-77.59525307809903, 38.79350501188996], [-77.5952582201903, 38.79350675784297], [-77.59553246421855, 38.79359984857426], [-77.59553700569387, 38.79360138988545], [-77.59554030183617, 38.79360227385197], [-77.59583577361155, 38.793681578109954], [-77.59583662615152, 38.793681798193084], [-77.59583756179347, 38.79368200089885], [-77.59610100638217, 38.79373607674255]]]}, "properties": {"OBJECTID": 72, "ZoningDistrict": "M-2", "CaseNumber": "REZ1989-0038", "CaseName": "STONECREST", "EnergovID": "d4cb066c-32c2-427f-8d02-42b4565dc4c0", "RemainingGFA": 460740, "ChangeTrigger": 0, "GISAcreage": 30.48013284, "MagistDist": "Brentsville", "GlobalID": "{636031EC-55DC-4922-8EB8-8EF38F9CED62}", "CreateUser": "RFH7157A", "CreateDate": 1776450324000, "LastEditUser": "RFH7157A", "LastEditDate": 1784557147000, "ProjectStatus": "Planned", "CampusName": "Manassas Data Center", "PlannedGFA": 460740, "DCOOD": "Yes", "Shape.STArea()": 1327714.586543287, "Shape.STLength()": 4630.174645898185}}, {"type": "Feature", "id": 76, "geometry": {"type": "Polygon", "coordinates": [[[-77.53558943582169, 38.75095813715743], [-77.53556728979139, 38.750995900301554], [-77.53556175712906, 38.751005504408084], [-77.53555078684427, 38.7510247458349], [-77.53548813265736, 38.7511401672808], [-77.53539721178893, 38.75126177687979], [-77.53530413501213, 38.75140838867517], [-77.53502072216756, 38.751866857789636], [-77.53500808097905, 38.75188730704132], [-77.53500803157523, 38.75188738771634], [-77.5350013029641, 38.75189740228354], [-77.53499555716192, 38.751908011313716], [-77.53499103257164, 38.75191877874944], [-77.53498762106788, 38.7519299488538], [-77.5349876113933, 38.75192998390956], [-77.53498542372812, 38.751941222663845], [-77.53498442885152, 38.75195262905229], [-77.53498442823478, 38.751952674993525], [-77.53498465154938, 38.75196409774104], [-77.53498608086676, 38.751975432911166], [-77.53498608732154, 38.751975466297885], [-77.53498874185637, 38.75198676126072], [-77.53499254425451, 38.75199772321806], [-77.53499756885108, 38.752008547791476], [-77.53500362203917, 38.75201883257998], [-77.53501087500331, 38.752028863717925], [-77.53501900306894, 38.75203819987166], [-77.53501902688815, 38.7520382252932], [-77.53503827654514, 38.75205531630094], [-77.53503831414464, 38.75205534363765], [-77.53506091850784, 38.752069703675794], [-77.53506095506582, 38.75206972289573], [-77.53508631419022, 38.752080963237624], [-77.5351137259534, 38.75208876458681], [-77.53511453328633, 38.75208887393509], [-77.53558496632168, 38.75215226066698], [-77.53565490390766, 38.75216350633838], [-77.53582864933242, 38.75219144192787], [-77.53593454199962, 38.75220846786151], [-77.53639830561329, 38.75228303258661], [-77.53722922967033, 38.75240651166709], [-77.53748525957464, 38.75244455572202], [-77.53767621662242, 38.75247293077436], [-77.538276540379, 38.75256213424987], [-77.53831485770833, 38.752567830600036], [-77.53846043150435, 38.752589486082776], [-77.53882773420675, 38.75264411828049], [-77.53914205711119, 38.751348239028616], [-77.53914634770081, 38.75133056235768], [-77.5390323002954, 38.75131599591305], [-77.53896660697438, 38.7513076050838], [-77.53861906593956, 38.7512632128627], [-77.5385924351168, 38.751259812462045], [-77.53855629276542, 38.75125489890355], [-77.53796522621217, 38.75117453674494], [-77.53798970950575, 38.75085809660553], [-77.53798974967705, 38.75085758792245], [-77.53798975543579, 38.75085750148258], [-77.53805630120175, 38.74993148299851], [-77.53597676643275, 38.74946552942062], [-77.53597137433935, 38.74946432110552], [-77.53596981096972, 38.749463970408534], [-77.53596613570268, 38.74954612281321], [-77.53596421466543, 38.74966440794354], [-77.53596420807085, 38.74966455653911], [-77.53595607240477, 38.749782657225424], [-77.53595605516728, 38.74978282735531], [-77.53594169229689, 38.74990073538495], [-77.53594143598245, 38.74990243329029], [-77.5359400918557, 38.749911297981335], [-77.53591959851657, 38.75003011866043], [-77.53591955897542, 38.75003032194046], [-77.53589454400561, 38.75014881623576], [-77.53590082244482, 38.75015886503448], [-77.53590800680014, 38.75016828746478], [-77.53590803964056, 38.75016832647391], [-77.53592544565237, 38.75018578326705], [-77.53592547978812, 38.75018581147591], [-77.53594638310757, 38.750200789800566], [-77.53592896726737, 38.750268820977006], [-77.53592894544978, 38.750268903681125], [-77.53592614728079, 38.75027930056957], [-77.53592606007075, 38.75027962688194], [-77.53589778567573, 38.750378052771815], [-77.53586642643074, 38.75047590462986], [-77.53582761901764, 38.750584900711054], [-77.53578498186363, 38.75069301572235], [-77.53578074840262, 38.75070320079991], [-77.53577648168891, 38.75071337749566], [-77.53577218289718, 38.75072354401738], [-77.53576784967828, 38.75073370394943], [-77.53576396659967, 38.75074272613363], [-77.53576347977986, 38.75074385366963], [-77.53576005945936, 38.750751740912555], [-77.53575907664086, 38.75075399410716], [-77.53575612478215, 38.750760750059385], [-77.53575463909884, 38.750764126153385], [-77.53575216260434, 38.7507697508717], [-77.53575016945452, 38.75077424982721], [-77.53574817636482, 38.75077874427865], [-77.53574566774408, 38.7507843624262], [-77.5357441626004, 38.750787731152755], [-77.53574113276885, 38.75079446754414], [-77.53574012247364, 38.75079671060259], [-77.5357365645651, 38.75080456247858], [-77.53573605597235, 38.75080568352898], [-77.53573196428314, 38.750814647238975], [-77.53573149977574, 38.750815655137615], [-77.53571770988874, 38.75084534914316], [-77.5357036312011, 38.75087495878879], [-77.53561693370146, 38.75096352196686], [-77.53559070022665, 38.75095573402736], [-77.53558972270538, 38.750957591765605], [-77.53558943582169, 38.75095813715743]]]}, "properties": {"OBJECTID": 76, "ZoningDistrict": "M/T", "CaseNumber": "PLN2007-00406", "CaseName": "ALBRITE PROPERTY", "EnergovID": "39bf6af9-497e-4aa4-9660-80eefa23bf0f", "RemainingGFA": 396887, "ChangeTrigger": 0, "GISAcreage": 18.56036801, "MagistDist": "Brentsville", "GlobalID": "{6E5F6630-38D2-4ACB-8CAE-95C86D80E4C3}", "CreateUser": "RFH7157A", "CreateDate": 1776451093000, "LastEditUser": "RFH7157A", "LastEditDate": 1784557147000, "ProjectStatus": "Planned", "CampusName": "Redstone Tech Park South", "PlannedGFA": 396887, "DCOOD": "Yes", "Shape.STArea()": 808513.7027697928, "Shape.STLength()": 4027.7342493692327}}, {"type": "Feature", "id": 81, "geometry": {"type": "Polygon", "coordinates": [[[-77.58450973758292, 38.792336449507665], [-77.58459164404607, 38.79233476352814], [-77.58467349443687, 38.79233765900422], [-77.5847548734469, 38.7923451173802], [-77.58483536369468, 38.7923571020674], [-77.58491455731618, 38.792373552228376], [-77.58499204674436, 38.792394383605824], [-77.58819139179127, 38.79335566916804], [-77.58819348646564, 38.79337012408051], [-77.58819696294488, 38.793383809239124], [-77.58820178953161, 38.793397078509436], [-77.58820179955939, 38.79339710471331], [-77.58820807160906, 38.793410200413355], [-77.58821555171527, 38.79342264565252], [-77.58821557430163, 38.79342268006208], [-77.58822447943473, 38.7934348265864], [-77.58823441558776, 38.79344614525731], [-77.58823444740533, 38.793446177936794], [-77.58825789516379, 38.7934669582332], [-77.58825792481652, 38.79346698008514], [-77.58828538039128, 38.7934845356959], [-77.58831611645518, 38.793498397004946], [-77.58834926998924, 38.793508173521495], [-77.5883493044176, 38.793508181897124], [-77.58838402427035, 38.793513636375614], [-77.58838407370803, 38.79351364126429], [-77.58841946834522, 38.79351463434355], [-77.5884195155722, 38.79351463200791], [-77.58845469558614, 38.793511128848166], [-77.58845474749735, 38.793511120242584], [-77.58848870322029, 38.79350321930371], [-77.58852060670966, 38.7934911222599], [-77.5885319886529, 38.793486729654695], [-77.58853204414294, 38.793486711167056], [-77.58854406827184, 38.79348369200876], [-77.58854411442779, 38.79348368335845], [-77.58855658914445, 38.79348207759921], [-77.58856927560106, 38.79348192932866], [-77.5885818066391, 38.79348323389221], [-77.58858185260078, 38.79348324055557], [-77.58859404880704, 38.79348598484752], [-77.58862064075359, 38.793493676986984], [-77.58862395803622, 38.79348562804736], [-77.58868642105637, 38.793334149627064], [-77.5886870606059, 38.79333264559819], [-77.58878466980819, 38.79310324075814], [-77.5888128935262, 38.7930369046472], [-77.58882798246069, 38.79300144014198], [-77.58938153389357, 38.791700410589925], [-77.5894663260598, 38.79150111712292], [-77.58976168188249, 38.79080691087874], [-77.5897763427619, 38.7907724501193], [-77.58934735052311, 38.790521759030284], [-77.58818088231088, 38.78984008909621], [-77.58770542540253, 38.78956223082741], [-77.58757784922634, 38.789483332704066], [-77.58702876589324, 38.789143748820784], [-77.58701839397438, 38.78915412567959], [-77.586997405287, 38.789175124333795], [-77.58675552280522, 38.78902852240941], [-77.58675489905876, 38.78902814908686], [-77.58651178000575, 38.78888382168964], [-77.58648018645188, 38.788916761008636], [-77.58616302221834, 38.788732932085836], [-77.58588144906774, 38.78857385339052], [-77.58568584795516, 38.788465567314816], [-77.58528532564512, 38.788245686364746], [-77.585182890712, 38.78818945087162], [-77.58418147435772, 38.78763967350832], [-77.58421169477123, 38.78760595470912], [-77.58359120567395, 38.78726529861404], [-77.58294259633229, 38.78690688967129], [-77.58293452145018, 38.78690240133507], [-77.58296572882632, 38.78686803291199], [-77.58296758742014, 38.786865986193455], [-77.58199751407184, 38.78632669510433], [-77.58193304296174, 38.786290853731956], [-77.58191940764665, 38.78628302361962], [-77.58103588174535, 38.78577571606313], [-77.58063961189661, 38.785542136960004], [-77.5797186665745, 38.784999281057516], [-77.57945652061717, 38.784844753406205], [-77.57908215936013, 38.78462407864316], [-77.57905737944492, 38.78464983080012], [-77.5790483923115, 38.78465917099981], [-77.57890625721782, 38.78457609756334], [-77.57876446609798, 38.784889412233476], [-77.57877845179831, 38.78489769682115], [-77.57879243747878, 38.78490598320871], [-77.57880552301877, 38.78491373459915], [-77.57894174067523, 38.78499443015682], [-77.57932456802897, 38.78522121591049], [-77.57933855499785, 38.78522950134058], [-77.57934509496067, 38.785233376081855], [-77.5793525419584, 38.78523778766976], [-77.57936653595465, 38.785246064142584], [-77.57938053225588, 38.78525434063183], [-77.57944394738844, 38.78529184630797], [-77.57976387659755, 38.785481057803885], [-77.57991010531977, 38.78556753883604], [-77.58005380285832, 38.78565252415977], [-77.58048562983457, 38.78590790822758], [-77.58050673889598, 38.7859203916718], [-77.58052073430902, 38.78592866801468], [-77.58053472857429, 38.785936944346915], [-77.58131297280755, 38.78708782136643], [-77.58323551857214, 38.78816212201094], [-77.58410441336576, 38.78998212245887], [-77.58446634564326, 38.791789113669736], [-77.58450973758292, 38.792336449507665]]]}, "properties": {"OBJECTID": 81, "ZoningDistrict": "M-1", "CaseNumber": "REZ1958-0021", "CaseName": "BOCS-ARC", "EnergovID": "7b3b0a5f-c395-47c0-99c0-eb53f411acb3", "RemainingGFA": 694020, "ChangeTrigger": 0, "GISAcreage": 58.60386905, "MagistDist": "Brentsville", "GlobalID": "{4504E669-57D8-4B39-B488-8AD05E22EB20}", "CreateUser": "RFH7157A", "CreateDate": 1776691156000, "LastEditUser": "RFH7157A", "LastEditDate": 1784557147000, "ProjectStatus": "Planned", "CampusName": "Gainesville West", "PlannedGFA": 694020, "DCOOD": "Yes", "Shape.STArea()": 2552775.4310088474, "Shape.STLength()": 9701.314683224406}}, {"type": "Feature", "id": 83, "geometry": {"type": "Polygon", "coordinates": [[[-77.58049143375143, 38.785987745219686], [-77.5803412306728, 38.78616398740379], [-77.58024302577898, 38.78627921675526], [-77.58020279225784, 38.78632642532905], [-77.58019750789047, 38.786332624397126], [-77.57998535229629, 38.78658155556844], [-77.57986011871925, 38.786728496743926], [-77.57970849502176, 38.78690640083343], [-77.57969876163384, 38.78691782170025], [-77.57968902708029, 38.78692924345803], [-77.57968380838469, 38.78694235018968], [-77.57967858967558, 38.78695545782188], [-77.57966216529313, 38.78699670621028], [-77.57962868135435, 38.78708079978884], [-77.57957877400987, 38.78720614174007], [-77.5795735552625, 38.78721924936684], [-77.57956833536225, 38.78723235698429], [-77.57956969666894, 38.78724604507324], [-77.57957105683671, 38.78725973225228], [-77.57957615099058, 38.78731098096957], [-77.57958117189644, 38.787361478664735], [-77.57958124516323, 38.7873622287853], [-77.57958260532388, 38.78737591686468], [-77.57958396664755, 38.7873896040522], [-77.57958122950166, 38.78740316628548], [-77.5795784912269, 38.787416726708074], [-77.57956629172305, 38.78747715227735], [-77.57955409104777, 38.78753757783553], [-77.57955135390219, 38.78755113916687], [-77.57954861561616, 38.7875646995883], [-77.57953664265048, 38.787574733503504], [-77.57952466969301, 38.78758476651668], [-77.5794805000203, 38.78762178093906], [-77.57943633031364, 38.787658794443715], [-77.57942435847909, 38.787668827455484], [-77.57941238547873, 38.787678861357755], [-77.57942998452053, 38.787937380993505], [-77.57927509704562, 38.78831013621386], [-77.5791796926972, 38.78839895795472], [-77.5791660254488, 38.788742352383814], [-77.57858775959829, 38.78919651856129], [-77.57867502216313, 38.78946475208243], [-77.57860401310383, 38.78970471366537], [-77.57898857685221, 38.79066381486257], [-77.57899446535218, 38.790678497048305], [-77.57868758072031, 38.79141875825013], [-77.58424245724274, 38.792829101169744], [-77.58425383271494, 38.792801657736554], [-77.58419754757684, 38.79269536229151], [-77.58413590575925, 38.7924642285544], [-77.58411132201542, 38.79243425122338], [-77.58411541033527, 38.792428229771495], [-77.5841200246433, 38.79242260123674], [-77.5841310421637, 38.792412218864946], [-77.5841440774709, 38.79240338376778], [-77.58415877990141, 38.79239633284463], [-77.58417475795254, 38.792391255829635], [-77.58423771367104, 38.79237581412101], [-77.58430445459476, 38.79236116228312], [-77.58437220363865, 38.79234969122788], [-77.58444071506949, 38.79234144408018], [-77.58450973758292, 38.792336449507665], [-77.58446634564326, 38.791789113669736], [-77.58410441336576, 38.78998212245887], [-77.58323551857214, 38.78816212201094], [-77.58131297280755, 38.78708782136643], [-77.58053472857429, 38.785936944346915], [-77.58052499428659, 38.78594836617654], [-77.5805152611582, 38.78595978711354], [-77.58049143375143, 38.785987745219686]]]}, "properties": {"OBJECTID": 83, "ZoningDistrict": "M-1", "CaseNumber": "REZ1958-0021", "CaseName": "BOCS-ARC", "EnergovID": "7b3b0a5f-c395-47c0-99c0-eb53f411acb3", "RemainingGFA": 943981, "ChangeTrigger": 0, "GISAcreage": 58.53760263, "MagistDist": "Brentsville", "GlobalID": "{6B0DC424-9BCE-48EF-B2F9-D4ECA7695227}", "CreateUser": "RFH7157A", "CreateDate": 1776693478000, "LastEditUser": "RFH7157A", "LastEditDate": 1784557147000, "ProjectStatus": "Planned", "CampusName": "Project Gainesville", "PlannedGFA": 943981, "DCOOD": "Yes", "Shape.STArea()": 2549907.485978485, "Shape.STLength()": 6871.787495707093}}, {"type": "Feature", "id": 84, "geometry": {"type": "Polygon", "coordinates": [[[-77.53813522099064, 38.749515998584485], [-77.5381273273616, 38.749557553052114], [-77.53812772020854, 38.749557598618196], [-77.53813674975574, 38.749558660101385], [-77.53813736773024, 38.74955873274002], [-77.5392364725881, 38.749687858413004], [-77.53924063250582, 38.749630453338995], [-77.53924126969551, 38.74962280444995], [-77.53924208169953, 38.74961515969632], [-77.53924306030902, 38.74960753072267], [-77.53924421013721, 38.749599916665794], [-77.53924552998559, 38.74959232111962], [-77.53924701645133, 38.74958474045252], [-77.53924867288896, 38.74957718189932], [-77.53925050040071, 38.749569649072654], [-77.53925249434903, 38.74956214463718], [-77.53925465476998, 38.7495546658905], [-77.53925698161534, 38.74954721643588], [-77.53925947366255, 38.749539801668654], [-77.5392621274846, 38.749532419758964], [-77.53926494751424, 38.74952508335588], [-77.53926793396812, 38.749517776244694], [-77.53927108201613, 38.749510515503225], [-77.5392743871171, 38.749503296589545], [-77.53927785722699, 38.749496126776194], [-77.53928148083045, 38.74948900686967], [-77.53928526603993, 38.749481932431905], [-77.53928921271087, 38.749474914272625], [-77.53929331277894, 38.749467953226564], [-77.53929756401567, 38.749461043870106], [-77.53930196856513, 38.749454197932444], [-77.53930652647557, 38.74944741181048], [-77.5393112365604, 38.749440688197076], [-77.53931609415805, 38.74943403155868], [-77.539321100431, 38.74942744100379], [-77.5393262495793, 38.74942092008852], [-77.53933154735464, 38.74941446886002], [-77.53933698444601, 38.74940809535004], [-77.53934256552688, 38.74940179419152], [-77.53934828593577, 38.74939556985071], [-77.53935414447417, 38.74938942592146], [-77.53936013885348, 38.74938336148402], [-77.53936626321365, 38.749377384598596], [-77.53937252226439, 38.74937148719547], [-77.53937891589727, 38.74936567738202], [-77.53938543603596, 38.749359956893834], [-77.53939208155417, 38.74935432391981], [-77.53939885351801, 38.74934878477509], [-77.53940574273678, 38.749343338483285], [-77.53941275720271, 38.74933798961452], [-77.53941988889953, 38.74933273540038], [-77.53942713666497, 38.749327576732185], [-77.53943449807795, 38.74932252259915], [-77.53944196743498, 38.749317569350886], [-77.5394495493494, 38.74931271612431], [-77.53945723572083, 38.74930796645657], [-77.53946728723737, 38.7493020253479], [-77.54024816635516, 38.74889938468191], [-77.54024584686367, 38.7488971584681], [-77.5402435760947, 38.74889490202232], [-77.54024135406033, 38.748892614443754], [-77.5402391796342, 38.74889029392131], [-77.5402370595981, 38.74888794951965], [-77.54023499179557, 38.748885570410145], [-77.54023297610642, 38.74888316560097], [-77.54023101942056, 38.74888073604943], [-77.54022911030688, 38.748878276256434], [-77.540227262473, 38.74887579354159], [-77.54022546787878, 38.74887328693807], [-77.54022372312134, 38.74887075281439], [-77.54022204769592, 38.748868195834746], [-77.54022042086073, 38.74886561853204], [-77.54021885526927, 38.74886302100985], [-77.54021734755477, 38.7488603969343], [-77.54021589644667, 38.74885775530396], [-77.54021450311924, 38.748855094326764], [-77.54021317213778, 38.74885241674269], [-77.54021190129784, 38.748849715326564], [-77.5402106881183, 38.74884700357161], [-77.54020953732079, 38.748844272507405], [-77.54020845113371, 38.74884152755769], [-77.54020741922831, 38.74883876683601], [-77.54020645653459, 38.74883599226647], [-77.5402055515374, 38.74883320465573], [-77.54020470765154, 38.74883040673441], [-77.54020392606346, 38.748827595809566], [-77.5402032090257, 38.74882477550319], [-77.54020255420149, 38.74882194849892], [-77.54020196627629, 38.748819108528814], [-77.54020143821593, 38.74881626544518], [-77.54020097240512, 38.74881341296124], [-77.54020057225885, 38.74881055380768], [-77.54020023312769, 38.74880769155001], [-77.54019996079928, 38.74880482353301], [-77.54019974948594, 38.74880195241186], [-77.54019960723993, 38.74879907825263], [-77.5401995271112, 38.74879620460194], [-77.54019950914783, 38.74879332785657], [-77.54019955670462, 38.74879045525134], [-77.54019966872737, 38.74878757957029], [-77.54019984281925, 38.74878470800107], [-77.54020008362968, 38.74878183697807], [-77.54020038416047, 38.74877897365131], [-77.54020075601106, 38.748776110908516], [-77.54020118414307, 38.748773254932836], [-77.54020167774706, 38.74877040670048], [-77.54020223798531, 38.748767565320065], [-77.54020285794387, 38.74876473163584], [-77.54020353992345, 38.74876190566668], [-77.5402042884892, 38.748759090152696], [-77.54020509672714, 38.74875628593817], [-77.54020597155126, 38.74875349217876], [-77.54020690256051, 38.748750712392976], [-77.54020789899357, 38.74874794395374], [-77.54020895731523, 38.74874519313848], [-77.54021007647141, 38.74874245273124], [-77.54021125291497, 38.748739729910234], [-77.54021249473416, 38.748737022039094], [-77.54021379725556, 38.74873433448484], [-77.54021515596212, 38.74873166090424], [-77.54021657304615, 38.74872900942336], [-77.5402180496821, 38.74872637824997], [-77.5402195881585, 38.74872376830377], [-77.54022118275984, 38.7487211768352], [-77.54022283457637, 38.74871860835777], [-77.5402245435719, 38.74871606557387], [-77.54022630751805, 38.74871354305981], [-77.54022812980558, 38.74871104534792], [-77.54023000808576, 38.74870857602253], [-77.54023193896779, 38.74870613055139], [-77.54023392128927, 38.74870370982588], [-77.54023596071761, 38.748701320198705], [-77.540238057337, 38.74869895536431], [-77.54024020071047, 38.74869662154349], [-77.54024239657745, 38.74869431968417], [-77.54024464499814, 38.748692045282304], [-77.5402469413231, 38.74868980190351], [-77.54028323402083, 38.74866190782818], [-77.53983304664587, 38.74818252130754], [-77.53977752938047, 38.748123402149666], [-77.53945482443683, 38.747778134962545], [-77.53945340440565, 38.74777661520686], [-77.53813522099064, 38.749515998584485]]]}, "properties": {"OBJECTID": 84, "ZoningDistrict": "M-1", "CaseNumber": "REZ1994-0013", "CaseName": "BROAD RUN INDUSTRIAL PARK", "EnergovID": "785e4c31-8a50-4999-a6f0-e0212ab605bd", "RemainingGFA": 28774, "ChangeTrigger": 0, "GISAcreage": 4.66254276, "MagistDist": "Brentsville", "GlobalID": "{520B2BF4-2BDC-4BFE-8D43-E7AF31B7EF4C}", "CreateUser": "RFH7157A", "CreateDate": 1776772611000, "LastEditUser": "RFH7157A", "LastEditDate": 1784557147000, "ProjectStatus": "Planned", "CampusName": "Redstone Tech Park Central", "PlannedGFA": 28774, "DCOOD": "Yes", "Shape.STArea()": 203100.36258898675, "Shape.STLength()": 1996.9664718910055}}, {"type": "Feature", "id": 85, "geometry": {"type": "Polygon", "coordinates": [[[-77.59590955463706, 38.79693353532441], [-77.59590424921501, 38.798078485602524], [-77.59635970980628, 38.79807012387699], [-77.59636727898047, 38.79806995245511], [-77.59711224328905, 38.79560329435471], [-77.59741599251646, 38.79460031202443], [-77.59735961384847, 38.7945771342635], [-77.59656665454185, 38.7942511713203], [-77.59578987612103, 38.793947255409414], [-77.5957898268753, 38.79394723521015], [-77.59574551471161, 38.79392989827481], [-77.59552837931227, 38.79384494745201], [-77.59550783940983, 38.79383688193403], [-77.59541972840516, 38.7938094612775], [-77.59530730345456, 38.79377192428923], [-77.59519626550315, 38.79373194025349], [-77.59508670051379, 38.79368953956667], [-77.59507498192244, 38.793716119211894], [-77.59493705848486, 38.793658989820166], [-77.59480180173186, 38.79359808357646], [-77.59478519116932, 38.79361977863663], [-77.59478302003603, 38.793622615011486], [-77.59467747989858, 38.7935709874169], [-77.59457383371063, 38.79351706445375], [-77.59447216041134, 38.793460885474765], [-77.5944198154115, 38.79343109242883], [-77.594407056578, 38.79345945045151], [-77.5944015790712, 38.793471621576906], [-77.59440110890176, 38.79347266568621], [-77.5944005960571, 38.79347380766344], [-77.59384801186818, 38.794739983765595], [-77.59384752821397, 38.79474109173177], [-77.59384243030016, 38.794739672182445], [-77.59384103995079, 38.7947392857696], [-77.59373427410645, 38.79470955039661], [-77.59348795736176, 38.79464094949805], [-77.59343142280687, 38.794625203708165], [-77.59327420148878, 38.79458141681365], [-77.59310050059558, 38.794533038373075], [-77.59290597709723, 38.79447886176515], [-77.59289087963924, 38.79447465676236], [-77.59272699987964, 38.794429013148026], [-77.59260957235132, 38.79439630691582], [-77.59254226200166, 38.79437756024421], [-77.59252022328114, 38.79437142223147], [-77.59251866661177, 38.794370989471446], [-77.59251529977725, 38.794370051720556], [-77.59251420576692, 38.79437263512763], [-77.5924885597547, 38.794433167752736], [-77.59248052205209, 38.79445214144831], [-77.59248005219143, 38.79445324951577], [-77.59246482758282, 38.794489184585196], [-77.59208830733006, 38.79524414126613], [-77.59208804277371, 38.79524467074562], [-77.59185791449293, 38.795786426245904], [-77.59190996006167, 38.79579870473105], [-77.5937961721214, 38.79624371359797], [-77.59385117502985, 38.79625668973105], [-77.59385182197981, 38.79625623527308], [-77.59385245153841, 38.7962557905906], [-77.59388541609155, 38.796231149048054], [-77.59388902807495, 38.79622826616308], [-77.59389021783853, 38.796227307794126], [-77.5939203783084, 38.7962014590069], [-77.59392373132152, 38.79619838943745], [-77.59392705807531, 38.79619530254817], [-77.59393035856966, 38.79619219833895], [-77.59393363049112, 38.79618907769289], [-77.59393687847806, 38.796185937943086], [-77.59400632295504, 38.79610582006049], [-77.5940064946177, 38.79610617453636], [-77.59400661243694, 38.79610641688564], [-77.59439521617026, 38.79690739154547], [-77.59581286915733, 38.79691140203288], [-77.59590955463706, 38.79693353532441]]]}, "properties": {"OBJECTID": 85, "ZoningDistrict": "M-1", "CaseNumber": "REZ1958-0021", "CaseName": "ATLANTIC RESEARCH", "EnergovID": "7b3b0a5f-c395-47c0-99c0-eb53f411acb3", "RemainingGFA": 372050, "ChangeTrigger": null, "GISAcreage": 29.89437305, "MagistDist": "Brentsville", "GlobalID": "{9BF14983-95C8-4EE9-91CE-A639F7E1F38E}", "CreateUser": "RFH7157A", "CreateDate": 1776775991000, "LastEditUser": "RFH7157A", "LastEditDate": 1784557147000, "ProjectStatus": "Planned", "CampusName": "Wellington West", "PlannedGFA": 372050, "DCOOD": "Yes", "Shape.STArea()": 1302211.6594030263, "Shape.STLength()": 5689.703239043701}}, {"type": "Feature", "id": 89, "geometry": {"type": "Polygon", "coordinates": [[[-77.5409925759076, 38.756708924728244], [-77.54130625298231, 38.75690155159164], [-77.54140992077258, 38.75696247527145], [-77.54141008980189, 38.75696256944678], [-77.54151706100251, 38.75702004704667], [-77.54151713528935, 38.757020084591126], [-77.54162701926043, 38.75707390119613], [-77.54162720679362, 38.75707398831519], [-77.5417399588615, 38.757124128236626], [-77.54174009844824, 38.75712418703551], [-77.54185551739451, 38.75717055312498], [-77.5418556112634, 38.75717058902745], [-77.54197335256505, 38.757213045127926], [-77.5419735346829, 38.75721310697678], [-77.5420936556075, 38.75725167156745], [-77.54244148040746, 38.75735663240269], [-77.54289340735819, 38.757464288943744], [-77.54304299096044, 38.757499921880964], [-77.54304370806415, 38.75749912232446], [-77.54313463066264, 38.75739765486864], [-77.54351654155424, 38.756937639001215], [-77.54352591770188, 38.756926303720775], [-77.54359506938222, 38.75684269893096], [-77.54376553579759, 38.75671100040266], [-77.54437263696052, 38.75624204520641], [-77.54512660316888, 38.7559713535976], [-77.54512671531154, 38.755971313069324], [-77.54515208059588, 38.75596212861687], [-77.54520483660242, 38.755943031141804], [-77.54519799678972, 38.75592993212363], [-77.54519458144323, 38.75592303940641], [-77.54519331208577, 38.75591959661744], [-77.5451920404549, 38.75591632498206], [-77.54519077337113, 38.7559127110395], [-77.54518823465702, 38.75590582546146], [-77.54518740361554, 38.755902386242155], [-77.5451861365442, 38.755898771398726], [-77.54518530550293, 38.75589533217943], [-77.54518447674712, 38.75589172090564], [-77.54518364570603, 38.75588828168632], [-77.54518325065197, 38.75588467484565], [-77.54518242649822, 38.75588106360932], [-77.54518203604606, 38.75587745680611], [-77.54518164332045, 38.7558740211565], [-77.54518086242827, 38.75586680664922], [-77.54518091030339, 38.75586320251493], [-77.5451805198514, 38.75585959571167], [-77.54518066350073, 38.75584878150714], [-77.54518114964306, 38.75584518454583], [-77.54518119751815, 38.7558415804115], [-77.54518168369627, 38.755837980747714], [-77.54518216764878, 38.755834548634326], [-77.54518313996888, 38.75582735200918], [-77.54518405987199, 38.75582375497684], [-77.54518498664514, 38.755820333677086], [-77.54518547287081, 38.75581673041007], [-77.54518639737542, 38.755813133415174], [-77.54518776251099, 38.755809712081884], [-77.54518868235385, 38.75580611955353], [-77.5451900429353, 38.75580269457947], [-77.54519096515409, 38.75579926963896], [-77.54519368622074, 38.75579242689728], [-77.5451954850686, 38.75578900909607], [-77.54519684560161, 38.755785587725185], [-77.54519864444916, 38.755782169923954], [-77.54520000266054, 38.75577892330983], [-77.54520179927019, 38.75577567395975], [-77.54520359811725, 38.755772256158444], [-77.54520583300528, 38.75576901308029], [-77.54520762956658, 38.75576576733333], [-77.54520986445422, 38.75576252425514], [-77.54521165874176, 38.7557594496617], [-77.54521389361706, 38.75575620748422], [-77.54521656453323, 38.755753140029945], [-77.54522102973606, 38.75574699798197], [-77.54522370065159, 38.75574393052753], [-77.5452245978008, 38.75574239278029], [-77.54522593097909, 38.755741030657006], [-77.5452268258429, 38.75573966496417], [-77.54522816129443, 38.75573813168729], [-77.54522905844352, 38.755736593939986], [-77.54522995330719, 38.75573522824711], [-77.54523128880648, 38.75573369136695], [-77.54523398019337, 38.75572908262909], [-77.5452344390159, 38.755727542213], [-77.54523623330148, 38.75572446761915], [-77.54523669213594, 38.755722926302276], [-77.54523759155799, 38.75572121740136], [-77.54523805038036, 38.755719676985265], [-77.54523894752903, 38.75571813923791], [-77.54523940863668, 38.75571642676744], [-77.545239867459, 38.75571488635136], [-77.54524032856662, 38.755713173880864], [-77.54524078740091, 38.75571163256399], [-77.54524170961604, 38.75570820762297], [-77.54524217303997, 38.75570666724436], [-77.54524262954577, 38.75570495473639], [-77.54524265233907, 38.75570323869637], [-77.54524311117325, 38.75570169737942], [-77.54524313396655, 38.7556999813394], [-77.54524359507398, 38.7556982688689], [-77.54524375006827, 38.75568659979674], [-77.54524333454746, 38.75568488018716], [-77.5452433573886, 38.755683160543924], [-77.5452429395346, 38.755681616592064], [-77.5452429623279, 38.755679900552], [-77.54524255140888, 38.755678180979935], [-77.54524212901309, 38.7556766324865], [-77.54524171349239, 38.75567491287697], [-77.5452417362857, 38.755673196836966], [-77.54524131847974, 38.75567164928179], [-77.545240464657, 38.75566992520192], [-77.54524004685105, 38.755668377646785], [-77.54523963133046, 38.75566665803722], [-77.54523920893475, 38.75566510954379], [-77.54523835741664, 38.755663558456575], [-77.5452379418961, 38.75566183884702], [-77.54523708578826, 38.75566028682147], [-77.54523580731603, 38.75565753044882], [-77.54485279321392, 38.75485722596301], [-77.54484937111675, 38.75485084759583], [-77.54484638736503, 38.75484447009709], [-77.54484296522114, 38.75483809533294], [-77.54483998142265, 38.75483172143726], [-77.54482629187264, 38.75480620975853], [-77.544822867494, 38.754800003444906], [-77.54481944543811, 38.754793622374365], [-77.5448160210247, 38.754787418762994], [-77.54481215833925, 38.75478120887796], [-77.54480873396298, 38.7547750025639], [-77.54480487355319, 38.754768621525], [-77.54480144917821, 38.754762415210706], [-77.54479758422097, 38.754756376478795], [-77.54478599617637, 38.75473774682129], [-77.54478169750323, 38.75473170545589], [-77.5447778325493, 38.75472566672327], [-77.54477396987049, 38.75471945683686], [-77.54476536333777, 38.75470737312917], [-77.5447614983746, 38.754701335296765], [-77.54475719511598, 38.754695292992125], [-77.54475288957164, 38.75468942274173], [-77.54474858630248, 38.75468338133755], [-77.54474428080746, 38.7546775074836], [-77.54473953919599, 38.754671465210116], [-77.54473092811372, 38.754659724707814], [-77.54472618426591, 38.75465385088495], [-77.5447218787266, 38.7546479806334], [-77.54471239103476, 38.754636232986755], [-77.54470289878482, 38.75462482854736], [-77.54469815494156, 38.754618954723355], [-77.54468866269617, 38.754607550282785], [-77.54468347362359, 38.754601847605905], [-77.5446787321464, 38.75459614226975], [-77.54467354543837, 38.75459060808116], [-77.54466879932508, 38.754584905409544], [-77.54463767909819, 38.75455170027158], [-77.54463205180264, 38.75454633456374], [-77.54462686510178, 38.75454080037303], [-77.54462167612695, 38.75453543733568], [-77.54461042155361, 38.754524705017324], [-77.54460523721873, 38.75451933931433], [-77.54459960529054, 38.75451397626977], [-77.544593975726, 38.754508781713696], [-77.54458834843709, 38.75450341600375], [-77.544577089312, 38.75449302689017], [-77.54457102144391, 38.75448782876095], [-77.54455976237166, 38.75447743604249], [-77.54454762203174, 38.754467386593184], [-77.54454199247456, 38.75446219203457], [-77.54453592233662, 38.75445716505716], [-77.54452985451421, 38.75445231017134], [-77.54451770962895, 38.75444225707813], [-77.54449949236671, 38.754427692304375], [-77.5444929816413, 38.75442283380684], [-77.54448083680555, 38.75441312395533], [-77.54446781079845, 38.75440375016583], [-77.54446173609637, 38.75439906729334], [-77.54444219710047, 38.75438500615494], [-77.54441613598476, 38.754366944981925], [-77.54440918240195, 38.75436242611511], [-77.54440266712588, 38.75435791082054], [-77.54439571126946, 38.75435356310656], [-77.54438919370774, 38.75434921986568], [-77.54438223785299, 38.75434487215088], [-77.54437571914247, 38.75434052889986], [-77.54436876328937, 38.75433618118429], [-77.54436180514968, 38.75433200552268], [-77.54435484928624, 38.7543276587071], [-77.54434093301091, 38.75431930738184], [-77.54433397259906, 38.754315302872214], [-77.5443270144634, 38.754311127208595], [-77.54432005404114, 38.754307123598934], [-77.54431265755359, 38.7543029479647], [-77.54430569724063, 38.75429893624694], [-77.54429873449727, 38.754295107392906], [-77.54429133577256, 38.75429110020849], [-77.54428437307857, 38.75428726775034], [-77.54427697436749, 38.754283259664234], [-77.54426957336959, 38.754279423632106], [-77.54426261067789, 38.75427559117263], [-77.54425520739392, 38.75427192719403], [-77.54424780639837, 38.75426809116047], [-77.54421079002964, 38.75424976855556], [-77.544202946122, 38.7542462757571], [-77.54418813506321, 38.75423928649582], [-77.54418029120575, 38.75423579009262], [-77.54417288336637, 38.75423246931682], [-77.54416503955834, 38.75422896930933], [-77.5441576316845, 38.754225651235025], [-77.54414324976388, 38.75421935556099], [-77.54322700091244, 38.753830881929076], [-77.54321130886062, 38.75382422859771], [-77.5432039011085, 38.75382090776041], [-77.54319605501843, 38.75381758604792], [-77.54318864731559, 38.75381426160642], [-77.54318080355313, 38.753810765136045], [-77.54316599263548, 38.753803779348225], [-77.54315814887524, 38.75380028287628], [-77.54314333796202, 38.753793297085586], [-77.54310632211926, 38.75377497413009], [-77.54309892123615, 38.753771138023644], [-77.54309151806346, 38.7537674739711], [-77.5430841171819, 38.75376363786371], [-77.54307715460344, 38.75375980533344], [-77.54306975372344, 38.75375596922512], [-77.54306235513471, 38.75375196106189], [-77.54305539255851, 38.75374812853034], [-77.5430479939594, 38.753744121267], [-77.54303407337984, 38.75373611299368], [-77.54302667479516, 38.7537321048282], [-77.5430127542203, 38.75372409655229], [-77.54297796422007, 38.75370321783515], [-77.54297100851313, 38.753698870036025], [-77.54296405051636, 38.75369469429094], [-77.54295709479909, 38.75369034739181], [-77.54295057739644, 38.75368600316952], [-77.54294362168083, 38.75368165626956], [-77.54293710427982, 38.75367731204653], [-77.54293015085663, 38.75367279309134], [-77.54292363344523, 38.75366844976838], [-77.54291668002374, 38.75366393081239], [-77.54289061955281, 38.75364586929746], [-77.54288410672801, 38.75364118186337], [-77.54287759161312, 38.75363666648337], [-77.54286456595577, 38.75362729251419], [-77.54285849142377, 38.75362260955787], [-77.54285197860312, 38.753617922122], [-77.54284546806237, 38.75361306353212], [-77.54283939353279, 38.7536083805748], [-77.54283288299372, 38.75360352198421], [-77.5428207385207, 38.75359381195908], [-77.54281422798425, 38.753588953367455], [-77.54280208351621, 38.753579243340376], [-77.54278994362166, 38.7535691901039], [-77.54278387139051, 38.753564335089244], [-77.54277823975237, 38.753559311598565], [-77.5427721720932, 38.75355411337519], [-77.54276610214372, 38.75354908720597], [-77.54276047050797, 38.753544063714436], [-77.54275440285139, 38.75353886549009], [-77.54274877120527, 38.753533842898776], [-77.54274270355039, 38.75352864467388], [-77.5427201861423, 38.7535078660869], [-77.5427145590836, 38.75350249938502], [-77.54270892973445, 38.75349730473731], [-77.54269204858984, 38.753481202827544], [-77.54268685978782, 38.75347584330662], [-77.54268123273417, 38.75347047660308], [-77.54267604626109, 38.75346494232478], [-77.54267085749743, 38.75345958010064], [-77.54266523157521, 38.753454042233344], [-77.54266004282515, 38.75344867910791], [-77.54263929695055, 38.75342654198945], [-77.54263411276337, 38.753420836555556], [-77.54262936459762, 38.75341530585444], [-77.54262418042408, 38.75340959951933], [-77.5426189939598, 38.75340406523843], [-77.54260950680624, 38.7533926606641], [-77.54260432262392, 38.75338695522895], [-77.54259483087341, 38.753375550615814], [-77.54259008728484, 38.75336967670496], [-77.54258534141748, 38.7533639739475], [-77.5425805978305, 38.75335810003622], [-77.54257584735107, 38.753352398141566], [-77.54257154666686, 38.75334652784702], [-77.5425620594982, 38.753334780023096], [-77.54255344897969, 38.75332303575427], [-77.5425487076417, 38.75331699339045], [-77.54254440231229, 38.75331112666048], [-77.54254010387683, 38.75330508791348], [-77.5425357940432, 38.75329921393913], [-77.54252718805677, 38.753287130063434], [-77.54252332335794, 38.75328109215543], [-77.54251471737571, 38.75326900827883], [-77.54251085729251, 38.75326296950716], [-77.54250654969556, 38.75325692798129], [-77.54250268729189, 38.75325071801814], [-77.54249882260903, 38.75324467920848], [-77.5424889520265, 38.75322880930169], [-77.54232460659213, 38.7529629958368], [-77.54232374828713, 38.752961615843596], [-77.54232203624967, 38.75295851264902], [-77.54232073964752, 38.752957129075355], [-77.54231988362285, 38.75295557792846], [-77.5423185870208, 38.75295419435477], [-77.54231772876402, 38.75295281075825], [-77.54231643440625, 38.75295125873332], [-77.54231254460049, 38.752947108012044], [-77.54231124570649, 38.75294589649269], [-77.542308652503, 38.75294312934508], [-77.54230605472723, 38.75294070540554], [-77.54230475812567, 38.75293932183167], [-77.54230301634517, 38.752938105793326], [-77.54230172205303, 38.75293689431145], [-77.54229998487415, 38.75293567831066], [-77.54229868370025, 38.752934637944826], [-77.5422969465095, 38.752933422844826], [-77.54229564533573, 38.752932382478946], [-77.54229390815709, 38.75293116647806], [-77.54229042921538, 38.75292907858517], [-77.54228912799373, 38.75292804182242], [-77.54228564910038, 38.75292595032613], [-77.54228390733748, 38.752925078433975], [-77.54228216783086, 38.75292403718984], [-77.54227998321744, 38.75292315807624], [-77.54227302079205, 38.75291966874321], [-77.54227083845203, 38.7529189644239], [-77.54226909668947, 38.752918092531566], [-77.54226735264658, 38.75291739179285], [-77.54226517030669, 38.75291668747343], [-77.54226342631186, 38.75291598313139], [-77.54226124392405, 38.75291528241515], [-77.54225949755295, 38.75291475643319], [-77.54225731526122, 38.7529140485104], [-77.54225513062916, 38.75291351624526], [-77.54225338430614, 38.752912986659986], [-77.54224901505417, 38.75291192122871], [-77.54224726871924, 38.75291139254412], [-77.54224508180694, 38.75291103143244], [-77.54224289718705, 38.75291049826624], [-77.5422407102748, 38.75291013715448], [-77.54223896165954, 38.75290977962342], [-77.54223677469932, 38.75290942211482], [-77.5422345855427, 38.752909229454126], [-77.54223239863055, 38.75290886834222], [-77.54223020943792, 38.752908678383896], [-77.54222845853037, 38.75290849290713], [-77.54222189094064, 38.752907923932646], [-77.54220918032772, 38.752907820088446], [-77.54220698655021, 38.75290797423859], [-77.5422047939148, 38.75290795632484], [-77.54220040637183, 38.7529082637241], [-77.54219821031383, 38.752908589027705], [-77.54219601654832, 38.752908742276844], [-77.54219425873924, 38.75290907476456], [-77.5421920650097, 38.75290922531119], [-77.54218767289346, 38.75290987591805], [-77.54218591285186, 38.75291037595599], [-77.54218371679366, 38.75291070125938], [-77.54218151844296, 38.75291119861713], [-77.54217932238477, 38.75291152392036], [-77.54217756234299, 38.752912023958196], [-77.5421731656534, 38.75291301777265], [-77.54217140331896, 38.75291368986487], [-77.54216920496808, 38.752914187222395], [-77.54216656151438, 38.7529151917573], [-77.5421581972009, 38.752917875688084], [-77.5421502690233, 38.75292072534484], [-77.54213441715547, 38.75292608775442], [-77.54212605292352, 38.752928765377206], [-77.54211812698813, 38.752931446580554], [-77.54210976275498, 38.75293412420218], [-77.54210183909912, 38.75293663425083], [-77.54209391316195, 38.7529393154526], [-77.54208555126779, 38.752941817414786], [-77.54207762988295, 38.7529445022563], [-77.54206926332607, 38.75294700868377], [-77.54206133963136, 38.752949521432114], [-77.54205297772282, 38.75295202429279], [-77.542045054027, 38.75295453704003], [-77.54203669441027, 38.75295686784507], [-77.54202833245205, 38.75295937430726], [-77.5420204110835, 38.75296171229597], [-77.54201204913615, 38.75296421785612], [-77.54200368946915, 38.75296655226213], [-77.5419896090659, 38.752970556146145], [-77.54198124939747, 38.75297289055054], [-77.54197728870575, 38.752974059993754], [-77.54197332802589, 38.752975228536066], [-77.54196496835641, 38.75297756293922], [-77.54196389465477, 38.752977842455074], [-77.54196282675312, 38.75297811841469], [-77.54195661096746, 38.75297972618819], [-77.54194825129684, 38.752982060590156], [-77.5419398939189, 38.75298422293717], [-77.54193197482587, 38.75298638976621], [-77.54192361515373, 38.75298872416644], [-77.54191525777426, 38.752990886511654], [-77.54191085689259, 38.752991935237354], [-77.54190690267541, 38.7529928777026], [-77.541890187902, 38.752997203290825], [-77.54188183280178, 38.752999194480076], [-77.54187347540775, 38.75300135772304], [-77.54183169989732, 38.75301131365705], [-77.54182290649624, 38.753013301259756], [-77.54181455368573, 38.75301512038969], [-77.54180619858128, 38.753017111573484], [-77.54178114012186, 38.753022570759526], [-77.5417723490115, 38.75302438630401], [-77.54175564337292, 38.753028025456935], [-77.54174685224922, 38.753029841900286], [-77.54173559246495, 38.75303206429321], [-77.54173015118333, 38.75303313784149], [-77.54172180177126, 38.75303496059626], [-77.54171300953647, 38.75303660135122], [-77.54170465900215, 38.75303824931968], [-77.54169587020566, 38.753039891002366], [-77.54168752191627, 38.753041370518396], [-77.54167917138082, 38.753043018485066], [-77.54167038254715, 38.753044662868255], [-77.54166203430472, 38.753046138779254], [-77.54165324775212, 38.753047612007535], [-77.54164489950901, 38.75304908791734], [-77.54163611067382, 38.75305073229794], [-77.54162776356146, 38.75305203704349], [-77.54161897705544, 38.75305350666597], [-77.5416106287629, 38.75305498617654], [-77.54160184450205, 38.75305628734654], [-77.54159349624487, 38.75305776415346], [-77.54158471198343, 38.753059065322205], [-77.54157636601957, 38.75306037007349], [-77.54155879749509, 38.753062972407676], [-77.54155045153024, 38.753064277157115], [-77.54154166726723, 38.75306557832259], [-77.54153332359593, 38.75306671101636], [-77.54152453933227, 38.75306801218057], [-77.54151575274892, 38.753069142152874], [-77.54151158608363, 38.753069708991646], [-77.54150741367835, 38.75307027488246], [-77.54149731451989, 38.75307156529417], [-77.54148853253722, 38.753072695302045], [-77.54148436126997, 38.753073262102184], [-77.54148018886424, 38.753073827992], [-77.54147140688102, 38.7530749579986], [-77.54146262259025, 38.753075915912504], [-77.54145846052569, 38.753076482787016], [-77.54145428351808, 38.753077048638254], [-77.5414436511208, 38.75307820765758], [-77.5414367241384, 38.7530789645381], [-77.54143250026482, 38.75307950748272], [-77.54143234695083, 38.7530795296527], [-77.54142794215385, 38.75308009454142], [-77.5414217104558, 38.75308065079844], [-77.54141916475783, 38.75308088043523], [-77.54141499463073, 38.75308136165616], [-77.54141082336521, 38.75308184196667], [-77.54139326398322, 38.753083757859955], [-77.54137570917726, 38.753085330542575], [-77.54137153909765, 38.75308580815867], [-77.5413673677835, 38.753086292070925], [-77.54134981757792, 38.753087864787275], [-77.54134543462186, 38.75308817219216], [-77.54134103786107, 38.753088479483985], [-77.54133226045106, 38.75308926627213], [-77.5413234830528, 38.753090052158825], [-77.54131909549496, 38.75309035952509], [-77.54131470793705, 38.75309066689119], [-77.5413063688245, 38.753091457261576], [-77.5412712683592, 38.753093916182046], [-77.54126688999496, 38.753094138035415], [-77.54126249553721, 38.753094358856124], [-77.5412581079788, 38.75309466622011], [-77.5412537204204, 38.753094973583934], [-77.54124933400331, 38.753095195370804], [-77.54124494758616, 38.753095417157496], [-77.54123617246906, 38.75309603188399], [-77.54121368779967, 38.75309716602406], [-77.54120985394134, 38.753097364400354], [-77.54120151945276, 38.75309780795198], [-77.54119274662992, 38.75309825062086], [-77.54118836595546, 38.75309838686623], [-77.54118398069146, 38.753098522173055], [-77.54117520325482, 38.75309896570372], [-77.54113024562727, 38.75310035566783], [-77.54111380947211, 38.753100866282736], [-77.54109627296903, 38.75310106609134], [-77.54109188770467, 38.7531012013947], [-77.54108750242825, 38.75310133759868], [-77.54106996592496, 38.753101537403374], [-77.541061195361, 38.75310146566308], [-77.54104366230878, 38.753101665492096], [-77.54103489634635, 38.75310159378746], [-77.54102612810064, 38.75310169323581], [-77.54099106425107, 38.75310140640816], [-77.54098230057215, 38.75310116354599], [-77.54096476864753, 38.75310102012691], [-77.5409121912132, 38.753099560267536], [-77.5409034252288, 38.75309914530744], [-77.54089466156246, 38.75309890153794], [-77.54087713883332, 38.75309806898725], [-77.54086837511916, 38.75309782881899], [-77.54085961603248, 38.75309724183886], [-77.54083333188605, 38.753095997057656], [-77.54081581370191, 38.75309482399222], [-77.54080705232019, 38.753094409062555], [-77.5407807750394, 38.75309264990796], [-77.54077245653606, 38.75309189535388], [-77.5407636974509, 38.753091308366535], [-77.54075494064988, 38.75309055022497], [-77.54074618155299, 38.75308996413713], [-77.54070239755137, 38.753086173416065], [-77.54069364764926, 38.75308524325313], [-77.54068532454617, 38.753084488655176], [-77.5406327974941, 38.75307891013668], [-77.54062448127817, 38.75307798441847], [-77.54061572906078, 38.75307688305845], [-77.5406069745594, 38.7530759528514], [-77.54058947012595, 38.75307375012811], [-77.54058115965869, 38.75307265238068], [-77.54056365177571, 38.7530704496253], [-77.54055490184457, 38.75306917710713], [-77.5405507443167, 38.75306862776304], [-77.54054658797536, 38.75306807572574], [-77.54052908807856, 38.75306553338868], [-77.54052493169334, 38.75306489846685], [-77.54052077645859, 38.753064263554286], [-77.54050502867322, 38.753062075195324], [-77.54042934285401, 38.753050643940725], [-77.54037427959601, 38.75304234633078], [-77.5403740212518, 38.75304230727886], [-77.54031623681942, 38.75303359547267], [-77.54026602129866, 38.753026028490964], [-77.53991269991819, 38.75297278741045], [-77.53983231599057, 38.75296063710861], [-77.53983119879435, 38.75296046849802], [-77.53967705608828, 38.75293716975111], [-77.53967238868684, 38.75293646394576], [-77.53939649408385, 38.75289476100227], [-77.5391079185979, 38.75285127057536], [-77.53910053223878, 38.752850157774134], [-77.53897985325584, 38.75283197205812], [-77.53896021910462, 38.7528290119875], [-77.53887984993587, 38.752816899889574], [-77.53874903479954, 38.75279718577984], [-77.53860113692188, 38.752774894480034], [-77.53836320574464, 38.752739037390214], [-77.53833036978051, 38.75273408242208], [-77.5381454110859, 38.75270618288719], [-77.53798742119707, 38.75268235304297], [-77.53784700558148, 38.75266117534697], [-77.53782238031755, 38.752657464207054], [-77.53781193406822, 38.75265589017148], [-77.53733036364027, 38.75258330739271], [-77.53729040091012, 38.75257728549442], [-77.53722707030958, 38.75256773741895], [-77.53704114075872, 38.7525397155473], [-77.53685537789222, 38.75251171456884], [-77.53681372285449, 38.75250543445802], [-77.53678512615409, 38.75250112199725], [-77.53652616359406, 38.75246206041144], [-77.53631372451069, 38.752430015879305], [-77.53629752139734, 38.75242756915387], [-77.5362588013505, 38.752421721082825], [-77.53615982722532, 38.7524067694594], [-77.53615021352607, 38.75240531743614], [-77.53593626098325, 38.75237299490693], [-77.53578088971081, 38.75234952325176], [-77.53574622831569, 38.75234430569396], [-77.53574431658889, 38.75234401789568], [-77.53530984373344, 38.75227863492451], [-77.53519658239352, 38.75226159012644], [-77.53495539186734, 38.75222529205453], [-77.53495202156654, 38.75222481385674], [-77.53494864143384, 38.7522243824251], [-77.53494185024456, 38.752223680569486], [-77.53492166934412, 38.75222282073957], [-77.53490149622478, 38.7522237808035], [-77.53488391259802, 38.75222776130341], [-77.53486418036155, 38.75223470161145], [-77.53486414796964, 38.752234714858375], [-77.53484601105599, 38.752243914259715], [-77.53484596582858, 38.752243940914624], [-77.5348298215848, 38.752255196373525], [-77.53482978667445, 38.75225522581606], [-77.5348159938558, 38.75226829524014], [-77.53480488558202, 38.75228287506426], [-77.53479114687214, 38.752311107205394], [-77.53475344227066, 38.75238858743254], [-77.53470602392986, 38.752465035405265], [-77.53466053105045, 38.75254219741671], [-77.53465891127026, 38.75254501473034], [-77.53462553001091, 38.752604418669605], [-77.5345645864346, 38.75271964107887], [-77.53456448482801, 38.7527198393427], [-77.53450779953678, 38.752836399501035], [-77.5345077118555, 38.75283658887041], [-77.53445525612035, 38.752954571232436], [-77.53445090214188, 38.75296488229511], [-77.53442437824151, 38.753057897852216], [-77.53437641931718, 38.75322608874856], [-77.5342149577573, 38.7537923141722], [-77.53424762305897, 38.75379757068829], [-77.53424447515164, 38.753809564662376], [-77.53423531654472, 38.753844448924816], [-77.53423620299854, 38.75384500758255], [-77.53429462747158, 38.75388178010926], [-77.53429539300049, 38.75388226209428], [-77.53431516733654, 38.75388601419507], [-77.5346857755032, 38.753956339817165], [-77.53467717003501, 38.75398414753487], [-77.5352267111666, 38.754087868291606], [-77.53587572414068, 38.75414047444975], [-77.5359290255521, 38.75414479478749], [-77.53592888053251, 38.75414531341834], [-77.53590713294695, 38.754223393674955], [-77.5363944915215, 38.75433344263799], [-77.53658851934414, 38.754386112384374], [-77.53671078194188, 38.75440930817971], [-77.5368943605121, 38.75444681668115], [-77.53689451768376, 38.754446850404996], [-77.53707621755271, 38.75448934502129], [-77.5370764664074, 38.75448940562423], [-77.5372561809593, 38.75453686026267], [-77.53725639874115, 38.754536921510926], [-77.53743396171822, 38.75458929607626], [-77.53743409806233, 38.754589338637416], [-77.5376092561474, 38.75464656439244], [-77.5376093454816, 38.754646594855714], [-77.53778174130659, 38.75470855446272], [-77.53778192448053, 38.7547086226332], [-77.53795140133363, 38.75477524995245], [-77.5379516256094, 38.75477534188355], [-77.53811806446305, 38.754846591806285], [-77.5381182405905, 38.75484667072933], [-77.53828149723829, 38.75492248803081], [-77.538281564679, 38.75492252101672], [-77.5384413028827, 38.755002756104474], [-77.5384413977288, 38.75500280463044], [-77.53859733307559, 38.75508730383382], [-77.53859754206034, 38.75508742086363], [-77.53874960496739, 38.75517614038324], [-77.5387498081042, 38.75517626457207], [-77.53889787180238, 38.755269134914506], [-77.53889801209999, 38.75526922615534], [-77.53904197033239, 38.755366192410165], [-77.53920891707094, 38.75548269204701], [-77.54032163950404, 38.756259151838535], [-77.54033330500641, 38.75624890222121], [-77.5409925759076, 38.756708924728244]]]}, "properties": {"OBJECTID": 89, "ZoningDistrict": "M-1", "CaseNumber": "PLN2008-00253", "CaseName": "REDSTONE INDUSTRIAL PARK", "EnergovID": "f9e747f6-b26c-4530-a2fc-298b4be7561d", "RemainingGFA": 1262501, "ChangeTrigger": null, "GISAcreage": 66.69879301, "MagistDist": "Brentsville", "GlobalID": "{FA15181B-1CED-4163-A051-98AA30DD3383}", "CreateUser": "RFH7157A", "CreateDate": 1776784335000, "LastEditUser": "RFH7157A", "LastEditDate": 1784557147000, "ProjectStatus": "Planned", "CampusName": "Redstone Tech Park North", "PlannedGFA": 1262501, "DCOOD": "Yes", "Shape.STArea()": 2905462.9722831454, "Shape.STLength()": 8052.692967842464}}, {"type": "Feature", "id": 112, "geometry": {"type": "Polygon", "coordinates": [[[-77.54027729457808, 38.76540328551758], [-77.54027706002651, 38.76540352954472], [-77.54278110450707, 38.76645031461048], [-77.54278126013716, 38.76645037984514], [-77.54278158170489, 38.766450514002244], [-77.54278191689251, 38.766450316737874], [-77.54294019928726, 38.7663593390793], [-77.54294039985272, 38.76635922720244], [-77.54310144264424, 38.766271604302425], [-77.54310167558191, 38.7662714809777], [-77.54326553456298, 38.76618717183853], [-77.54326570600274, 38.76618708675064], [-77.54343236957237, 38.76610609937416], [-77.54345987215993, 38.766093192159495], [-77.54348799602454, 38.76608011973561], [-77.54353031462972, 38.76606069009915], [-77.54358698735776, 38.76603511714818], [-77.54372990920447, 38.765972848374034], [-77.5441102137388, 38.765794386528746], [-77.54431553747803, 38.76572479959062], [-77.54443102250377, 38.765685222636094], [-77.54454445708471, 38.765642163983586], [-77.54465566890813, 38.76559568710026], [-77.54476448789214, 38.76554586087736], [-77.5448707542038, 38.76549276239817], [-77.54483918968535, 38.765455653798234], [-77.54496443787498, 38.765390349457746], [-77.54496317760542, 38.765266794621844], [-77.54525403520753, 38.764846247415015], [-77.54546620291603, 38.76465648855664], [-77.5454917712893, 38.76441389583479], [-77.54576777125767, 38.764114361052684], [-77.54614010272836, 38.76382604090027], [-77.54639142635318, 38.76392680536111], [-77.54674815184697, 38.76334900035868], [-77.54674742406145, 38.763348695341556], [-77.54484633035074, 38.76255031637213], [-77.54475341496136, 38.76251129529591], [-77.54466049968478, 38.76247227324494], [-77.54355405695149, 38.762007589602014], [-77.54348080248104, 38.76208334729795], [-77.54289832565496, 38.762685711929926], [-77.54261141510311, 38.76298241496726], [-77.54027729457808, 38.76540328551758]]]}, "properties": {"OBJECTID": 112, "ZoningDistrict": "PBD", "CaseNumber": "REZ2026-00039", "CaseName": "Sudley Manor Drive Amazon Data Services", "EnergovID": "0c99ba68-b226-48b7-a340-5974eaf7768b", "RemainingGFA": 293236, "ChangeTrigger": 0, "GISAcreage": 34.77844205, "MagistDist": "Brentsville", "GlobalID": "{C1511313-95A0-42C0-ACB2-E14F42BF4C43}", "CreateUser": "RFH7157A", "CreateDate": 1777896136000, "LastEditUser": "RFH7157A", "LastEditDate": 1784557147000, "ProjectStatus": "Pending", "CampusName": "Sudley Manor Drive", "PlannedGFA": 293236, "DCOOD": "Yes", "Shape.STArea()": 1514969.78974601, "Shape.STLength()": 5141.732162963646}}, {"type": "Feature", "id": 116, "geometry": {"type": "Polygon", "coordinates": [[[-77.53897849277107, 38.763905689050574], [-77.53975463471228, 38.76378202662281], [-77.53996694653938, 38.763609648204444], [-77.53972640285666, 38.7626837553316], [-77.5396079206826, 38.7626121242164], [-77.53847707714648, 38.762792695664], [-77.53837797254086, 38.762412367569794], [-77.53837689944166, 38.76240829028064], [-77.5383505290287, 38.76232182223062], [-77.538347617526, 38.76231350461718], [-77.53831407987126, 38.76222900300729], [-77.53831027639455, 38.76222044384125], [-77.53826987734452, 38.76213844360825], [-77.53826975068517, 38.76213819211765], [-77.53826511049188, 38.762129647708484], [-77.53821787197138, 38.762050059834735], [-77.53821513064133, 38.76204579498451], [-77.53769043776262, 38.761233971266655], [-77.53759879593095, 38.76127426433638], [-77.5375189299997, 38.76130938010247], [-77.53750897337272, 38.7613155731756], [-77.5380302183245, 38.76212139821393], [-77.53807602893028, 38.762198099595125], [-77.53811557054568, 38.76227821310291], [-77.53814859079854, 38.76236122741722], [-77.53817487893889, 38.762446612703755], [-77.53829266455408, 38.76289816390868], [-77.53829333220729, 38.76290774080477], [-77.53829252054912, 38.76291730657241], [-77.53829024885313, 38.76292663406387], [-77.53828657106278, 38.762935501789485], [-77.53828157451049, 38.76294369917717], [-77.53827537784389, 38.762951031572584], [-77.53826812820839, 38.76295732486143], [-77.53825999775306, 38.76296242960391], [-77.53824704367693, 38.7629689871575], [-77.53823328589597, 38.76297362753035], [-77.53821900643989, 38.76297625559642], [-77.53721597385322, 38.763136653267104], [-77.53706998826506, 38.76316306058266], [-77.53692530644386, 38.76319586772948], [-77.5367822088089, 38.763235011121424], [-77.53664097270898, 38.7632804148916], [-77.53650187188495, 38.763331991039365], [-77.53598625532717, 38.76353743858196], [-77.53580363478947, 38.763477169118005], [-77.53580308261515, 38.763476986198036], [-77.53605820072545, 38.76379361509731], [-77.53609472328827, 38.763704485189194], [-77.53609495929472, 38.763704390732535], [-77.53661067430552, 38.76349921829704], [-77.5366157515952, 38.76349720775221], [-77.53673130210211, 38.763454261400895], [-77.53673267201577, 38.76345378706736], [-77.53674149615877, 38.76345072801462], [-77.5368592344027, 38.76341290043637], [-77.53687097544632, 38.76340941668355], [-77.53698986019904, 38.76337695697681], [-77.5370025578504, 38.76337378647458], [-77.53712292412239, 38.763346512700174], [-77.53713663850506, 38.76334371990412], [-77.53725765977221, 38.76332174508984], [-77.5372647817251, 38.76332059815657], [-77.53826841308958, 38.763160523886356], [-77.5382718878607, 38.76316002806084], [-77.53827889641596, 38.76315935581398], [-77.53828595412264, 38.76315913802609], [-77.53829124884786, 38.76315927514856], [-77.53829170198357, 38.76315929237878], [-77.53830002072858, 38.76316002818092], [-77.53830522156262, 38.76316081858978], [-77.53831372320847, 38.76316267661702], [-77.5383170441284, 38.76316361737286], [-77.5383175301293, 38.763163758296635], [-77.53832670348376, 38.76316701373064], [-77.53832979355697, 38.763168351693736], [-77.53833862592673, 38.76317292595789], [-77.53834140733775, 38.76317462895837], [-77.53834869130631, 38.763179860795574], [-77.53834917611326, 38.763180262971886], [-77.53835158039577, 38.76318228810576], [-77.5383570877713, 38.76318768825517], [-77.53836005079226, 38.7631911260861], [-77.5383639986195, 38.763196554886015], [-77.53836659836963, 38.76320091316514], [-77.53836909981914, 38.763206082353435], [-77.53837116571393, 38.763211726350164], [-77.53837184058666, 38.76321409135555], [-77.5384672970058, 38.76358094886104], [-77.53846777765304, 38.76358303839775], [-77.53846811195076, 38.76358514385153], [-77.53846835152326, 38.76358882511224], [-77.53846822276878, 38.76359208443164], [-77.53846791936203, 38.7635944648373], [-77.5384678751702, 38.76359467168305], [-77.53846687812153, 38.76359884190413], [-77.53846682483375, 38.76359904056715], [-77.53846654678134, 38.76359986982228], [-77.53846643654352, 38.76360019684766], [-77.53846402573309, 38.76360553926414], [-77.53846396421702, 38.76360566488639], [-77.53845998176324, 38.76361147803076], [-77.53845507588827, 38.76361653619015], [-77.53845459258636, 38.763616967363866], [-77.53843383227863, 38.763638790005665], [-77.53843370002406, 38.7636389564894], [-77.5384333758001, 38.76363936644501], [-77.53842129005115, 38.76365700705094], [-77.53842023577687, 38.7636588317465], [-77.53841920783279, 38.76366066656796], [-77.5384182096826, 38.7636625106428], [-77.53841724017579, 38.7636643639616], [-77.538416227188, 38.76366637097856], [-77.53841524630725, 38.76366838636695], [-77.53841430093712, 38.763670413758305], [-77.53841338882464, 38.76367244953055], [-77.53841251110828, 38.763674494593985], [-77.53841166778811, 38.763676548948496], [-77.53841085772557, 38.76367861168392], [-77.53841008437236, 38.76368068282852], [-77.53840934430096, 38.76368276055239], [-77.5384086386498, 38.76368484576579], [-77.53840796855744, 38.76368693937897], [-77.53840733404796, 38.76368903959024], [-77.53840673399493, 38.76369114458871], [-77.53840616951273, 38.76369325708606], [-77.53840564063758, 38.76369537437996], [-77.53840514620676, 38.763697497361804], [-77.53840468853357, 38.763699625149584], [-77.5384042664794, 38.76370175683311], [-77.53840387888172, 38.763703893303756], [-77.5384035280657, 38.76370603277876], [-77.53840321285671, 38.76370817705028], [-77.53840293214033, 38.7637103234065], [-77.53840269050677, 38.76371247278599], [-77.53840248222734, 38.763714623339894], [-77.53840231072962, 38.76371677689817], [-77.53840217487506, 38.76371893255058], [-77.53840207583839, 38.76372108850494], [-77.5384020136075, 38.763723245662064], [-77.53840198589337, 38.763725403102235], [-77.53840199499716, 38.76372756084436], [-77.5384020397682, 38.763729718879], [-77.53840212024275, 38.76373187450376], [-77.53840223753518, 38.76373403043041], [-77.53840239166959, 38.763736184857464], [-77.53840258034485, 38.76373833776596], [-77.5384028058742, 38.76374048827397], [-77.53840306711905, 38.763742635471225], [-77.53840336405537, 38.76374478115945], [-77.53840369671927, 38.76374692263612], [-77.53840406509876, 38.763749060802084], [-77.53840446920579, 38.763751194756544], [-77.53840491019108, 38.763753324508876], [-77.5384053857413, 38.76375545094112], [-77.53840589705528, 38.76375757045942], [-77.53840644409692, 38.76375968576612], [-77.53840702575181, 38.76376179414948], [-77.53840764315835, 38.763763896519755], [-77.5384082951541, 38.76376599376819], [-77.53840898293768, 38.763768082301105], [-77.53840970417188, 38.763770164802004], [-77.53841046118197, 38.7637722394882], [-77.53841125396791, 38.763774306359565], [-77.53841208024058, 38.76377636449655], [-77.53841293998799, 38.76377841479994], [-77.53841383438481, 38.76378045547749], [-77.53841476456958, 38.76378248743946], [-77.53841572712668, 38.76378450795518], [-77.53841672317063, 38.76378651973645], [-77.53841775271339, 38.763788521882454], [-77.53841881694171, 38.76379051170027], [-77.53841991353045, 38.76379249097259], [-77.53842104247948, 38.76379445969943], [-77.53842220496357, 38.76379641608864], [-77.53842339983208, 38.76379836013073], [-77.53842462708504, 38.76380029182566], [-77.53842588672251, 38.76380221117352], [-77.53842717876849, 38.76380411637273], [-77.53842850319897, 38.763806009224794], [-77.53842985773693, 38.76380788790928], [-77.53843124467133, 38.76380975334582], [-77.5384326605868, 38.76381160280376], [-77.53843411004934, 38.76381343902319], [-77.53843558849283, 38.763815259264014], [-77.53843709819441, 38.76381706534666], [-77.53843863688901, 38.76381885454987], [-77.53844020570314, 38.76382062868467], [-77.53844180466089, 38.76382238594948], [-77.53844343144908, 38.76382412722617], [-77.53844508953145, 38.76382585164229], [-77.53844677546836, 38.76382755826872], [-77.53844848809722, 38.763829247996824], [-77.53845023088176, 38.76383091995408], [-77.53845200038235, 38.763832573211424], [-77.53845379773749, 38.76383420867904], [-77.53845562179657, 38.763835826347545], [-77.5384574737344, 38.76383742442473], [-77.53845935238819, 38.76383900380199], [-77.53846125546904, 38.76384056355962], [-77.5384631864285, 38.763842103725906], [-77.53846514183905, 38.76384362247095], [-77.53846712396567, 38.76384512251605], [-77.53846912938073, 38.76384660203128], [-77.53847116037333, 38.76384806193633], [-77.53847321467855, 38.7638494995099], [-77.53847529343479, 38.763850915662175], [-77.53847739547953, 38.76385231128463], [-77.53847952083682, 38.76385368457558], [-77.53848166835616, 38.7638550355256], [-77.53848384031448, 38.76385636595515], [-77.53848603215783, 38.76385767222334], [-77.5384882461511, 38.7638589570514], [-77.53849048231842, 38.763860218637674], [-77.53849273834666, 38.76386145786422], [-77.53849501656099, 38.763862672948164], [-77.5384973123471, 38.76386386475264], [-77.53849963030729, 38.7638650333154], [-77.53850196585137, 38.76386617769784], [-77.53850432243091, 38.76386729792829], [-77.53850669544383, 38.76386839396907], [-77.53850908719109, 38.763869465838965], [-77.53851149653431, 38.763870512627754], [-77.53851392346137, 38.763871535236206], [-77.5385163679843, 38.763872532763656], [-77.53851882781406, 38.76387350429024], [-77.53852130522769, 38.763874451636596], [-77.53852379564702, 38.763875372963234], [-77.5385263036743, 38.76387626830804], [-77.53852882470727, 38.76387713763314], [-77.53853136217352, 38.76387798276848], [-77.53853391150692, 38.763878800974005], [-77.53853647500861, 38.76387959226845], [-77.53853905151604, 38.76388035754326], [-77.53854164104115, 38.763881095897595], [-77.53854424242147, 38.76388180822286], [-77.53854685566887, 38.76388249361822], [-77.53854947962088, 38.76388315297506], [-77.53855211545209, 38.76388378450116], [-77.53855741581262, 38.763884966707124], [-77.53856008035399, 38.76388551648613], [-77.5385627544614, 38.763886039316404], [-77.53856543698424, 38.763886535188405], [-77.53856812679614, 38.7638870022912], [-77.53857082502344, 38.7638874424358], [-77.53857352937716, 38.76388785470246], [-77.53857624214633, 38.763888240010964], [-77.5385789599034, 38.76388859653134], [-77.53858168377474, 38.76388892607465], [-77.53858370947867, 38.763889147190035], [-77.53862189541545, 38.76389127517765], [-77.53865992435468, 38.763887213912], [-77.53869679970629, 38.76387706982302], [-77.53873155511123, 38.76386110874768], [-77.53876327976596, 38.76383974896349], [-77.53879114229107, 38.763813550227034], [-77.53897849277107, 38.763905689050574]]]}, "properties": {"OBJECTID": 116, "ZoningDistrict": "PBD PMD", "CaseNumber": "REZ2025-00032", "CaseName": "Manassas Tech Center", "EnergovID": "9e428798-9025-467d-99e6-391841e4b94e", "RemainingGFA": 0, "ChangeTrigger": 0, "GISAcreage": 5.98609451, "MagistDist": "Brentsville", "GlobalID": "{B79FE1F9-3290-476D-96B3-342EA92F424A}", "CreateUser": "RFH7157A", "CreateDate": 1777991725000, "LastEditUser": "RFH7157A", "LastEditDate": 1784557147000, "ProjectStatus": "Pending", "CampusName": "Manassas Tech Center", "PlannedGFA": 0, "DCOOD": "Yes", "Shape.STArea()": 260731.51687831918, "Shape.STLength()": 4371.469924794986}}, {"type": "Feature", "id": 122, "geometry": {"type": "Polygon", "coordinates": [[[-77.49928952216105, 38.79928748239581], [-77.49920913594626, 38.79931000747537], [-77.4993212879102, 38.79961210240194], [-77.49979491028981, 38.80088610759079], [-77.503122557651, 38.8001446827835], [-77.50287762835042, 38.79947157911335], [-77.5026852418455, 38.79894286847782], [-77.50222638582096, 38.799043141459414], [-77.50182814697261, 38.798909835429406], [-77.50183239382157, 38.79891705265355], [-77.50183615137063, 38.798924436885535], [-77.5018394060441, 38.79893197089275], [-77.50184214674366, 38.798939624850995], [-77.5018443725684, 38.79894738073467], [-77.50184607004267, 38.798955214104765], [-77.50184724160626, 38.79896311507213], [-77.50184787742455, 38.798971045715234], [-77.50184798108849, 38.79897899615478], [-77.50184755068362, 38.7989869384464], [-77.50184658528391, 38.79899485636606], [-77.50184508999438, 38.79900271392111], [-77.5018430648899, 38.79901050570681], [-77.50184052422182, 38.799018200312744], [-77.50183746703914, 38.79902578331637], [-77.50183390180011, 38.79903322596082], [-77.50182984483295, 38.79904051306958], [-77.50182529872771, 38.79904762394394], [-77.50182028447985, 38.79905453894269], [-77.50181481048493, 38.79906123381278], [-77.50180889531117, 38.799067697901386], [-77.50180255424831, 38.79907390791505], [-77.50179580480105, 38.79907984688561], [-77.50178866442388, 38.7990855014479], [-77.50178115063392, 38.79909085373285], [-77.50177329008226, 38.79909589135468], [-77.50176510148715, 38.799100592850856], [-77.50175661022348, 38.79910495483361], [-77.50174783493446, 38.79910896124537], [-77.50173880113263, 38.79911259878959], [-77.501729540011, 38.799115859623576], [-77.50172007012526, 38.79911873399523], [-77.50170515434507, 38.79912238634739], [-77.5016899133533, 38.79912508457781], [-77.50167444070425, 38.79912680695999], [-77.50165884131324, 38.79912754267497], [-77.50164322113403, 38.79912728902077], [-77.50162767568526, 38.79912604861214], [-77.50161230619109, 38.799123827715995], [-77.50159722297187, 38.79912064078483], [-77.50158251551507, 38.799116510202055], [-77.50156828250456, 38.79911145933017], [-77.50155461783183, 38.79910552500459], [-77.50154161421219, 38.79909874585252], [-77.5015293550891, 38.799091164926786], [-77.50151791803779, 38.79908283333835], [-77.50151343999181, 38.799078998823134], [-77.50150737597876, 38.79907380576226], [-77.50149780757548, 38.79906413782332], [-77.50149729725943, 38.799063580325964], [-77.50149659309444, 38.79906280586305], [-77.50149449454827, 38.79906072133215], [-77.50149258554964, 38.799058583459534], [-77.50149069759594, 38.79905650522549], [-77.50148896643412, 38.79905424544295], [-77.50148728741087, 38.79905196177984], [-77.50148565709779, 38.79904965240517], [-77.50148407998674, 38.79904732546523], [-77.50148255501419, 38.79904497464475], [-77.5014810832687, 38.7990426044575], [-77.50147966477532, 38.79904021310179], [-77.50147829945885, 38.7990378059825], [-77.50147698623081, 38.79903537858581], [-77.50147572620479, 38.79903293362392], [-77.50147452401022, 38.79903046933442], [-77.50147337840842, 38.79902799201309], [-77.50147228600859, 38.79902549712658], [-77.50147125018893, 38.79902299010903], [-77.50147026752114, 38.7990204691294], [-77.50146934259718, 38.79901793512784], [-77.50146846967392, 38.799015387154384], [-77.50146766710675, 38.79901282986996], [-77.50146691307441, 38.79901025948505], [-77.50146621208123, 38.79900768324529], [-77.50146557690225, 38.79900509315135], [-77.50146499477488, 38.79900249630171], [-77.50146447374449, 38.79899989366585], [-77.50146401037021, 38.79899728431353], [-77.5014636035385, 38.79899466553258], [-77.50146325426277, 38.79899204724151], [-77.50146296614655, 38.79898941866021], [-77.50146273563638, 38.79898678696567], [-77.50146256497185, 38.798984156681385], [-77.50146245306439, 38.79898152329367], [-77.50146239761186, 38.7989788867829], [-77.50146240313101, 38.798976253493834], [-77.50146246624367, 38.798973617992274], [-77.50146258691218, 38.79897098298057], [-77.50146276738872, 38.79896835208163], [-77.5014630065723, 38.79896572168236], [-77.5014633055263, 38.79896309809823], [-77.50146366203623, 38.79896047500397], [-77.5014640760018, 38.79895785960596], [-77.50146455087642, 38.79895525193364], [-77.50146507866485, 38.79895264741444], [-77.5014656708157, 38.79895005065029], [-77.50146631691877, 38.79894746515618], [-77.5014670192888, 38.79894489005094], [-77.50146778373148, 38.798942321780345], [-77.50146860442865, 38.798939764799435], [-77.50146947682585, 38.79893721546576], [-77.50147041110789, 38.79893468647873], [-77.50147139819097, 38.79893216875191], [-77.50147244614546, 38.79892966145317], [-77.50147354681341, 38.79892717172021], [-77.50147470028244, 38.798924693247535], [-77.50147591447259, 38.798922236012395], [-77.50147718027513, 38.79891979273011], [-77.50147849995466, 38.79891736612263], [-77.50147987113394, 38.79891496157516], [-77.50148129847994, 38.79891257462287], [-77.50148277853934, 38.798910205236375], [-77.50148431122446, 38.79890785972126], [-77.50148589661046, 38.798905532672755], [-77.50148753462217, 38.798903229495615], [-77.50148921954165, 38.79890094743844], [-77.50149096162863, 38.79889869379579], [-77.50149275182457, 38.798896457679774], [-77.50149458995413, 38.79889425170147], [-77.50149647497884, 38.7988920677439], [-77.50149841261675, 38.79888990855853], [-77.5015003947349, 38.79888777948147], [-77.50150242369816, 38.79888567602839], [-77.50150450173356, 38.798883603623594], [-77.50150662663914, 38.79888155504113], [-77.50150879484883, 38.79887953835881], [-77.50151101097957, 38.798877552715], [-77.50151326241915, 38.798875594398716], [-77.50151556517052, 38.79887367165432], [-77.50151630222848, 38.798873073422655], [-77.50151790783532, 38.79887177627664], [-77.50152029376656, 38.79886991550146], [-77.50152271841, 38.79886808568642], [-77.50152518170296, 38.798866291335415], [-77.50152768942611, 38.79886453069591], [-77.50153023464763, 38.79886280551073], [-77.50153281627905, 38.79886111126601], [-77.50153543997587, 38.79885945521712], [-77.5015380942268, 38.79885783726619], [-77.5015407871398, 38.79885625387849], [-77.50154351065707, 38.79885470498549], [-77.50154627735323, 38.798853197000476], [-77.50154906998658, 38.79885172797498], [-77.50155189782865, 38.79885029348335], [-77.50155475964067, 38.79884889982135], [-77.50155764623881, 38.798847545109034], [-77.50156056446711, 38.79884623390915], [-77.50156351674057, 38.79884495813411], [-77.50156649035918, 38.798843720378535], [-77.5015694932808, 38.79884252791744], [-77.5015725232657, 38.798841376227124], [-77.5015755779991, 38.79884026618887], [-77.5015786540403, 38.798839196872486], [-77.50158175711971, 38.7988381701285], [-77.50158488035576, 38.79883718409663], [-77.5015880340584, 38.798836242468134], [-77.50159119523033, 38.798835343245486], [-77.50159483633048, 38.79883437153073], [-77.5015962899678, 38.798833985703844], [-77.50159773007967, 38.79883357904104], [-77.50159916120792, 38.79883315608555], [-77.50159944912528, 38.79883306574307], [-77.50159929945583, 38.79883298338806], [-77.50136656434977, 38.798705469816554], [-77.50087110572825, 38.798844431358255], [-77.49928952216105, 38.79928748239581]]]}, "properties": {"OBJECTID": 122, "ZoningDistrict": "M-2", "CaseNumber": "REZ1987-0015", "CaseName": "Linden", "EnergovID": "5645e435-f3f1-4665-bfb2-9cf6f459cc3d", "RemainingGFA": 155610, "ChangeTrigger": 0, "GISAcreage": 12.96700486, "MagistDist": "Gainesville", "GlobalID": "{586A5DC6-61A8-4DA9-B2EC-983AC127CAF8}", "CreateUser": "RFH7157A", "CreateDate": 1778677835000, "LastEditUser": "RFH7157A", "LastEditDate": 1784557147000, "ProjectStatus": "Planned", "CampusName": "Exter Property Group", "PlannedGFA": 155610, "DCOOD": "Yes", "Shape.STArea()": 564842.7318237128, "Shape.STLength()": 3299.9946985186716}}, {"type": "Feature", "id": 127, "geometry": {"type": "Polygon", "coordinates": [[[-77.57177224848353, 38.79301211193573], [-77.5721332158564, 38.793178765070785], [-77.57213362328618, 38.793178949373676], [-77.5724974516647, 38.79334151050966], [-77.57249799309318, 38.793341748122685], [-77.57286481178186, 38.793500274110876], [-77.57286528575484, 38.79350047605417], [-77.57323542684023, 38.79365509922016], [-77.57365139683365, 38.793819219107625], [-77.57365186989219, 38.79381940302255], [-77.57407053157714, 38.79397918232561], [-77.5740710585629, 38.79397938017788], [-77.57449291604597, 38.79413500122301], [-77.57506881001196, 38.79434166752953], [-77.57564675341239, 38.79454480390216], [-77.57622671067041, 38.79474439651814], [-77.57623027847004, 38.79473944897161], [-77.57755417474029, 38.79290379181163], [-77.57767933679794, 38.79235752626301], [-77.57770792225493, 38.7922327644062], [-77.5777162865156, 38.79219626012556], [-77.57776122835021, 38.79200011287711], [-77.57776342098036, 38.79199053918355], [-77.5777638490271, 38.79198866958739], [-77.57788109369147, 38.791476951189914], [-77.57778493438148, 38.790965710837604], [-77.5773230138937, 38.790378848217514], [-77.57699845032651, 38.79014721758426], [-77.57675805720591, 38.790066616206566], [-77.57652706805666, 38.789944274183995], [-77.57652592752454, 38.789778401246146], [-77.5766617176501, 38.789444235136706], [-77.5775266259445, 38.78857174160871], [-77.57752812382861, 38.788387030938445], [-77.57785533514875, 38.78753269933511], [-77.57806424539255, 38.78726460243271], [-77.5782581223169, 38.78709988018764], [-77.57847559219992, 38.78682255887071], [-77.57892685892442, 38.78586917130532], [-77.57865647954613, 38.78512802505548], [-77.57876446609798, 38.784889412233476], [-77.57890625721782, 38.78457609756334], [-77.57840846709075, 38.78428515242013], [-77.57814891000532, 38.78413344661386], [-77.57652244892296, 38.78317656801283], [-77.57640171366266, 38.78311135899454], [-77.57640165651266, 38.783111327913986], [-77.57625596969072, 38.78324671425125], [-77.57622004735133, 38.78328009694961], [-77.57510904317483, 38.78431252782281], [-77.57433432010738, 38.7838017738082], [-77.57401824033484, 38.7835933885358], [-77.57400896613598, 38.783587272994666], [-77.57400474902637, 38.78358449286307], [-77.57329688769335, 38.78424487602288], [-77.57186829394118, 38.785577597914404], [-77.5704174785718, 38.78693098208424], [-77.57038648769564, 38.78695989129658], [-77.57038150864165, 38.78695612392125], [-77.57031840058855, 38.78690838788189], [-77.56898189070805, 38.788229323493766], [-77.56765769528945, 38.789538025600336], [-77.56769611339415, 38.78957578936184], [-77.56980670165127, 38.791650416261916], [-77.57064051785744, 38.792469982542144], [-77.57151123818335, 38.79288819913933], [-77.57177224848353, 38.79301211193573]]]}, "properties": {"OBJECTID": 127, "ZoningDistrict": "M-1", "CaseNumber": "REZ1958-0021", "CaseName": "BOCS - ARC", "EnergovID": "7b3b0a5f-c395-47c0-99c0-eb53f411acb3", "RemainingGFA": 2800000, "ChangeTrigger": 0, "GISAcreage": 181.28706028, "MagistDist": "Brentsville", "GlobalID": "{EFAFFB62-DEE8-4C48-B50E-6EB9E3490B3E}", "CreateUser": "RFH7157A", "CreateDate": 1779196685000, "LastEditUser": "RFH7157A", "LastEditDate": 1784557147000, "ProjectStatus": "Planned", "CampusName": "Astrid", "PlannedGFA": 2800000, "DCOOD": "Yes", "Shape.STArea()": 7896668.208674407, "Shape.STLength()": 12067.213143970841}}, {"type": "Feature", "id": 128, "geometry": {"type": "Polygon", "coordinates": [[[-77.3159150952749, 38.602703963795115], [-77.3159740205717, 38.602574587067195], [-77.317674493729, 38.59896275522999], [-77.32030394123893, 38.59680561324103], [-77.32061067666808, 38.59655397197322], [-77.32122754832604, 38.59604788961629], [-77.32133362520058, 38.59559779719978], [-77.32103934418262, 38.59540413729141], [-77.32065325653942, 38.59515532502114], [-77.32063378199695, 38.59514259903573], [-77.32029531487008, 38.59492413336114], [-77.31996512972114, 38.59470746295311], [-77.31965870233213, 38.59450922439236], [-77.31964052890068, 38.594497195194116], [-77.31962538005962, 38.59448743449709], [-77.31940089993485, 38.594333444783715], [-77.31916421738316, 38.59417658621767], [-77.3189218580275, 38.59401915448923], [-77.31866913188725, 38.59385389452203], [-77.31839653972406, 38.59367315754506], [-77.31835098143699, 38.593784087417156], [-77.31826039747968, 38.594000116073055], [-77.31824763181872, 38.594031739609115], [-77.3182385364093, 38.59405293017714], [-77.31822944099449, 38.59407412074443], [-77.31822034557436, 38.594095311310916], [-77.31821125756252, 38.5941163298683], [-77.31820128571064, 38.594137340396045], [-77.31819175577792, 38.594158354486964], [-77.31811829191257, 38.594344177457074], [-77.31806573767764, 38.59448129318142], [-77.31803158152994, 38.59456367862468], [-77.31780718362873, 38.59464448114338], [-77.31757925117239, 38.59472747918201], [-77.3171936936049, 38.594687366095016], [-77.31680937054895, 38.59465172757285], [-77.31665438842235, 38.59476704123957], [-77.31657550681255, 38.594962591976994], [-77.31650178779974, 38.595136736745296], [-77.31650443895302, 38.59526823425776], [-77.31658682883577, 38.59549819800089], [-77.31666470459254, 38.59571009501879], [-77.31675087644625, 38.59594953622853], [-77.31683793198239, 38.5961884718502], [-77.31677330935713, 38.59639463605704], [-77.31671349376833, 38.59657441741518], [-77.31671244420747, 38.59657764754789], [-77.31661629471998, 38.5968731021269], [-77.3165443745836, 38.59709738904013], [-77.31620592579056, 38.59738367678547], [-77.31589957592745, 38.59763304915594], [-77.31571609695882, 38.597831658710234], [-77.31554368481537, 38.59802214167033], [-77.31550696216206, 38.59820713403455], [-77.31546701991938, 38.59837510169462], [-77.31519198855287, 38.59863473956456], [-77.31494062637648, 38.598864927282904], [-77.3148640748194, 38.59905123226652], [-77.31477733961687, 38.599244984954815], [-77.31476095837172, 38.59941645255695], [-77.3147435470631, 38.59959734906232], [-77.31472373656635, 38.599844299376436], [-77.31455333961728, 38.59999189314169], [-77.3143572058149, 38.60016119569137], [-77.3142707588993, 38.60033726960017], [-77.31415094141005, 38.600574109994824], [-77.31401419780792, 38.60085591850232], [-77.313885669217, 38.601116870059045], [-77.31372472947952, 38.601433445947464], [-77.313655755577, 38.60155769504628], [-77.3135773113238, 38.601699183403966], [-77.31354063634353, 38.60177643714624], [-77.31454248604561, 38.60216789753964], [-77.31472920227884, 38.60224085620799], [-77.31491591781645, 38.60231381006178], [-77.31591318723171, 38.60270346427148], [-77.31591331841722, 38.60270351605297], [-77.31591352377554, 38.60270359561396], [-77.31591499998848, 38.602704172753924], [-77.3159150952749, 38.602703963795115]]]}, "properties": {"OBJECTID": 128, "ZoningDistrict": "M-2", "CaseNumber": "REZ2026-00041", "CaseName": "Atlantic Funding Development PRA", "EnergovID": "0a28badf-2c7c-4bea-bc19-d2b3e102f33d", "RemainingGFA": 601882, "ChangeTrigger": 0, "GISAcreage": 61.47920736, "MagistDist": "Potomac", "GlobalID": "{5125BD04-6CCE-4D2C-B72E-AC7CA15EEE9B}", "CreateUser": "RFH7157A", "CreateDate": 1779818642000, "LastEditUser": "RFH7157A", "LastEditDate": 1784557147000, "ProjectStatus": "Pending", "CampusName": "Atlantic Funding", "PlannedGFA": 601882, "DCOOD": "No", "Shape.STArea()": 2678034.272742569, "Shape.STLength()": 8545.115131676617}}, {"type": "Feature", "id": 130, "geometry": {"type": "MultiPolygon", "coordinates": [[[[-77.54317911507967, 38.79460109467342], [-77.5431586627396, 38.79460104586261], [-77.54256194850088, 38.7945992048509], [-77.54074442967496, 38.794593585679706], [-77.54074449739578, 38.79459385920578], [-77.54096806516547, 38.79552850187548], [-77.54104471989254, 38.79584896278382], [-77.5410885751246, 38.79603229823936], [-77.54126988499276, 38.79679026983921], [-77.54131563044447, 38.79678356624654], [-77.5431537425796, 38.796514220665244], [-77.54315279072168, 38.79494987444864], [-77.54315278718109, 38.79493881769493], [-77.54315274954406, 38.79493879126185], [-77.5431331187646, 38.794922947392564], [-77.54313308123558, 38.79492291285227], [-77.54311637048902, 38.79490520721924], [-77.54310280922854, 38.79488587142438], [-77.54310277656772, 38.79488581710406], [-77.54309266051372, 38.79486529319932], [-77.54309109002921, 38.79486116508442], [-77.54309036712415, 38.79485908802202], [-77.54308694733768, 38.79484742035426], [-77.54308460435725, 38.79483548972756], [-77.54308459909394, 38.794835452747755], [-77.54308338500081, 38.794823499593434], [-77.54308328596096, 38.794811485347246], [-77.54308328636891, 38.794811454720005], [-77.54308431010668, 38.79479944737217], [-77.54308643850823, 38.79478758590734], [-77.5430896996643, 38.79477577338952], [-77.54309400685918, 38.794764300866305], [-77.54309402351387, 38.794764260461754], [-77.5431058186586, 38.79474212431134], [-77.54310583747146, 38.79474209473516], [-77.54312162244133, 38.794721526260716], [-77.54314056727988, 38.79470338625564], [-77.54314060450959, 38.79470335682968], [-77.54316260943514, 38.79468753096538], [-77.54316265588527, 38.794687500713735], [-77.54318729685183, 38.79467427922251], [-77.54318803735167, 38.794601133216624], [-77.54317911507967, 38.79460109467342]]], [[[-77.54353907631891, 38.79926041904758], [-77.54354354356086, 38.799260131146966], [-77.54383789509686, 38.799241168608525], [-77.54455829383922, 38.799241342677426], [-77.54481358139829, 38.79923167840827], [-77.54490901301416, 38.79922806533791], [-77.54540024778093, 38.79923690695478], [-77.54540025276056, 38.799236532222075], [-77.54540062682929, 38.79923653886964], [-77.54540447024813, 38.79895094698551], [-77.54551735098508, 38.79895001504146], [-77.54552304112495, 38.79852678285641], [-77.5455230570384, 38.79852636496953], [-77.5455233574375, 38.79850323597378], [-77.5455323594001, 38.79827012364773], [-77.54584046188269, 38.79768581793735], [-77.54583271845642, 38.797672836984724], [-77.54582980208582, 38.79766609899722], [-77.54582749783316, 38.797659127906], [-77.54582748680073, 38.79765909178038], [-77.54582586417331, 38.7976520858153], [-77.54582489544104, 38.797644959945224], [-77.54582489039143, 38.797644906751174], [-77.54582459654739, 38.79763777324737], [-77.54582497047338, 38.797630643492795], [-77.54582497325417, 38.79763060747951], [-77.54582602283365, 38.79762348667264], [-77.54582772450833, 38.797616492974704], [-77.54582773415987, 38.79761645971999], [-77.54583011226882, 38.79760951507065], [-77.54583309714427, 38.79760280879931], [-77.545842914006, 38.797583106741016], [-77.54604714389788, 38.79717320981698], [-77.54606141855359, 38.79714038728268], [-77.54607026434917, 38.79710641519832], [-77.5460735405043, 38.79707183926503], [-77.54607799499753, 38.796740277602744], [-77.5460804623287, 38.7965566316616], [-77.54608127857111, 38.79654364748091], [-77.5460833575009, 38.7965308048468], [-77.54608336482607, 38.79653077337498], [-77.5460867215769, 38.79651801434616], [-77.5460912690449, 38.79650562963271], [-77.54609128804836, 38.79650558564325], [-77.5460971132074, 38.796493356692935], [-77.54610400950426, 38.7964816981856], [-77.54610403416743, 38.79648166144937], [-77.54612129059477, 38.796459566716265], [-77.5461426802678, 38.79643978125726], [-77.54614344353558, 38.796439173051475], [-77.54614629916294, 38.7961672242589], [-77.54356741786155, 38.79614622515648], [-77.54350151163558, 38.79614569408691], [-77.5434976774296, 38.79614566012029], [-77.54352246449244, 38.79699523060379], [-77.54351879503258, 38.7977725042876], [-77.54353907631891, 38.79926041904758]]]]}, "properties": {"OBJECTID": 130, "ZoningDistrict": "M-1", "CaseNumber": "REZ1969-0021", "CaseName": "WHEELER SMITH WOOD SOLITE", "EnergovID": "06882327-a3cd-4bd2-9646-9f72bd231847", "RemainingGFA": 416000, "ChangeTrigger": 0, "GISAcreage": 27.29603257, "MagistDist": "Gainesville", "GlobalID": "{0E4E9AE1-03F0-41B8-B6C9-247B48D9E775}", "CreateUser": "RFH7157A", "CreateDate": 1780514186000, "LastEditUser": "RFH7157A", "LastEditDate": 1785434259000, "ProjectStatus": "Planned", "CampusName": "Century Park 2 & 3", "PlannedGFA": 416000, "DCOOD": "Yes", "Shape.STArea()": 1189028.8376563864, "Shape.STLength()": 6375.486105614765}}, {"type": "Feature", "id": 132, "geometry": {"type": "Polygon", "coordinates": [[[-77.31944575509908, 38.587765376964164], [-77.31935744438225, 38.58793728247593], [-77.31925331078787, 38.58818012203876], [-77.31913399834923, 38.588441685170814], [-77.31904081099442, 38.58865700171192], [-77.31892711249553, 38.5889229152876], [-77.3188279746997, 38.58915430505667], [-77.31872251443785, 38.589397817268384], [-77.31860406815896, 38.589659731861516], [-77.31857404471, 38.58973031612429], [-77.31857368918007, 38.58973113601042], [-77.31848124173496, 38.589948379513466], [-77.31841318126811, 38.5901249891552], [-77.31836979766032, 38.59023679875885], [-77.31828470605193, 38.59043795139312], [-77.31819916896384, 38.59064012925958], [-77.31810621339122, 38.590867633759665], [-77.31839074329328, 38.590940301363624], [-77.31845116668488, 38.59095573074933], [-77.31869429563136, 38.59101988785726], [-77.31875078335261, 38.59103479352215], [-77.31903182069094, 38.59109993460203], [-77.31899707890965, 38.59132493813905], [-77.31896440963541, 38.59153022436444], [-77.31893119165852, 38.59176897027604], [-77.31889092430542, 38.59203751269591], [-77.31885988847286, 38.59227679955988], [-77.3188260523766, 38.59252652727893], [-77.31879889529945, 38.59271539234637], [-77.3187101279831, 38.59292749260355], [-77.31862093585714, 38.5931390740529], [-77.31852294670463, 38.593379740539845], [-77.3184311688836, 38.593588548697376], [-77.31839653972406, 38.59367315754506], [-77.31866913188725, 38.59385389452203], [-77.3189218580275, 38.59401915448923], [-77.31916421738316, 38.59417658621767], [-77.31940089993485, 38.594333444783715], [-77.31962538005962, 38.59448743449709], [-77.31964052890068, 38.594497195194116], [-77.31965870233213, 38.59450922439236], [-77.31996512972114, 38.59470746295311], [-77.32029531487008, 38.59492413336114], [-77.32063378199695, 38.59514259903573], [-77.32065325653942, 38.59515532502114], [-77.32103934418262, 38.59540413729141], [-77.32133362520058, 38.59559779719978], [-77.32138932831624, 38.59536141625781], [-77.32141466809544, 38.59525478994885], [-77.3217536425827, 38.593828415784465], [-77.32205819752316, 38.59254681939366], [-77.32216392140631, 38.5920981640492], [-77.32221417491213, 38.59149546624623], [-77.32226711869839, 38.59126135985458], [-77.32228606392394, 38.591028184162596], [-77.32238803440454, 38.59095769181499], [-77.32242605883613, 38.59080840369397], [-77.3224262134518, 38.59080779349931], [-77.32259343389534, 38.59055138904562], [-77.32256886257576, 38.59050085015189], [-77.32258710399384, 38.59047068496775], [-77.32266522935961, 38.5904113620916], [-77.32266831584195, 38.59035363896784], [-77.3228375128017, 38.59017771873411], [-77.32282309085922, 38.5901157002065], [-77.32291057143172, 38.59007169122952], [-77.32284777752946, 38.58986374042386], [-77.32289840097937, 38.58977391612009], [-77.32292673272042, 38.58972363850707], [-77.32302068344055, 38.58965933558599], [-77.3230776063533, 38.58955306992202], [-77.32309570878645, 38.589458510794785], [-77.32319612098132, 38.58938287651733], [-77.32325897420607, 38.58928219781817], [-77.32325745079135, 38.58916124581519], [-77.32329430503658, 38.588979836330985], [-77.32327346397848, 38.588874086468], [-77.32336038741514, 38.58880616369954], [-77.32322922845225, 38.588657775136554], [-77.32325337991021, 38.58856989798717], [-77.32330221727369, 38.58848089612913], [-77.32324820381123, 38.588307608139786], [-77.32319541480484, 38.5882396383887], [-77.32320222139407, 38.588191107315566], [-77.32309952553048, 38.58815443293174], [-77.3230192925482, 38.58805483985407], [-77.32315305377388, 38.588016761647935], [-77.32312609297074, 38.58795371420592], [-77.32298539234137, 38.58792182970609], [-77.32307254138072, 38.58782690135466], [-77.3230657312144, 38.58777663405999], [-77.32296569562189, 38.58772577097843], [-77.32294691544094, 38.5876668457191], [-77.32288154976708, 38.58768451519357], [-77.3228331872971, 38.58760526925634], [-77.32283528074841, 38.58751296899037], [-77.32292810537537, 38.58746310981157], [-77.32294104544602, 38.58741316470177], [-77.32294466670265, 38.58737053620061], [-77.32296671336533, 38.58734621773393], [-77.3229065845659, 38.587288222369835], [-77.3228421506096, 38.58729300756284], [-77.32281159099946, 38.58727061115455], [-77.32288725559164, 38.58719418207325], [-77.32285840640033, 38.587146630977436], [-77.32277770107923, 38.5871084234446], [-77.32275654353295, 38.587055844902885], [-77.3228072842724, 38.586981983199685], [-77.32282120519028, 38.58690460383657], [-77.32287719678635, 38.586817778787136], [-77.32287499168159, 38.586766980303345], [-77.32279995408167, 38.58673171289362], [-77.32281796413156, 38.586656276612224], [-77.32282689727654, 38.58652705446729], [-77.32293310647896, 38.586501345087974], [-77.32296251559201, 38.5864533361008], [-77.3230275256313, 38.5864421895629], [-77.32305409443073, 38.58637846175524], [-77.32303979351097, 38.586316869681205], [-77.32297725225244, 38.58630857853614], [-77.32296432475735, 38.586248081424976], [-77.32283179797717, 38.586022574387854], [-77.32275797844305, 38.58599690000632], [-77.32268483856483, 38.58606079053628], [-77.32268999413348, 38.58612026524316], [-77.3225627540033, 38.58618713295193], [-77.32244307632463, 38.58614883103406], [-77.32241403988479, 38.58609859306757], [-77.32237802843068, 38.586074514509086], [-77.3223370157102, 38.58608463647319], [-77.32229030267682, 38.586066172126436], [-77.32228225892405, 38.58597610685216], [-77.3222365260542, 38.5859664331086], [-77.3221849655793, 38.58593315587273], [-77.32218178625246, 38.5858879163861], [-77.32230119747543, 38.585855052671555], [-77.32227518764468, 38.585752109251736], [-77.32232257160564, 38.58569552228774], [-77.3223015382802, 38.58564472969677], [-77.32232729814785, 38.58556204220299], [-77.32229602330185, 38.58552573212478], [-77.32230177352858, 38.58549500962935], [-77.32237745721248, 38.585442685346], [-77.32234516159592, 38.585400286224434], [-77.32238666432742, 38.585337965767856], [-77.32233812245994, 38.58531343757687], [-77.32224065537658, 38.58528819054821], [-77.32219044482125, 38.58523492828945], [-77.32216869601861, 38.585254179911566], [-77.32213848354637, 38.58530028139429], [-77.32206857655454, 38.585298852963746], [-77.32205934646322, 38.58524865670951], [-77.32209586216892, 38.58509391609109], [-77.322100090454, 38.58502197286379], [-77.32199774153744, 38.58497218025435], [-77.32198218598171, 38.5848964095915], [-77.32200573826937, 38.58481872818037], [-77.32206759434456, 38.5847698452362], [-77.32202708113081, 38.584707189852224], [-77.3218522877995, 38.58464639016457], [-77.32180397457934, 38.58465796912555], [-77.32173711243932, 38.58461132944662], [-77.32173908697906, 38.58457671012139], [-77.32183872022692, 38.5845763957374], [-77.32188646073047, 38.58449425589771], [-77.32185025390378, 38.58447846492762], [-77.32177234073393, 38.584504244844766], [-77.32171666066309, 38.584507120155685], [-77.3216103349661, 38.58442752660828], [-77.32146322807304, 38.584223612945856], [-77.32147554362473, 38.58421047311112], [-77.32153584803429, 38.584176445159], [-77.3215320711003, 38.58414131559773], [-77.32151912735482, 38.584123877722696], [-77.32145712471018, 38.58409218692169], [-77.3214346727198, 38.58403892924266], [-77.32142654258307, 38.583969171544005], [-77.32143320896398, 38.58385255895006], [-77.3214450975576, 38.583808816399454], [-77.32141527013766, 38.583769351971625], [-77.32140861614688, 38.583744858077964], [-77.32137426719856, 38.58374708956819], [-77.32127770584522, 38.583936835300904], [-77.3210715391369, 38.58413522543611], [-77.3209435310468, 38.58436804234594], [-77.32094308097764, 38.58436882074319], [-77.32103421370991, 38.58450294103528], [-77.32080286389848, 38.584889666752986], [-77.32080156815243, 38.58489182950771], [-77.32073470800557, 38.58500359611437], [-77.32062789387898, 38.58534391181875], [-77.32044651019663, 38.58547923128692], [-77.32031685873197, 38.585697593042696], [-77.32019423241056, 38.586195743935505], [-77.32001044058728, 38.58673824180758], [-77.31967301149204, 38.58756464917581], [-77.31944575509908, 38.587765376964164]]]}, "properties": {"OBJECTID": 132, "ZoningDistrict": "M-2", "CaseNumber": "REZ2026-00044", "CaseName": "Southgate South REZ & PRA", "EnergovID": "4f9d38d6-2dd5-44b1-b5c1-cc2aa25e5628", "RemainingGFA": 909000, "ChangeTrigger": 0, "GISAcreage": 80.03351216, "MagistDist": "Potomac", "GlobalID": "{3A93C2AE-376A-46D8-A716-2AFC2E502817}", "CreateUser": "RFH7157A", "CreateDate": 1780574936000, "LastEditUser": "RFH7157A", "LastEditDate": 1784557147000, "ProjectStatus": "Pending", "CampusName": "Southgate South", "PlannedGFA": 909000, "DCOOD": "No", "Shape.STArea()": 3486259.7896513143, "Shape.STLength()": 10542.61457759229}}, {"type": "Feature", "id": 135, "geometry": {"type": "Polygon", "coordinates": [[[-77.54431918501123, 38.75410871984548], [-77.54432658826968, 38.75411238472103], [-77.54433443212079, 38.75411588111453], [-77.54435664187896, 38.75412687753838], [-77.54436360460917, 38.75413070638911], [-77.54437100787212, 38.75413437126183], [-77.54439321199003, 38.75414587934738], [-77.54440017467611, 38.7541497117992], [-77.5444075733923, 38.75415371897682], [-77.54441453607993, 38.754157551427774], [-77.54442193478579, 38.75416155950532], [-77.54442889519963, 38.754165563109034], [-77.54443629390715, 38.75416957118563], [-77.54445021472682, 38.75417757929173], [-77.54445717630794, 38.75418175497632], [-77.54446413326252, 38.754185759450614], [-77.54448500765935, 38.754198286416276], [-77.54449196351817, 38.75420263322429], [-77.54449892165285, 38.754206808878244], [-77.54450587746543, 38.75421115928865], [-77.54451239505757, 38.754215499820766], [-77.54452630677068, 38.754224194333894], [-77.54453282891899, 38.75422853850557], [-77.54453978018195, 38.754232885273254], [-77.54455281072939, 38.754241915847025], [-77.54455976430958, 38.754246434705415], [-77.5445793101394, 38.754259980562125], [-77.54458582313084, 38.75426466790141], [-77.54459233840991, 38.75426918318588], [-77.54460536440891, 38.754278556961815], [-77.54461143915806, 38.754283236223735], [-77.54461795210577, 38.754287927164434], [-77.54462402452187, 38.75429278208337], [-77.54463053753118, 38.75429746851933], [-77.54463660994894, 38.75430232343759], [-77.54464312067319, 38.754307181927324], [-77.54465526551286, 38.75431689176219], [-77.54466177623975, 38.754321750250824], [-77.54466784866167, 38.75432660516743], [-77.54467392339942, 38.75433163217568], [-77.54467999122137, 38.754336487054196], [-77.54468562306528, 38.7543415095519], [-77.54470383349567, 38.754356589559535], [-77.5447094630563, 38.75436178411053], [-77.54471553321028, 38.75436681017823], [-77.54472116277252, 38.75437200472866], [-77.54472723064168, 38.75437720285024], [-77.54473285787849, 38.75438222620894], [-77.54473848977034, 38.754387591949616], [-77.54475537845747, 38.754403176497455], [-77.5447666330334, 38.754413908802185], [-77.54477226720469, 38.75441910338754], [-77.54477788989902, 38.75442446905129], [-77.54478307887756, 38.75442983208188], [-77.54478870617524, 38.754435197782584], [-77.54479388827934, 38.75444073192882], [-77.54479951556665, 38.75444609852978], [-77.54480470687564, 38.75445163275051], [-77.54480989126846, 38.75445699484153], [-77.54482545139759, 38.754473597389065], [-77.54483107185507, 38.75447947835025], [-77.5448362585672, 38.75448501253201], [-77.54484100468716, 38.75449071519697], [-77.54484619255133, 38.75449624938768], [-77.54485137703946, 38.754501951119174], [-77.54486086924885, 38.75451335915002], [-77.5448660536796, 38.75451906538489], [-77.54488029207945, 38.75453617157383], [-77.54488503593213, 38.75454204539063], [-77.54488978201181, 38.754547751656744], [-77.5448945259139, 38.7545536218699], [-77.5448992674533, 38.75455932359411], [-77.54490357760345, 38.75456519387678], [-77.54490832145994, 38.75457106769256], [-77.54491262700986, 38.75457693793737], [-77.54491736858182, 38.754582983807204], [-77.54492597963741, 38.75459472789924], [-77.54493028296402, 38.75460076569381], [-77.54493502682504, 38.754606639508474], [-77.54493933009329, 38.754612681806705], [-77.54494319506666, 38.75461871963332], [-77.54495610488978, 38.75463684562579], [-77.54496383483061, 38.754648922178596], [-77.5449681381038, 38.75465496447574], [-77.54497200084381, 38.75466117075257], [-77.54497586577467, 38.75466721218132], [-77.54498359116226, 38.75467963194075], [-77.54498745613098, 38.754685670666674], [-77.54499518152257, 38.75469809042532], [-77.54499860591126, 38.75470429673401], [-77.54500246633481, 38.75471067776665], [-77.5450063290329, 38.75471688764551], [-77.54500974882176, 38.754723093916375], [-77.54501318013041, 38.75472947235399], [-77.5450165999205, 38.754735678624634], [-77.54502002203901, 38.7547420560863], [-77.54502344643198, 38.75474826239421], [-77.54503713489046, 38.75477377404093], [-77.54504011869206, 38.754780148832445], [-77.54504354081475, 38.75478652629333], [-77.54504652461749, 38.754792901084684], [-77.54504950609903, 38.75479945063284], [-77.54525551793114, 38.75522966426792], [-77.54615305110794, 38.75412365480154], [-77.54746381105925, 38.75467921501958], [-77.54793520697051, 38.75340925868143], [-77.54903762661466, 38.75282857954636], [-77.54941881426933, 38.75262813291554], [-77.54926422480337, 38.75226430788286], [-77.5492633982122, 38.75226417415162], [-77.54690035234937, 38.7518793815038], [-77.54636823202114, 38.75179271308979], [-77.54506000457775, 38.75157965180468], [-77.54505864205876, 38.751580543414356], [-77.54505729348773, 38.751581424326794], [-77.54505594044683, 38.75158229529284], [-77.54505457478777, 38.751583163453326], [-77.5450532047187, 38.75158401716337], [-77.54505183014392, 38.75158486362943], [-77.5450504429509, 38.75158570729005], [-77.54504905130008, 38.75158654010339], [-77.5450476550836, 38.75158737017683], [-77.54504624515845, 38.75158819293129], [-77.54504483197367, 38.75158900124471], [-77.54504341422329, 38.751589806818174], [-77.54504198741351, 38.75159060150703], [-77.54504055253923, 38.75159139703096], [-77.54503911325489, 38.75159217810452], [-77.54503766481552, 38.751592955499845], [-77.5450362130566, 38.75159372295811], [-77.54503475219049, 38.75159448313494], [-77.54503328690241, 38.75159522976212], [-77.54503181236346, 38.75159597991757], [-77.54503033455296, 38.751596716532745], [-77.54502884768306, 38.75159744226322], [-77.54502735621165, 38.751598167956175], [-77.54502586142077, 38.75159888371213], [-77.54502435642023, 38.75159958857399], [-77.54502284805228, 38.751600287102114], [-77.54502133172747, 38.75160097835809], [-77.54501980979444, 38.75160165875746], [-77.54501828449406, 38.7516023328231], [-77.54501675007445, 38.75160300050804], [-77.54501521114918, 38.751603660948994], [-77.54501366891631, 38.75160431055212], [-77.54501211761216, 38.75160495017135], [-77.54501056635586, 38.751605586187345], [-77.54500900142676, 38.751606212181954], [-77.54500743774376, 38.751606830979426], [-77.54500586845248, 38.75160743892032], [-77.54500429114454, 38.751608044093174], [-77.54500270941466, 38.75160863571638], [-77.5450011243413, 38.75160921920419], [-77.54499953358795, 38.75160979724023], [-77.54499793952702, 38.751610364438484], [-77.54499633631103, 38.751610927958424], [-77.54499473442495, 38.75161147797564], [-77.54499312228127, 38.751612020702], [-77.54499150681808, 38.7516125534913], [-77.54498988680125, 38.751613082639906], [-77.54498826237449, 38.75161359733802], [-77.5449866333821, 38.751614109296206], [-77.54498500452132, 38.751614611345474], [-77.54498336775158, 38.7516151025194], [-77.54498172647611, 38.751615586449354], [-77.5449800807308, 38.751616060432866], [-77.54497843051566, 38.751616524469995], [-77.54497678149873, 38.75161698491327], [-77.54497511767063, 38.75161743442492], [-77.54497346427954, 38.75161787771528], [-77.54497179722767, 38.751618310083416], [-77.54497013030749, 38.75161873254265], [-77.54496846348299, 38.751619147795374], [-77.5449667829857, 38.75161955302674], [-77.54496510373453, 38.75161995106095], [-77.54496342461498, 38.75162033918621], [-77.54496173528574, 38.751620716417456], [-77.54496005179205, 38.75162108738984], [-77.54495835919123, 38.75162145108073], [-77.54495666787236, 38.75162180487206], [-77.54495497094526, 38.75162214780685], [-77.54495326950047, 38.75162248439847], [-77.54495156474817, 38.75162281015217], [-77.54494986009162, 38.751623128699414], [-77.5449481509532, 38.751623438201044], [-77.54494644542153, 38.751623736020285], [-77.54494472846996, 38.75162402744006], [-77.54494301049964, 38.751624308941594], [-77.54494129262503, 38.7516245832366], [-77.544939571431, 38.751624847594535], [-77.54493784923018, 38.751625101133406], [-77.544936123674, 38.75162534743766], [-77.54493439823749, 38.7516255847338], [-77.54493266715687, 38.75162581387576], [-77.54493093735823, 38.75162603311815], [-77.54492920769125, 38.75162624245164], [-77.54492746891705, 38.75162644450365], [-77.54492573488794, 38.7516266357834], [-77.54492399752742, 38.75162681802691], [-77.54492225912426, 38.75162699215377], [-77.54492051625124, 38.75162715633416], [-77.54491877466025, 38.75162731061506], [-77.54491703661607, 38.75162745771756], [-77.54491529065102, 38.751627594845516], [-77.54491354363132, 38.751627724757604], [-77.54491179330417, 38.75162784383186], [-77.54491004771006, 38.75162795303467], [-77.54490830109728, 38.75162805231917], [-77.54490655112917, 38.75162814436903], [-77.5449048012448, 38.75162823011321], [-77.5449030515519, 38.75162830144447], [-77.54490129734133, 38.7516283664325], [-77.54489954787589, 38.75162842064831], [-77.54489779390468, 38.75162846762011], [-77.54489604350428, 38.75162850561193], [-77.54489428980835, 38.751628531865066], [-77.5448925361962, 38.751628551812544], [-77.54489078281146, 38.75162855464454], [-77.54488902937887, 38.75162856107981], [-77.5448872807751, 38.7516285504372], [-77.5448855230642, 38.75162853251306], [-77.54488377008639, 38.75162850471754], [-77.5448820172044, 38.751628469715456], [-77.54488026445402, 38.75162842480447], [-77.54487851184724, 38.751628369083754], [-77.54487676392573, 38.7516283070948], [-77.5448750115464, 38.75162823425866], [-77.5448732592987, 38.75162815151361], [-77.54487151174827, 38.75162806159949], [-77.54486976437735, 38.75162795817326], [-77.54486801705428, 38.75162785114375], [-77.54486626876042, 38.751627730592666], [-77.54486452171273, 38.75162760284451], [-77.54486277935021, 38.75162746882814], [-77.54486103602885, 38.751627320389396], [-77.5448592939417, 38.75162716565438], [-77.54485755195024, 38.75162700371283], [-77.54485581358949, 38.75162682828727], [-77.54485407531249, 38.751626646556005], [-77.54485233829361, 38.75162645672677], [-77.54485060489336, 38.75162625431434], [-77.54484887158893, 38.751626044695406], [-77.54484714298171, 38.75162582790744], [-77.54484541105508, 38.75162560118243], [-77.54484368617423, 38.75162536370396], [-77.5448419590765, 38.75162511990104], [-77.54484023907244, 38.75162486174135], [-77.54483851565324, 38.75162460085111], [-77.54483679702705, 38.75162432558539], [-77.54483508175618, 38.75162405755427], [-77.54483335838488, 38.751623793060695], [-77.54483163491786, 38.75162353577361], [-77.54482991128324, 38.75162329109783], [-77.54482818754094, 38.75162305452928], [-77.544826454476, 38.75162282689383], [-77.54482472585694, 38.75162261100633], [-77.54482299255268, 38.75162240138702], [-77.54482125571349, 38.75162219804518], [-77.54481952213392, 38.751622009144455], [-77.54481778386909, 38.75162182651183], [-77.54481604661102, 38.751621654698276], [-77.54481430351736, 38.75162148914346], [-77.54481256143042, 38.751621334407766], [-77.5448108192118, 38.751621189580895], [-77.54480907114564, 38.751621051913624], [-77.54480732869963, 38.751620924202065], [-77.5448055815564, 38.7516208036595], [-77.54480383768471, 38.75162069665715], [-77.54480208566478, 38.75162059679567], [-77.54480033356099, 38.75162050323976], [-77.54479858586716, 38.7516204241343], [-77.54479683348809, 38.75162035129697], [-77.54479508101326, 38.751620285666114], [-77.54479333300827, 38.75162022998161], [-77.54479158025813, 38.751620185069264], [-77.54478982737633, 38.75162015006582], [-77.5447880743509, 38.75162012587211], [-77.54478632128955, 38.75162010438071], [-77.54478456343523, 38.75162009726481], [-77.54478281470003, 38.75162009652949], [-77.54478106121972, 38.75162010656638], [-77.54477930765565, 38.75162012290893], [-77.544777553912, 38.75162015276354], [-77.54477580466212, 38.75162019076294], [-77.54477405073892, 38.75162023412967], [-77.5447722966601, 38.751620289206855], [-77.54477054706304, 38.75162035332964], [-77.54476880077348, 38.75162042829023], [-77.54476704633556, 38.75162051039163], [-77.5447652963674, 38.7516206024394], [-77.54476355085706, 38.75162070533433], [-77.54476179951112, 38.75162081448808], [-77.54476005378532, 38.751620933597565], [-77.54475830795175, 38.75162106081429], [-77.54475656544965, 38.751621197067216], [-77.5447548193527, 38.751621344101636], [-77.5447530765633, 38.75162150197398], [-77.54475133829146, 38.75162166618934], [-77.54474960107426, 38.751621837620576], [-77.54474786252715, 38.75162202255453], [-77.54474612389623, 38.751622213794136], [-77.54474438507373, 38.75162241944669], [-77.5447426600556, 38.75162262521167], [-77.54474092565503, 38.75162284441375], [-77.54473920036158, 38.751623070897296], [-77.54473747033497, 38.751623307252245], [-77.54473574822926, 38.75162355358165], [-77.54473402252883, 38.75162381069266], [-77.54473230018365, 38.75162407503819], [-77.54473058695758, 38.75162434576435], [-77.54472887008893, 38.751624630875355], [-77.54472715663536, 38.751624918716864], [-77.54472544760377, 38.75162522010796], [-77.544723737314, 38.75162552959696], [-77.54472203265638, 38.75162584814088], [-77.54472032790297, 38.75162617389123], [-77.54471862645697, 38.751626510479454], [-77.54471693067899, 38.75162685342013], [-77.54471523820848, 38.75162720719864], [-77.5447135456541, 38.75162756728279], [-77.54471185755753, 38.751627938214085], [-77.54471017393075, 38.75162831909181], [-77.54470849020812, 38.751628707175925], [-77.54470681440642, 38.751629105234564], [-77.54470513850893, 38.751629510499676], [-77.54470346823155, 38.75162992572046], [-77.54470180130946, 38.751630348175865], [-77.54470013425568, 38.75163078054016], [-77.54469847511079, 38.751631223779775], [-77.54469681698457, 38.751631676937585], [-77.54469516691087, 38.751632130161006], [-77.54469351669353, 38.75163259419411], [-77.54469187089803, 38.75163307177688], [-77.54469022962019, 38.75163355570273], [-77.54468859284799, 38.751634046872546], [-77.54468696398469, 38.751634548917686], [-77.54468533498967, 38.75163506087167], [-77.54468371171059, 38.75163557557497], [-77.54468209054069, 38.75163610470993], [-77.54468047507466, 38.7516366374949], [-77.54467886867984, 38.75163718026383], [-77.544677260991, 38.75163773383309], [-77.54467566242121, 38.7516382937829], [-77.54467406375569, 38.75163886093925], [-77.544672472999, 38.75163943897084], [-77.54467088791036, 38.751640023354966], [-77.54466930614109, 38.75164061767612], [-77.54466772887746, 38.75164121924118], [-77.54466616073292, 38.7516418271869], [-77.54466460048533, 38.75164244690873], [-77.54466303211333, 38.751643071969816], [-77.5446614797027, 38.7516437079718], [-77.54465992834668, 38.75164435118958], [-77.5446583861098, 38.75164500078805], [-77.54465684722814, 38.75164565762108], [-77.54465531280427, 38.75164632530129], [-77.5446537874995, 38.751646999362144], [-77.5446522666645, 38.751647683369356], [-77.54465074923267, 38.751648371007946], [-77.54464924086011, 38.75164906953121], [-77.54464773695722, 38.75164977800086], [-77.54464624105906, 38.75165049013932], [-77.5446447496306, 38.751651212224196], [-77.54464326270781, 38.75165194155301], [-77.54464178489211, 38.751652678163275], [-77.5446403103958, 38.751653424710504], [-77.54463884960809, 38.75165417857675], [-77.54463694739425, 38.751655164883175], [-77.54457977366484, 38.75168529553251], [-77.5443195606768, 38.75182233400097], [-77.54423060754546, 38.751869179392436], [-77.5441917396001, 38.751889659934], [-77.54364879781672, 38.75217575819687], [-77.54362659869955, 38.75218745014949], [-77.54351664559475, 38.75224537330684], [-77.54348115468072, 38.7522640703447], [-77.54326151772146, 38.75237977884294], [-77.5432204594711, 38.75240140876471], [-77.5432012343614, 38.75241153751166], [-77.54309867029383, 38.752465568307734], [-77.54309530214776, 38.75246734352983], [-77.54271780586191, 38.752666209785716], [-77.54260126963241, 38.75272755763676], [-77.54259376602793, 38.75273144413068], [-77.54258670301019, 38.75273516214903], [-77.54257919941614, 38.752739047741166], [-77.54257213639688, 38.752742765758654], [-77.54255713376409, 38.75275019463322], [-77.5425496301549, 38.75275408112427], [-77.54254786550023, 38.75275492797905], [-77.54254609864982, 38.75275593968177], [-77.54254433403108, 38.752756783834066], [-77.54254080478759, 38.75275881808667], [-77.54253947163164, 38.75275983333133], [-77.54253770473304, 38.75276084863715], [-77.54253593555465, 38.75276203509663], [-77.54253460695206, 38.75276305398206], [-77.54253106858306, 38.75276542780164], [-77.54252973768867, 38.75276661874148], [-77.54252663756748, 38.75276899974386], [-77.54252397123678, 38.75277137708178], [-77.54252220436771, 38.75277273563309], [-77.54252087348497, 38.752773925672024], [-77.54251820713597, 38.75277664985874], [-77.5425168762411, 38.75277784079844], [-77.5425159814107, 38.75277920286819], [-77.54251464818799, 38.752780568564724], [-77.54251331273349, 38.752782101811675], [-77.54251241785498, 38.7527834674847], [-77.54251108468011, 38.752784829577955], [-77.54251018750976, 38.75278636730541], [-77.54250885433486, 38.75278772939865], [-77.5425079571764, 38.752789266225264], [-77.54250705769613, 38.752790631860655], [-77.54250572687883, 38.75279216244265], [-77.54250213817227, 38.75279831515381], [-77.54250167930991, 38.752799855560156], [-77.54249988498034, 38.752802930114065], [-77.5424994238261, 38.752804642574844], [-77.54249852665521, 38.752806180302194], [-77.5424980677927, 38.75280772070851], [-77.54249760663842, 38.75280943316926], [-77.54249670946741, 38.752810970896604], [-77.54249624831304, 38.75281268335736], [-77.54249578940248, 38.75281422736687], [-77.5424948671416, 38.75281764868513], [-77.5424948465634, 38.75281919357202], [-77.54249392425447, 38.752822618493575], [-77.54249390368827, 38.75282416247965], [-77.54249344713527, 38.752825874977965], [-77.54249340369904, 38.75282913590539], [-77.54249293794291, 38.75283084832854], [-77.54249284875456, 38.75283754403943], [-77.5424932688427, 38.75283926009411], [-77.54249322307864, 38.75284269577845], [-77.54249363624349, 38.7528442406043], [-77.54249361338547, 38.752845956644826], [-77.54249402882408, 38.75284767626514], [-77.54249444655451, 38.75284922383103], [-77.54249486199322, 38.752850943451335], [-77.54249483913522, 38.75285265949184], [-77.5424952568537, 38.75285420795851], [-77.54249611058908, 38.752855931158614], [-77.5424965283196, 38.752857478724465], [-77.54249694375841, 38.75285919834476], [-77.54249736147698, 38.75286074681142], [-77.54249821750427, 38.752862297957044], [-77.54249863294315, 38.752864017577366], [-77.54249948435698, 38.75286556958622], [-77.54249990668916, 38.75286711718962], [-77.54250161873212, 38.752870220381624], [-77.54250247246789, 38.7528719435817], [-77.54250333077522, 38.75287332357361], [-77.54250418679081, 38.75287487562003], [-77.54250546968042, 38.752877288816016], [-77.5426779592568, 38.75315672717729], [-77.54268182167058, 38.75316293713477], [-77.54268568637642, 38.75316897503772], [-77.54268954879153, 38.75317518499495], [-77.54269384718376, 38.75318122733988], [-77.54269771420181, 38.75318743733438], [-77.54270201720902, 38.753193478815746], [-77.54270588190617, 38.75319951761881], [-77.5427144879122, 38.75321160148152], [-77.54271879320157, 38.75321747180863], [-77.54272739921186, 38.753229555670444], [-77.54273600979558, 38.753241296323445], [-77.54274075338755, 38.75324717022859], [-77.54274505868118, 38.753253040554675], [-77.54274980227471, 38.75325891445947], [-77.54275410756978, 38.753264784785195], [-77.54275885116483, 38.75327065868952], [-77.54276359705177, 38.75327636053928], [-77.54276834064835, 38.753282234443255], [-77.54277783241403, 38.75329363904253], [-77.54278301659146, 38.75329934537097], [-77.54279250836177, 38.753310749969025], [-77.54279769255359, 38.753316455395996], [-77.54280287906126, 38.753321986966654], [-77.54280762495515, 38.75332768881455], [-77.54283355732952, 38.75335536017547], [-77.54283918438557, 38.75336072687177], [-77.54284437086368, 38.753366261143], [-77.54284955963351, 38.75337162335951], [-77.54286081376341, 38.753382355849546], [-77.54286600252371, 38.753387718966145], [-77.54287163187563, 38.75339291360642], [-77.54287725894945, 38.75339827940008], [-77.54288288830304, 38.75340347403985], [-77.54288851541449, 38.75340883713051], [-77.54289414472173, 38.75341403537296], [-77.5429002123779, 38.753419233590115], [-77.54290584402563, 38.7534242561743], [-77.5429114733833, 38.75342945081263], [-77.54291754104202, 38.75343464902896], [-77.54292361098048, 38.75343967609127], [-77.54292924263136, 38.753444698674265], [-77.54294745246617, 38.75345977895764], [-77.54295352469951, 38.753464633963944], [-77.54295959465493, 38.75346966012355], [-77.54297174372732, 38.75347937017215], [-77.54297824506135, 38.75348422868002], [-77.5429843241791, 38.75348891256861], [-77.54299083471798, 38.75349377115093], [-77.54299690923574, 38.75349845500131], [-77.54300341977635, 38.75350331358291], [-77.54300993260846, 38.753508000109676], [-77.54301600941923, 38.753512511904596], [-77.54302903507559, 38.75352188585718], [-77.54304206530432, 38.75353091660025], [-77.54304901872081, 38.753535435548926], [-77.54306204895455, 38.753544466289696], [-77.54306900465203, 38.75354881408357], [-77.54307551977094, 38.753553329453005], [-77.54308247548212, 38.75355767634526], [-77.54308899288107, 38.75356202056034], [-77.5430959508723, 38.75356619629816], [-77.54310290658596, 38.753570543189156], [-77.54310986457878, 38.75357471892613], [-77.54311682028212, 38.75357906671712], [-77.54313073627188, 38.75358741818898], [-77.54313769655822, 38.75359142186982], [-77.5431446545551, 38.75359559760467], [-77.54315857511978, 38.75360360586512], [-77.5431659736986, 38.7536076140224], [-77.54317293398886, 38.75361161770114], [-77.5431803348595, 38.753615453803086], [-77.54318729513939, 38.75361945838178], [-77.54320949775835, 38.753630966683396], [-77.54321646262153, 38.753634627151456], [-77.5432238634968, 38.75363846325064], [-77.543246074124, 38.75364945719295], [-77.54325391787204, 38.75365295365912], [-77.54326132104124, 38.75365661770141], [-77.54327613193777, 38.75366360347742], [-77.54328397108726, 38.753667099903986], [-77.54329138346483, 38.75367041807147], [-77.54329922716941, 38.7536739181378], [-77.54330663491088, 38.75367723896918], [-77.54331448094275, 38.753680564277644], [-77.54332668487697, 38.75368581254643], [-77.54368019116302, 38.75383577420597], [-77.54424336496061, 38.75407463578654], [-77.54425077506262, 38.75407778540432], [-77.5442664673139, 38.75408443499293], [-77.54427387285476, 38.754087927817366], [-77.54428171898819, 38.75409125215996], [-77.54429653007344, 38.754098237806396], [-77.54430437392155, 38.75410173420193], [-77.54431918501123, 38.75410871984548]]]}, "properties": {"OBJECTID": 135, "ZoningDistrict": "M/T M-2", "CaseNumber": "REZ1985-0048", "CaseName": "DWOSKIN", "EnergovID": "590d32cd-30f2-4381-a845-2669247e45e0", "RemainingGFA": 198500, "ChangeTrigger": 0, "GISAcreage": 31.83898211, "MagistDist": "Brentsville", "GlobalID": "{A3E2C42F-31E7-4400-91F2-F46F1295984A}", "CreateUser": "RFH7157A", "CreateDate": 1784214836000, "LastEditUser": "RFH7157A", "LastEditDate": 1784557147000, "ProjectStatus": "Planned", "CampusName": "Manassas Tech Park II South", "PlannedGFA": 198500, "DCOOD": "Yes", "Shape.STArea()": 1386906.0609187472, "Shape.STLength()": 5361.039773355641}}, {"type": "Feature", "id": 137, "geometry": {"type": "Polygon", "coordinates": [[[-77.55010146422946, 38.798935881603214], [-77.55029241319062, 38.79858671030475], [-77.55072608888284, 38.79855825481299], [-77.5511794352507, 38.798529640607754], [-77.55139920880794, 38.798659149812536], [-77.55142535736157, 38.79891239520362], [-77.55266244544818, 38.79884133277451], [-77.55317520808944, 38.79881187444284], [-77.5540895161914, 38.798740275113374], [-77.55409111691361, 38.7987401501834], [-77.55415336087661, 38.79873256741724], [-77.55435693937697, 38.79870776554608], [-77.55493809872556, 38.79863728890132], [-77.55494845200788, 38.79863570114562], [-77.55522557953644, 38.79859319846377], [-77.55540538159846, 38.798580846466855], [-77.55558126602483, 38.79857768152722], [-77.55610543385127, 38.7985443076558], [-77.55662311273525, 38.79850646577292], [-77.5566292694084, 38.79850586393544], [-77.55653452110207, 38.79796222186213], [-77.5563416939106, 38.7968558177571], [-77.55624523920713, 38.79630236513442], [-77.55607225042607, 38.79530974803336], [-77.55607204522845, 38.79530976980551], [-77.55486738185242, 38.7954377881984], [-77.55486161784698, 38.79543840031274], [-77.55486073595225, 38.79543849410764], [-77.55464566322243, 38.79420423191988], [-77.55464561723602, 38.79420396488367], [-77.55356578898126, 38.79440582687344], [-77.55325330196057, 38.794464240108354], [-77.55311799643334, 38.7944873749147], [-77.55311780840805, 38.794487404027436], [-77.55298126653885, 38.794506426010045], [-77.55284410658572, 38.79452124376072], [-77.55284388068233, 38.794521264459135], [-77.55270586165919, 38.794531909362384], [-77.55269694104474, 38.794532444527256], [-77.55269431312753, 38.79453260258353], [-77.55255612195619, 38.79453866485734], [-77.55255592387986, 38.79453867046464], [-77.55241733694676, 38.79454052308844], [-77.55227876320924, 38.794538145941615], [-77.55227853767401, 38.79453813871408], [-77.55214041315642, 38.794531554238354], [-77.55200249637561, 38.794520744267615], [-77.55200226757749, 38.79452072259884], [-77.55186522199021, 38.79450574745066], [-77.55171037538611, 38.7944836543898], [-77.55170771603771, 38.794483228388245], [-77.55168483283597, 38.79449675595594], [-77.5517577708434, 38.79504564529761], [-77.55176926269189, 38.79515208282424], [-77.55176927459037, 38.795152227964955], [-77.55177550553947, 38.79525892746462], [-77.55177551159944, 38.79525907886436], [-77.55177647128991, 38.79536603845259], [-77.55177215321905, 38.7954727896105], [-77.55177214306896, 38.7954729480864], [-77.55176255966104, 38.79557950713015], [-77.5517625440053, 38.795579646642686], [-77.55174768540049, 38.79568597385206], [-77.55169169248809, 38.7960257405511], [-77.55168109961136, 38.79609756543252], [-77.55166465602936, 38.79616871328593], [-77.55164242662086, 38.79623889004029], [-77.55161450378483, 38.796307809954136], [-77.55158100175635, 38.7963751901646], [-77.55154205769875, 38.79644075520064], [-77.55149783173943, 38.796504234280874], [-77.5514485045728, 38.796565368501255], [-77.55139427865939, 38.79662390724163], [-77.5513353770506, 38.7966796099578], [-77.55127203991235, 38.79673224795559], [-77.55120452910532, 38.79678160622975], [-77.55116453965692, 38.796808958340286], [-77.55116949232735, 38.79681339207508], [-77.5512883394177, 38.79691979520207], [-77.55119578478356, 38.797105052148304], [-77.55119443673674, 38.797107752044205], [-77.55089160364602, 38.79700358648445], [-77.55088373858854, 38.7970008814191], [-77.55058450458955, 38.79720555278925], [-77.55057130510457, 38.79721458195691], [-77.5505368489883, 38.79738191768294], [-77.55047867538575, 38.79764164930925], [-77.55040246216709, 38.797946188724765], [-77.55033366148528, 38.79825252861577], [-77.55026557121775, 38.79847957455807], [-77.55010146422946, 38.798935881603214]]]}, "properties": {"OBJECTID": 137, "ZoningDistrict": "M-1", "CaseNumber": "REZ1981-0015", "CaseName": "LIBBY, LEONA & HOWARD", "EnergovID": "ba7d803c-ad67-4a97-9720-3ef3910c912b", "RemainingGFA": 2144339, "ChangeTrigger": 0, "GISAcreage": 49.32222173, "MagistDist": "Gainesville", "GlobalID": "{BC2B4791-F2A9-4E88-8FFA-F2235FC8CD50}", "CreateUser": "RFH7157A", "CreateDate": 1785434259000, "LastEditUser": "RFH7157A", "LastEditDate": 1785434743000, "ProjectStatus": "Planned", "CampusName": "Merritt I-66 Business Park", "PlannedGFA": 2144339, "DCOOD": "Yes", "Shape.STArea()": 2148607.625805774, "Shape.STLength()": 6766.047896360682}}]}